Date,Close,High,Low,Open,Volume,ticker
2024-08-07,208.01806640625,211.80525225793107,204.61751548926864,205.12313014700663,63516400,AAPL
2024-08-08,211.47808837890625,212.36044444161047,207.0365669160157,211.27980900719393,47161100,AAPL
2024-08-09,214.38291931152344,214.91827509282652,210.1495861717322,210.2784745623819,42201600,AAPL
2024-08-12,215.91146850585938,217.8767320905019,213.9958359256548,214.4623401059105,38028100,AAPL
2024-08-13,219.62364196777344,220.23902400333975,217.38044783379533,217.38044783379533,44155300,AAPL
2024-08-14,220.07029724121094,221.37054778476931,218.06532277692483,218.92885985517657,41960600,AAPL
2024-08-15,223.04795837402344,223.67327566716008,221.1025352094067,222.9288560878089,46414000,AAPL
2024-08-16,224.3680877685547,225.1422830006272,221.98593577772976,222.25393109506462,44340200,AAPL
2024-08-19,224.20924377441406,224.30850577318623,221.3804434072076,224.04051049270504,40687800,AAPL
2024-08-20,224.82464599609375,225.47973889834265,223.7725353535306,224.0901616619868,30299000,AAPL
2024-08-21,224.71548461914062,226.28373058529078,223.37553826276908,224.8346020684513,34765500,AAPL
2024-08-22,222.85939025878906,226.64103964823346,222.23407290784718,226.09512887719345,43695300,AAPL
2024-08-23,225.15219116210938,226.52192810531062,222.66087229355688,223.98097823318813,38677300,AAPL
2024-08-26,225.4896697998047,225.58893181224732,222.22415556593285,225.07279660900764,30602200,AAPL
2024-08-27,226.33335876464844,227.147264886192,223.21672230373292,224.31846403822652,35934600,AAPL
2024-08-28,224.80479431152344,228.14971479709,224.0008084384826,226.22414704916858,38052200,AAPL
2024-08-29,228.08021545410156,231.18693118978345,227.17699792003083,228.3879215868667,51906300,AAPL
2024-08-30,227.29612731933594,228.68570457235603,225.78743262658827,228.4772755570311,52990800,AAPL
2024-09-03,221.1125030517578,227.29614502733148,219.52440165721936,226.84949624301046,50190600,AAPL
2024-09-04,219.20675659179688,220.1298295937355,215.86182100754215,220.01072730838987,43840200,AAPL
2024-09-05,220.7253875732422,223.80231295165626,219.87178579311316,219.9809679444758,36615400,AAPL
2024-09-06,219.17697143554688,223.5640821152314,218.13478104858405,222.28367202274,48423000,AAPL
2024-09-09,219.26634216308594,219.6236642204836,215.09759492361837,219.17701543505086,67180000,AAPL
2024-09-10,218.47227478027344,219.83207646515766,215.1174187834135,217.29112653781655,51591000,AAPL
2024-09-11,221.0032958984375,221.43008920211523,216.26878297144034,219.81222755985956,44587100,AAPL
2024-09-12,221.1125030517578,221.88669831664953,218.18445530425632,220.84450772306226,37455600,AAPL
2024-09-13,220.84449768066406,222.37303270856336,220.25889118684435,221.9164638014437,36766600,AAPL
2024-09-16,214.71047973632812,215.60377723416104,212.32832783334672,214.92882889414335,59357400,AAPL
2024-09-17,215.17697143554688,215.28615358843467,212.904016801209,214.14471619981742,45519300,AAPL
2024-09-18,219.04795837402344,221.05293280374121,215.92138686335736,215.9313221513165,59894900,AAPL
2024-09-19,227.16708374023438,228.11002736409566,222.95864123060412,223.31596324984213,66781300,AAPL
2024-09-20,226.50205993652344,231.35567496568984,225.9263736470506,228.25889437635817,318679900,AAPL
2024-09-23,224.78494262695312,227.742765583781,224.12984974700805,225.64846451262724,54146000,AAPL
2024-09-24,225.67823791503906,227.64351653597865,224.05044101841318,226.94871280288095,43556100,AAPL
2024-09-25,224.68569946289062,225.59885242729763,222.3531936181764,223.2564112941643,42308700,AAPL
2024-09-26,225.8271484375,226.79985253593196,223.73284722402752,225.608784129346,36636700,AAPL
2024-09-27,226.09512329101562,227.81226214161182,225.6087788258606,226.7601514881057,34026000,AAPL
2024-09-30,231.26634216308594,231.26634216308594,227.94126208675945,228.32835965023514,54541900,AAPL
2024-10-01,224.52688598632812,227.9412778656533,222.07526286618742,227.81225543239978,63285000,AAPL
2024-10-02,225.0926513671875,225.67825786117984,221.36063294746157,224.2092739820147,32880600,AAPL
2024-10-03,223.99090576171875,225.12242301224842,221.65839996957536,223.4648504260935,34044200,AAPL
2024-10-04,225.1124725341797,226.3035407723517,222.46234078203926,226.20427877531475,37245100,AAPL
2024-10-07,220.04051208496094,224.01074997862722,219.68319006872073,222.8296017820206,39505400,AAPL
2024-10-08,224.0901641845703,224.298593199742,221.58890998571715,222.63110049734397,31855700,AAPL
2024-10-09,227.83209228515625,228.0405364361267,223.15714569962594,223.55416342639623,33591100,AAPL
2024-10-10,227.3358154296875,227.7923994519787,225.47973405841245,226.0851959438118,28183500,AAPL
2024-10-11,225.85690307617188,227.7030642360917,225.64845893034402,227.59388209213523,31759200,AAPL
2024-10-14,229.57901000976562,230.0058033150611,226.89910245149323,226.99834931201846,39882100,AAPL
2024-10-15,232.1100311279297,235.72294688412148,230.64103225198252,231.87181141001133,64751400,AAPL
2024-10-16,230.05543518066406,230.3929017691756,228.12986736523644,229.87678174389526,34082200,AAPL
2024-10-17,230.42266845703125,232.1100316250369,228.80480686495974,231.69314333147315,32993800,AAPL
2024-10-18,233.25146484375,234.42267769537074,232.2688255608399,234.42267769537074,46431500,AAPL
2024-10-21,234.720458984375,235.08771628667242,232.7055644739604,232.7055644739604,36254500,AAPL
2024-10-22,234.10508728027344,234.4624093106695,230.86934872103873,232.14974382855843,38846600,AAPL
2024-10-23,229.04302978515625,233.39044533687328,226.0653512199268,232.33833466706656,52287000,AAPL
2024-10-24,228.85443115234375,229.10257100562325,226.71049918514768,228.26880958821053,31109500,AAPL
2024-10-25,229.6881866455078,231.48471683213373,227.86188088691335,228.03061417648678,38802300,AAPL
2024-10-28,231.6633758544922,232.98348177622344,230.81970938626554,231.5839844241638,36087100,AAPL
2024-10-29,231.93136596679688,232.5864588417728,230.59141979007921,231.36561495313973,35417200,AAPL
2024-10-30,228.387939453125,231.7328600109945,227.8420287171323,230.87925826342104,47070900,AAPL
2024-10-31,224.2291259765625,228.11995749798112,223.69313535160188,227.63359787833264,64370100,AAPL
2024-11-01,221.25143432617188,223.67328184782377,218.6310779402587,219.32586653780092,65276700,AAPL
2024-11-04,220.35812377929688,221.13231895883285,218.0752491010658,219.34572401852256,44944500,AAPL
2024-11-05,221.7873992919922,222.28367900181775,219.49458945583885,220.14968230766976,28111300,AAPL
2024-11-06,221.06285095214844,224.387931303672,219.54423614319148,220.95366880237512,54561100,AAPL
2024-11-07,225.7874298095703,226.18446269494834,222.89909318788202,222.95864433437472,42137700,AAPL
2024-11-08,225.51914978027344,227.20835428792034,224.9726384261151,225.72780810336752,38328800,AAPL
2024-11-11,222.8064727783203,224.26714170400084,220.0938084143074,223.57158868270503,42005600,AAPL
2024-11-12,222.8064727783203,224.15783943194586,221.9420008205612,223.12444853772337,40398300,AAPL
2024-11-13,223.69082641601562,225.2111120360391,221.34580821096,222.58787261698694,48566200,AAPL
2024-11-14,226.7711639404297,227.41703140021204,223.57160465201176,223.59148192887395,44923900,AAPL
2024-11-15,223.5715789794922,225.4793879673537,222.84621765747355,224.96268496170848,47923700,AAPL
2024-11-18,226.57240295410156,228.28148462394066,223.7404903183321,223.81998425203597,44633700,AAPL
2024-11-19,226.83074951171875,228.69881907074455,225.22103903072198,225.53899960732684,36211800,AAPL
2024-11-20,227.5461883544922,228.47027695087482,224.45593165289552,226.61215353970658,35169600,AAPL
2024-11-21,227.06924438476562,228.69883223369175,224.2770861035494,227.42695953023323,42108300,AAPL
2024-11-22,228.41064453125,229.25525429365297,226.6121379068964,226.6121379068964,38168300,AAPL
2024-11-25,231.39161682128906,231.7692092379923,228.28149797848934,229.99057974831032,90152800,AAPL
2024-11-26,233.56771850585938,234.07449047305911,231.84870566104107,231.84870566104107,45986200,AAPL
2024-11-27,233.43853759765625,234.1937224347506,232.32565277909848,232.9814664022851,33498400,AAPL
2024-11-29,235.8233184814453,236.3002669685808,232.48464874765904,233.31931239062584,28481400,AAPL
2024-12-02,238.0689697265625,239.26134854667043,235.65440375298792,235.76370602927642,48137100,AAPL
2024-12-03,241.10951232910156,241.2188145923816,237.38331948353385,238.28754591958514,38861000,AAPL
2024-12-04,241.46725463867188,242.56027739454964,239.7184333911867,241.32814402991647,44383900,AAPL
2024-12-05,241.49705505371094,242.98753231090083,240.59284370740727,242.4410361127995,40033900,AAPL
2024-12-06,241.29833984375,243.0769846168902,240.5431701206591,241.36790273028285,36870600,AAPL
2024-12-09,245.1835174560547,245.67041216886827,240.21525975684386,240.29475369946152,44649200,AAPL
2024-12-10,246.197021484375,246.63423054379348,243.78244060146582,245.32260336553807,36914800,AAPL
2024-12-11,244.92515563964844,249.2077910379196,244.69660488558225,246.38582450957213,45205800,AAPL
2024-12-12,246.38583374023438,247.1608807008323,244.12029436088807,245.32261935264157,32777500,AAPL
2024-12-13,246.5547637939453,247.7073880681415,244.676762972136,246.24673423955153,33155300,AAPL
2024-12-16,249.44625854492188,249.78411156803347,246.07778066556844,246.41563368868003,51694800,AAPL
2024-12-17,251.8707733154297,252.21855739876366,248.19426586582333,248.49236434269267,51356400,AAPL
2024-12-18,246.47525024414062,252.66569465886903,246.16722071424974,250.559158393614,56774100,AAPL
2024-12-19,248.20420837402344,250.4001849209636,245.52135228225407,245.92875304737495,60882300,AAPL
2024-12-20,252.87437438964844,253.38113119374523,244.13023820234332,246.46531011815415,147495300,AAPL
2024-12-23,253.64942932128906,254.02700659111463,251.84097626600598,253.15260355822258,40858800,AAPL
2024-12-24,256.5608215332031,256.5707374276886,253.66927695641888,253.868019379837,23234700,AAPL
2024-12-26,257.3756103515625,258.44877099351584,255.99445048269988,256.5508929178466,27237100,AAPL
2024-12-27,253.96739196777344,257.05766400729357,251.45345479939442,256.19316170058187,42355300,AAPL
2024-12-30,250.59890747070312,251.890657464443,249.15811581542044,250.6287158030117,35557500,AAPL
2024-12-31,248.83023071289062,251.67207488235135,247.84651017510492,250.83741118103507,39480700,AAPL
2025-01-02,242.30191040039062,247.51858047528103,240.28479918438643,247.34964638751123,55740700,AAPL
2025-01-03,241.8150177001953,242.6298040057451,240.3543488544026,241.8150177001953,40244100,AAPL
2025-01-06,243.44461059570312,245.75982034447205,241.65603491404494,242.75898865424097,45045600,AAPL
2025-01-07,240.67234802246094,243.9911405526811,239.81780708502322,241.4374487975533,40856000,AAPL
2025-01-08,241.15921020507812,242.16280789951685,238.52603985831155,240.3841632667122,37628900,AAPL
2025-01-10,235.3463592529297,238.63534322792128,231.52079498772144,238.48628640867517,61710900,AAPL
2025-01-13,232.9119110107422,233.18020116738663,228.26162915914,232.04743903723335,49630700,AAPL
2025-01-14,231.7990264892578,234.62099318079112,230.99417118008773,233.25969544364762,39435300,AAPL
2025-01-15,236.35987854003906,237.4429702030776,232.94171493841435,233.1503884256181,39832000,AAPL
2025-01-16,226.81088256835938,236.49898454969573,226.58234697208553,235.84318609247865,71759100,AAPL
2025-01-17,228.51995849609375,230.81529094249188,227.0294813062853,230.64637201374376,68488300,AAPL
2025-01-21,221.2265625,222.99526090225285,217.98726416864307,222.57792910461188,98070400,AAPL
2025-01-22,222.40902709960938,222.6971793763667,218.39466636780546,218.39466636780546,64126500,AAPL
2025-01-23,222.24009704589844,225.58869773276695,220.88873040600683,223.3132424800993,60234800,AAPL
2025-01-24,221.3656768798828,224.19758968028435,220.00437919561992,223.35297985225768,54697900,AAPL
2025-01-27,228.40074157714844,230.67619691244207,222.55806572164707,222.59782027357136,94863400,AAPL
2025-01-28,236.7473907470703,238.66514594376807,229.3446904229109,229.38444497187513,75707600,AAPL
2025-01-29,237.84042358398438,238.33724933385383,232.52438199561368,232.6336842670617,45486100,AAPL
2025-01-30,236.0816650390625,239.26134692510684,235.7040877651042,237.1548105184623,55658300,AAPL
2025-01-31,234.5017547607422,245.62071750771995,231.95800933839706,245.62071750771995,100959800,AAPL
2025-02-03,226.56246948242188,230.35822543026035,224.2671369795404,228.52991033796462,73063300,AAPL
2025-02-04,231.32208251953125,231.64998934854387,225.21111642561868,225.80731341689966,45067300,AAPL
2025-02-05,230.99417114257812,231.19289841511937,226.82083777153602,227.0791817096477,39620300,AAPL
2025-02-06,231.73941040039062,232.31573010563136,228.96711414866223,229.8216550685821,29925300,AAPL
2025-02-07,226.1848907470703,232.51444580894437,225.81722939017394,231.1233398047693,39707200,AAPL
2025-02-10,226.45346069335938,229.378010419489,226.00582893863492,228.36338248973718,33115600,AAPL
2025-02-11,231.3973388671875,233.99362125199642,226.93094812871882,227.000572314181,53718400,AAPL
2025-02-12,235.62501525878906,235.71455375787428,229.4675472393098,229.98481838871234,45243300,AAPL
2025-02-13,240.26052856445312,241.06626881430705,234.33186254170715,235.66481592241834,53614100,AAPL
2025-02-14,243.31439208984375,244.25939586817944,239.72336558929686,239.981993568851,40896200,AAPL
2025-02-18,243.18507385253906,243.8913336127375,240.56889220053384,242.86674847770814,48822500,AAPL
2025-02-19,243.5829620361328,244.716969605811,241.88195827091008,243.37407429304395,32204200,AAPL
2025-02-20,244.53790283203125,245.4829065325138,243.00598867544505,243.6525813389452,32316900,AAPL
2025-02-21,244.25938415527344,247.38287960480025,243.93111682470231,244.6572756706751,53197400,AAPL
2025-02-24,245.80125427246094,247.55199828948733,243.1353323966777,243.64264638435856,51326400,AAPL
2025-02-25,245.74156188964844,248.68601093773057,243.62276739789988,246.69652285022872,48013300,AAPL
2025-02-26,239.09666442871094,243.6923767743236,237.87313357927937,243.04579925662603,44433600,AAPL
2025-02-27,236.05276489257812,241.18564780716906,235.81402085750776,238.1516754344793,41153600,AAPL
2025-02-28,240.56887817382812,240.8175641664438,228.9900589647863,235.70458076540925,56833400,AAPL
2025-03-03,236.77890014648438,242.7473638198223,234.8689935924468,240.51913191748446,47184000,AAPL
2025-03-04,234.68994140625,238.80819608105105,233.44651142335266,236.46059966619734,53798100,AAPL
2025-03-05,234.50096130371094,235.30670153327668,228.0251680036218,234.18263593082168,47227600,AAPL
2025-03-06,234.09312438964844,236.60982567864426,231.93453157387603,233.207802772317,45170400,AAPL
2025-03-07,237.81346130371094,240.10136041796665,233.5261018066448,233.87426828677374,46273600,AAPL
2025-03-10,226.2843780517578,234.9187645202326,223.04151782981955,234.30201287196223,72071200,AAPL
2025-03-11,219.6792755126953,224.65299583409444,216.3070937419303,222.63366659789358,76137400,AAPL
2025-03-12,215.8395538330078,220.58448707211764,213.7804415985268,218.98294858814833,62547500,AAPL
2025-03-13,208.57791137695312,215.70028194858565,207.3245394208188,214.81496040955514,61368300,AAPL
2025-03-14,212.36790466308594,212.8254784087618,208.4784519318959,210.13967261110687,60107600,AAPL
2025-03-17,212.87522888183594,214.08881784956162,208.86641153353526,212.18885305172668,48073400,AAPL
2025-03-18,211.57211303710938,214.019174884069,210.3784232206469,213.0343879953175,42432400,AAPL
2025-03-19,214.10870361328125,217.6101915579757,212.6265295918345,213.0940604852241,54385400,AAPL
2025-03-20,212.97470092773438,216.3468825511506,211.10457731145533,212.86527847830126,48862900,AAPL
2025-03-21,217.12277221679688,217.68976839110027,210.16950634984832,210.4480334492585,94127800,AAPL
2025-03-24,219.56985473632812,220.31591279023903,217.43116105321957,219.83843988574125,44299500,AAPL
2025-03-25,222.573974609375,222.92214108802088,218.92326587520165,219.6096416779903,34493600,AAPL
2025-03-26,220.3656463623047,223.83730853242594,219.3112201065871,222.33523531503357,34466100,AAPL
2025-03-27,222.67344665527344,223.80745418869535,219.40073045135125,220.22636977863218,37094800,AAPL
2025-03-28,216.7547149658203,222.6336557419088,216.5358700680628,220.504904155295,39818600,AAPL
2025-03-31,220.96249389648438,224.43414081005062,215.09349507460487,215.86939419548492,65299300,AAPL
2025-04-01,222.0169219970703,222.50433685640354,217.749461617725,218.65468232589998,36412700,AAPL
2025-04-02,222.7132568359375,224.006427206847,219.85834611462542,220.15677238154151,35905900,AAPL
2025-04-03,202.12203979492188,206.39944211542388,200.19223396809613,204.4596791341039,103419000,AAPL
2025-04-04,187.389892578125,198.82944937179326,186.35535024633944,192.87092693410324,125910900,AAPL
2025-04-07,180.5062713623047,193.12956126210946,173.70221017135344,176.26865177501736,160466300,AAPL
2025-04-08,171.5137481689453,189.33955773730443,168.32062862424334,185.71869040589692,120859500,AAPL
2025-04-09,197.80487060546875,199.55561475938035,170.98656295712524,171.0462451746259,184395900,AAPL
2025-04-10,189.41915893554688,193.7562435722064,182.0381599544528,188.0762635840202,121880000,AAPL
2025-04-11,197.10853576660156,198.49122944739574,185.0820833366806,185.12188160037283,87435900,AAPL
2025-04-14,201.45555114746094,211.82078139531484,200.10269875392328,210.32866545443895,101352900,AAPL
2025-04-15,201.0775604248047,202.4403549077855,198.7498630049633,200.7990333068026,51343900,AAPL
2025-04-16,193.24891662597656,199.64511311117855,191.35889396287376,197.31741584829123,59732400,AAPL
2025-04-17,195.9446563720703,197.78493872612725,193.39811432307044,196.16350125239885,52164700,AAPL
2025-04-21,192.144775390625,192.78141101209272,188.81237656005126,192.2541978495612,46742500,AAPL
2025-04-22,198.69017028808594,200.53043756485187,194.93998119085117,195.08918671811182,52976400,AAPL
2025-04-23,203.52464294433594,206.9067667134076,201.7341005812904,204.9172785719325,52929200,AAPL
2025-04-24,207.2747802734375,207.73236914311858,201.87332821636014,203.81307577336062,47311000,AAPL
2025-04-25,208.18002319335938,208.6475540878433,205.1162098506388,205.28531450927932,38222300,AAPL
2025-04-28,209.03549194335938,210.38834431536768,206.36958545714222,208.8962283982374,38743100,AAPL
2025-04-29,210.0998992919922,211.12448445804597,207.27481462988695,207.59314001435672,36827600,AAPL
2025-04-30,211.38308715820312,212.45741243436711,205.58372816909105,208.19990958730307,52286500,AAPL
2025-05-01,212.19879150390625,213.43226431553572,207.8020097882055,207.98107159612528,57365700,AAPL
2025-05-02,204.2706756591797,205.90205512568554,201.09744003856807,205.00677646592024,101010600,AAPL
2025-05-05,197.84463500976562,203.02725796650907,197.1682163705072,202.03251395918386,69018500,AAPL
2025-05-06,197.4666290283203,199.59538061408486,195.98447015970467,197.1682179665783,51216500,AAPL
2025-05-07,195.21852111816406,198.3917570874617,192.23428894820486,198.12317194216024,68536700,AAPL
2025-05-08,196.45201110839844,198.99855348942916,193.65676753221484,196.68079799363124,50478900,AAPL
2025-05-09,197.4865264892578,199.48595647897335,196.50172445806652,197.95405738682032,36453900,AAPL
2025-05-12,209.95704650878906,210.435160708662,205.93301745006437,210.13634313336473,63775800,AAPL
2025-05-13,212.0885772705078,212.55672123163643,208.17411437678524,209.59845628513955,51909300,AAPL
2025-05-14,211.490966796875,213.09460539099953,209.7478820292828,211.5905625216416,49325800,AAPL
2025-05-15,210.61444091796875,212.11848379882832,208.71198473801002,210.11641669484823,45029500,AAPL
2025-05-16,210.42518615722656,211.73002236916358,208.9410837213976,211.52084551122164,54737900,AAPL
2025-05-19,207.9550018310547,208.65223273202483,203.45285841572866,207.0884445111699,46140500,AAPL
2025-05-20,206.04258728027344,207.64622592622177,204.2198167548668,206.84938410987283,42496600,AAPL
2025-05-21,201.2914276123047,206.22186440009241,199.91689108628387,204.3592586621154,59211800,AAPL
2025-05-22,200.56431579589844,201.94882252859867,198.91087172706415,199.91689038506837,46742400,AAPL
2025-05-23,194.49838256835938,196.91877297523902,192.6955373289648,192.9046989896,78432900,AAPL
2025-05-27,199.41885375976562,199.94675818770216,196.64982526808055,197.51639769762102,56288500,AAPL
2025-05-28,199.62803649902344,201.9289060786693,199.11008702875665,199.79736291846774,45339700,AAPL
2025-05-29,199.15988159179688,203.0046291598645,197.72556941325453,202.77554227533128,51396800,AAPL
2025-05-30,200.05633544921875,201.1619498266407,196.00241099917397,198.5821728136608,70819900,AAPL
2025-06-02,200.90298461914062,201.3312933884623,199.3292261245183,199.4885975362889,35423300,AAPL
2025-06-03,202.46676635742188,202.9647905668523,200.16589694161215,200.55435521702816,46381600,AAPL
2025-06-04,202.01856994628906,205.42505409163678,201.30141378953226,202.10821066626008,43604000,AAPL
2025-06-05,199.83718872070312,203.9409031289377,199.35907456166248,202.69584267027508,55126100,AAPL
2025-06-06,203.11419677734375,204.8871617909174,201.2515910514923,202.19783403313102,46607700,AAPL
2025-06-09,200.65394592285156,205.18596915505242,199.22960401477,203.58233063284266,72862600,AAPL
2025-06-10,201.869140625,203.54250994980842,199.77744796710627,199.8073282051838,54672600,AAPL
2025-06-11,197.99452209472656,203.69192080198684,197.62598900862739,202.6958722895077,60989900,AAPL
2025-06-12,198.412841796875,198.8909407818671,196.58011635566137,198.29332085025015,43904600,AAPL
2025-06-13,195.67372131347656,199.57822954037988,194.92668495173118,198.94075911963023,51447300,AAPL
2025-06-16,197.6359100341797,197.90484734187737,195.78325951163526,196.52034075556938,43020700,AAPL
2025-06-17,194.86691284179688,197.60604600468164,194.43861931524052,196.42074594971083,38856200,AAPL
2025-06-18,195.80320739746094,196.7893008408277,194.2991796996429,195.16573699325735,45394700,AAPL
2025-06-20,200.20574951171875,200.90298042554332,196.08210930882012,197.45666110928434,96813500,AAPL
2025-06-23,200.70376586914062,201.50060768152076,198.17380945321412,200.83325703321927,55814300,AAPL
2025-06-24,199.50851440429688,202.63610603642124,199.4089034764897,201.78945874554142,54064000,AAPL
2025-06-25,200.76353454589844,202.8651975026319,199.82724651799433,200.65396860223956,39525700,AAPL
2025-06-26,200.20574951171875,201.8392684520338,198.67184150130464,200.63404307360597,50799100,AAPL
2025-06-27,200.28543090820312,202.41697405518968,199.20969672208463,201.09222774816857,73188600,AAPL
2025-06-30,204.3592529296875,206.57048164253425,198.4726031076903,201.211736268348,91912800,AAPL
2025-07-01,206.99879455566406,209.35942450018746,205.3254252695324,205.85332972802502,78788900,AAPL
2025-07-02,211.6005401611328,212.49697770796604,207.31752868499885,208.08449026524102,67941800,AAPL
2025-07-03,212.70614624023438,213.8017903991559,210.97301649264048,211.31166931275297,34955800,AAPL
2025-07-07,209.12037658691406,215.37555986284275,207.97492690746134,211.83958469799765,50229000,AAPL
2025-07-08,209.18011474609375,210.59450162142676,207.6262817055446,209.26977065111936,42848900,AAPL
2025-07-09,210.3056640625,210.49491569520316,206.40115605631001,208.70202548866368,48749400,AAPL
2025-07-10,211.57066345214844,212.63642743345136,209.2000631819418,209.67816220166208,44443600,AAPL
2025-07-11,210.32559204101562,211.29176024279,209.03072603053,209.73792710960444,39765800,AAPL
2025-07-14,207.7956085205078,210.07656782568804,206.719874444485,209.10042946873696,38840100,AAPL
2025-07-15,208.28369140625,211.05270487364396,208.09443976951917,208.39325734338402,42296300,AAPL
2025-07-16,209.3295440673828,211.5606828488181,207.8155461810567,209.4689902412225,47490500,AAPL
2025-07-17,209.1901092529297,210.9630743588066,208.7618004967043,209.7379389650813,48068100,AAPL
2025-07-18,210.3455047607422,210.95309492429405,208.87135730762196,210.0367321724359,48974600,AAPL
2025-07-21,211.640380859375,214.92734394651046,210.79374875413163,211.26189276464606,51377400,AAPL
2025-07-22,213.55276489257812,214.10059453691545,211.39134174900357,212.29774941522606,46404100,AAPL
2025-07-23,213.3037872314453,214.29983576430007,211.5706725113145,214.15043456376964,46989300,AAPL
2025-07-24,212.91531372070312,214.83769515517375,212.68622683006964,213.05475989741393,46022600,AAPL
2025-07-25,213.03485107421875,214.38947759784276,212.5567368669443,213.85160291428238,40268800,AAPL
2025-07-28,213.2041778564453,214.00101967144602,212.2180844005514,213.18425263148458,37858000,AAPL
2025-07-29,210.43515014648438,213.96115480223384,209.9869314052821,213.33363944545516,51411700,AAPL
2025-07-30,208.2239227294922,211.55072076453234,206.89917652304968,211.06265157316113,45512500,AAPL
2025-07-31,206.74978637695312,209.01080544085684,206.3414028602417,207.66614913739534,80698400,AAPL
2025-08-01,201.58030700683594,212.7360475386617,200.7037794341265,210.03674932642843,104434500,AAPL
2025-08-04,202.54644775390625,207.05854577965718,200.88303355505576,203.70185234439666,75109300,AAPL
2025-08-05,202.11814880371094,204.52858421879685,201.36115745633876,202.59624780213056,44155100,AAPL
2025-08-06,212.4073486328125,214.5289368613384,204.77761325937152,204.81746371165528,108483100,AAPL
2025-08-07,219.16053771972656,219.97730473834642,215.7241736307253,218.01508808955717,90224800,AAPL
2025-08-08,228.4437255859375,230.08719950298993,218.38362983130105,219.95738825778145,113854000,AAPL
2025-08-11,226.53909301757812,228.91238364576833,224.12592192869855,227.27701087414155,61806100,AAPL
2025-08-12,229.00213623046875,230.14890113463383,226.42942796921326,227.36676338645532,55626200,AAPL
2025-08-13,232.6717529296875,234.33703985510917,229.77992501054072,230.4181341091737,69878500,AAPL
2025-08-14,232.12330627441406,234.4567012802976,230.19875827485632,233.39969406647393,51916300,AAPL
2025-08-15,230.93666076660156,233.61907447658757,228.69300821277216,233.3398655982593,56038700,AAPL
2025-08-18,230.23863220214844,232.46233685580373,229.46083388892833,231.04634466466607,37476200,AAPL
2025-08-19,229.90956115722656,232.2130419457167,228.70298322789472,230.62753117126795,39402600,AAPL
2025-08-20,225.3723907470703,229.81981519856654,225.13307755654054,229.33119207499826,42263900,AAPL
2025-08-21,224.26551818847656,225.88095827873425,223.14868274098328,225.63166356522294,30621200,AAPL
2025-08-22,227.11746215820312,228.44371192910324,224.77410085849388,225.53195134940427,42477800,AAPL
2025-08-25,226.5191650390625,228.65312729963858,225.59178073979155,225.84107546750252,30983100,AAPL
2025-08-26,228.6630859375,228.84258604761433,224.05612439304167,226.22996704217394,54575100,AAPL
2025-08-27,229.83978271484375,230.24861452224957,227.61606269083353,227.96508141122786,31259500,AAPL
2025-08-28,231.90391540527344,232.7515235304584,228.692998228932,230.16883391080088,38074700,AAPL
2025-08-29,231.485107421875,232.7216147258446,230.71727541448905,231.85405874294378,39418400,AAPL
2025-09-02,229.07192993164062,230.19874691737337,226.3296880547272,228.60325464814514,44075600,AAPL
2025-09-03,237.79725646972656,238.17618932549604,233.69885053091846,236.5408165177042,66427800,AAPL
2025-09-04,239.10353088378906,239.22318747047024,236.07211403385233,237.7772812570227,47549400,AAPL
2025-09-05,239.01380920410156,240.63921565449175,237.8171975861315,239.3229322237051,54870400,AAPL
2025-09-08,237.20892333984375,239.47250850410185,235.6732593017711,238.62491556233425,48999500,AAPL
2025-09-09,233.6888885498047,238.10638391026913,232.70167593051625,236.33140663047269,66313900,AAPL
2025-09-10,226.1501922607422,231.76431424305812,225.31256565050364,231.53496736029473,83440800,AAPL
2025-09-11,229.38107299804688,229.7998863317909,226.01060327291316,226.23996538709508,50208600,AAPL
2025-09-12,233.40968322753906,233.84842918261825,228.373926506362,228.57335925244223,55824200,AAPL
2025-09-15,236.03224182128906,237.5180438551372,234.36695488957946,236.33139853346725,42699500,AAPL
2025-09-16,237.4781494140625,240.53949594661788,235.65332541334,236.51088466190768,63421100,AAPL
2025-09-17,238.3157958984375,239.42266510979977,237.05934071942244,238.2958480596019,46508000,AAPL
2025-09-18,237.20892333984375,240.51954939992544,235.98238232851827,239.29302360434258,44249600,AAPL
2025-09-19,244.8074188232422,245.60516498271895,239.53234916144805,240.5494606794321,163741300,AAPL
2025-09-22,255.35755920410156,255.9160073848096,247.42002368458668,247.5995237986898,105517400,AAPL
2025-09-23,253.7122344970703,256.6140289111009,252.86464151383097,255.15815615601056,60275200,AAPL
2025-09-24,251.59820556640625,255.01853710208397,250.33178410429736,254.49999981420794,42303700,AAPL
2025-09-25,256.14532470703125,256.4444966190252,250.99989343760635,252.49566170312627,55202100,AAPL
2025-09-26,254.7393341064453,256.8732963908738,253.06406560531616,253.38317016390945,46076300,AAPL
2025-09-29,253.7122344970703,254.28063380560434,252.29624220529692,253.8418726304012,40127700,AAPL
2025-09-30,253.9116668701172,255.1980209495745,252.39595068950493,254.1410137555297,37704300,AAPL
2025-10-01,254.72933959960938,258.0599285933123,254.21080232618834,254.32049261064776,48713900,AAPL
2025-10-02,256.40460205078125,257.45162766856953,253.43299812845933,255.85613542550084,42630200,AAPL
2025-10-03,257.2920837402344,258.5086431914624,253.23357360959045,253.9515436206674,49155600,AAPL
2025-10-06,255.9658660888672,258.339156849437,254.33049322602108,257.262186546101,44664100,AAPL
2025-10-07,255.75645446777344,256.6738420114173,254.70939836699205,256.0855101139428,31955800,AAPL
2025-10-08,257.33197021484375,257.7906639625656,255.3874592951906,255.7963062732735,36496900,AAPL
2025-10-09,253.32330322265625,257.27213808351553,252.42584836214985,257.08267167133846,38322000,AAPL
2025-10-10,244.57806396484375,255.6567217403356,243.3116425485481,254.2207817432353,61999100,AAPL
2025-10-13,246.96133422851562,248.98560621270488,244.86725241658198,248.67648318296307,38142900,AAPL
2025-10-14,247.07101440429688,248.14796941642882,244.00966795095763,245.90431694508948,35478000,AAPL
2025-10-15,248.63658142089844,251.10959602979932,246.77186176083558,248.78616738422895,33893600,AAPL
2025-10-16,246.7519073486328,248.33741809379524,244.43846029169785,247.54965348458146,39777000,AAPL
2025-10-17,251.5782470703125,252.66518358811555,246.57242016484557,247.3203043073955,49147000,AAPL
2025-10-20,261.50018310546875,263.63416054313814,254.90884523128253,255.168106265739,90483000,AAPL
2025-10-21,262.0286865234375,264.5415968076956,261.0913359303388,261.141213133835,46695900,AAPL
2025-10-22,257.7209167480469,262.1084981259862,254.70941678507808,261.9090501595624,45015300,AAPL
2025-10-23,258.8476867675781,259.8847613495841,257.28213901467177,259.206686997747,32754900,AAPL
2025-10-24,262.07855224609375,263.3848541030092,258.44880663072195,260.4531458541269,38253700,AAPL
2025-10-27,268.0516357421875,268.3607587413759,263.9033682058253,264.13273028939324,44888200,AAPL
2025-10-28,268.2410888671875,269.12859257872884,267.39348082722177,268.23110734142335,41534800,AAPL
2025-10-29,268.93914794921875,270.6443152614699,266.35642794866993,268.5203194424725,51086700,AAPL
2025-10-30,270.63433837890625,273.36662916750566,267.72259312931254,271.2226702585742,69886500,AAPL
2025-10-31,269.60723876953125,276.53764389728985,268.4006608909581,276.2085578376442,86167100,AAPL
2025-11-03,268.2909851074219,270.08592548154905,265.4988962118729,269.6571458353552,50194600,AAPL
2025-11-04,269.2781982421875,270.72408938596277,266.86501191822913,267.5730004152706,49274800,AAPL
2025-11-05,269.3778991699219,270.93349568379296,266.17693326929896,267.8521863717013,43683100,AAPL
2025-11-06,269.0089416503906,272.6287059365568,267.1342708755924,267.1342708755924,51204000,AAPL
2025-11-07,267.7126159667969,271.5218466038475,266.0173996929098,269.03885049148494,48227400,AAPL
2025-11-10,268.9303283691406,273.2223721938244,266.9639805623884,268.46119877683986,41312400,AAPL
2025-11-11,274.73956298828125,275.3983427074405,269.2996575494418,269.3096487524697,46208300,AAPL
2025-11-12,272.962890625,275.2187095291286,271.19618380015726,274.49005224267427,48398000,AAPL
2025-11-13,272.4438171386719,276.1868626363035,271.58539619817094,273.6016390736082,49602800,AAPL
2025-11-14,271.90484619140625,275.4482508823214,269.10005949599775,270.5473523374902,47431300,AAPL
2025-11-17,266.9639892578125,269.98836893107386,265.237217022597,268.3214829895084,45018300,AAPL
2025-11-18,266.94403076171875,270.20795552947055,264.8279672087311,269.48928956232544,45677300,AAPL
2025-11-19,268.0619812011719,271.70520656667077,265.0076580872151,265.0376012369211,40424500,AAPL
2025-11-20,265.7562561035156,274.91922505965954,265.42688147061517,270.327749378444,45823600,AAPL
2025-11-21,270.98651123046875,272.8230952896135,265.17732758833057,265.4568071090486,59030800,AAPL
2025-11-24,275.4083557128906,276.48633959077114,270.397645153795,270.397645153795,65585800,AAPL
2025-11-25,276.45635986328125,279.8600396675645,274.7395483878858,274.75950033189645,46914200,AAPL
2025-11-26,277.0353088378906,279.0116481613461,276.11703191175064,276.4464065684995,33431400,AAPL
2025-11-28,278.3328857421875,278.4826014787427,275.4781737009374,276.7458380127342,20135600,AAPL
2025-12-01,282.57501220703125,282.89442609469603,275.62792768573877,277.4944549964911,46587700,AAPL
2025-12-02,285.6592712402344,286.86701880065203,282.10587559562896,282.47518456741903,53669500,AAPL
2025-12-03,283.623046875,288.0847586222564,282.77461708045536,285.6692634925469,43538700,AAPL
2025-12-04,280.179443359375,284.20196835267484,278.07334059490756,283.5731318378766,43989100,AAPL
2025-12-05,278.26300048828125,280.6186397013617,277.53434330937836,280.01974631085085,47265800,AAPL
2025-12-08,277.3746643066406,279.15136205700173,275.6378704438954,277.6142094762677,38211800,AAPL
2025-12-09,276.6659851074219,279.5107061083118,276.4064879695729,277.6441787437343,32193300,AAPL
2025-12-10,278.26300048828125,279.2312028389952,275.92734368017386,277.23491184461454,33038300,AAPL
2025-12-11,277.514404296875,279.07150890817053,273.3022288840155,278.5824273392719,33248000,AAPL
2025-12-12,277.763916015625,278.70217518025987,276.30663218031253,277.38461586894516,39532900,AAPL
2025-12-15,273.6016540527344,279.63046152672615,272.33402020742307,279.63046152672615,50409100,AAPL
2025-12-16,274.1007385253906,274.9891026980292,271.2859911871425,272.3140798989353,37648600,AAPL
2025-12-17,271.33587646484375,275.6478724530811,271.13626563598973,274.50001118897205,50138700,AAPL
2025-12-18,271.68524169921875,273.12257373871984,266.4549687260805,273.1025913325419,51630700,AAPL
2025-12-19,273.1625061035156,274.09077415448866,269.399477884542,271.6453053723066,144632000,AAPL
2025-12-22,270.4674987792969,273.37210596231955,270.00836035897595,272.3539780142796,36571800,AAPL
2025-12-23,271.85491943359375,271.99467443806464,269.06012395403746,270.3377490962612,29642000,AAPL
2025-12-24,273.3022155761719,274.9192064044749,271.69521595033444,271.8349404799371,17910600,AAPL
2025-12-26,272.89300537109375,274.8593534534055,272.35399820928086,273.65160578690546,21521800,AAPL
2025-12-29,273.2523498535156,273.8512128461511,271.8449608988494,272.1843267483383,23715200,AAPL
2025-12-30,272.57354736328125,273.57169281796894,271.77504318392386,272.30405905646904,22139600,AAPL
2025-12-31,271.3558349609375,273.17246717497864,271.24605357156486,272.553621806917,27293600,AAPL
2026-01-02,270.5074462890625,277.32476727085935,268.5011639041959,271.7551282774649,37838100,AAPL
2026-01-05,266.764404296875,271.00652312062255,265.64648609237463,270.1381413175191,45647200,AAPL
2026-01-06,261.87347412109375,267.05385240251036,261.63392891626114,266.5048844877732,52352100,AAPL
2026-01-07,259.84722900390625,263.1910228349833,259.3282042611396,262.7119324450406,48309800,AAPL
2026-01-08,258.55963134765625,258.80916773471864,255.22581364132833,256.5433578451618,50419300,AAPL
2026-01-09,258.8890075683594,259.7274461787287,255.74485516422806,258.5995368285105,39997000,AAPL
2026-01-12,259.7673645019531,260.81540508500296,256.32375036738995,258.679389570116,45263800,AAPL
2026-01-13,260.5658874511719,261.3244878277737,257.9108470550362,258.24022168851656,45730800,AAPL
2026-01-14,259.4779052734375,261.33447181199796,256.23393227813756,259.0087756526009,40019400,AAPL
2026-01-15,257.7311706542969,260.55593980217856,256.57331808587395,260.16664839115424,39388600,AAPL
2026-01-16,255.05612182617188,258.41986733264514,254.4572284259222,257.4217218192236,72142800,AAPL
2026-01-20,246.2425079345703,254.31750190322293,242.9685916985444,252.26132447540706,80267500,AAPL
2026-01-21,247.1907501220703,251.09350304772093,244.72532928784554,248.23880604127606,54641700,AAPL
2026-01-22,247.8894500732422,250.53452965267718,247.68980878155546,248.737864640942,39708300,AAPL
2026-01-23,247.58001708984375,248.94748685874615,244.22624741136653,246.86136630134166,41689000,AAPL
2026-01-26,254.93637084960938,256.08423219515316,249.33677343540953,251.01365072947274,55969200,AAPL
2026-01-27,257.7910461425781,261.4642450011371,257.73115984508394,258.6894015269614,49648300,AAPL
2026-01-28,255.96444702148438,258.3799421919039,254.03801819206552,257.1721946066941,41288000,AAPL
2026-01-29,257.801025390625,259.16847988830324,253.93820707645818,257.52154586161765,67253000,AAPL
2026-01-30,258.99884033203125,261.4143357105436,251.71235892004358,254.6968198516284,92443400,AAPL
2026-02-02,269.50927734375,269.98836769074944,258.72928762151224,259.5477742456141,73913400,AAPL
2026-02-03,268.98028564453125,271.3758289780004,267.11372779647115,268.70080609664296,64394700,AAPL
2026-02-04,275.97723388671875,278.432693698261,271.7850411492978,271.7850411492978,90545700,AAPL
2026-02-05,275.3983459472656,278.98168486317746,272.72332314901723,277.6142303156022,52977400,AAPL
2026-02-06,277.6042175292969,280.3890519626743,276.4164219647768,276.6060720438839,50453400,AAPL
2026-02-09,274.3672180175781,277.9439398399519,271.4499228389202,277.6541982366954,44623400,AAPL
2026-02-10,273.4280700683594,275.11651686144285,272.68876099546605,274.6369782150198,34376900,AAPL
2026-02-11,275.24639892578125,279.92208361183503,274.1973776592452,274.44714753122867,51931300,AAPL
2026-02-12,261.4891052246094,275.46621856633783,259.94051360693726,275.3363333447182,81077200,AAPL
2026-02-13,255.5445556640625,261.9886306947134,255.21485759663088,261.7688319830923,56290700,AAPL
2026-02-17,263.6371154785156,266.0449008431299,255.30478047881587,257.8124646511843,58469100,AAPL
2026-02-18,264.106689453125,266.57441720150126,262.20844437502524,263.35737977838915,34203300,AAPL
2026-02-19,260.3401184082031,264.2365527856389,259.81060750150084,262.35827847824623,30845300,AAPL
2026-02-20,264.3364562988281,264.5063132392292,257.9223826043077,258.73163460792017,42070500,AAPL
2026-02-23,265.9349670410156,269.1819753311392,263.13755670993424,263.24744081710827,37308200,AAPL
2026-02-24,271.8895263671875,274.6369951599546,267.46358073991865,267.61343657617186,47014600,AAPL
2026-02-25,273.97760009765625,274.6869380517792,270.8005039088116,271.5298429675081,33714300,AAPL
2026-02-26,272.6987609863281,275.8558253670768,270.55071567552415,274.6969199809464,32345100,AAPL
2026-02-27,263.93682861328125,272.5588900215503,262.6480379442022,272.5588900215503,72366500,AAPL
2026-03-02,264.476318359375,266.2846497598317,259.960490133898,262.16844722421786,41827900,AAPL
2026-03-03,263.5072326660156,265.31556422164516,259.8905695547566,263.23749216234586,38568900,AAPL
2026-03-04,262.2783508300781,265.9050144519466,261.179387723623,264.4063951364299,39803100,AAPL
2026-03-05,260.0504150390625,261.3192350446657,257.01320478174756,260.54995479568396,49658600,AAPL
2026-03-06,257.2229919433594,258.53178361058343,254.13584003818684,258.39192833924307,41120000,AAPL
2026-03-09,259.6407775878906,260.9095975388004,253.44647267699952,255.45463216869055,38218500,AAPL
2026-03-10,260.58990478515625,262.2384104290217,256.71350175461305,257.4128391437035,30590800,AAPL
2026-03-11,260.5699157714844,261.888707997661,259.3110658747261,260.8496568052655,26218900,AAPL
2026-03-12,255.52456665039062,258.71164792954545,253.94601921584928,258.4219063383753,40794000,AAPL
2026-03-13,249.8897705078125,256.0940459350445,249.29033192864068,255.24483747003174,36930000,AAPL
2026-03-16,252.58729553222656,253.6563027081548,249.6499992581203,251.87794235419486,32074200,AAPL
2026-03-17,253.99598693847656,254.89516767044782,251.94787083452104,252.72716690012706,32361600,AAPL
2026-03-18,249.70994567871094,254.70534343896443,248.7708084606242,252.3974721128864,35757900,AAPL
2026-03-19,248.73085021972656,251.5982036354298,247.0723745163624,249.17043241392184,34864100,AAPL
2026-03-20,247.76173400878906,248.97061168291066,245.77356028907465,247.7517334570195,88331100,AAPL
2026-03-23,251.25851440429688,254.3656523266213,250.0496214753341,253.73622734962268,40546100,AAPL
2026-03-24,251.4083709716797,254.5954370944537,249.32029842391177,250.1195650925759,45152300,AAPL
2026-03-25,252.38746643066406,254.76528059453105,251.3684162845015,253.86611511385965,28476700,AAPL
2026-03-26,252.6572265625,256.76344411909713,250.53918279672283,251.88793104116345,41796700,AAPL
2026-03-27,248.57098388671875,255.2548282141602,247.8416601166152,253.666280215245,47900000,AAPL
2026-03-30,246.40298461914062,250.63907198816298,245.28400520065438,249.83982057534305,39446200,AAPL
2026-03-31,253.55638122558594,255.24482803058763,246.87255213324852,247.6818040942864,49598100,AAPL
2026-04-01,255.3946990966797,255.94418062939917,253.096813183035,253.8461228128272,40059400,AAPL
2026-04-02,255.68443298339844,255.89424639361263,250.4192795609811,253.96601496217014,31289400,AAPL
2026-04-06,258.6217041015625,261.9186847371787,256.2239194053331,256.27389167390277,29329900,AAPL
2026-04-07,253.26666259765625,255.96418954301222,245.47383916108728,255.92421782448065,62148000,AAPL
2026-04-08,258.66168212890625,259.51090582044134,256.29386854025813,258.2121146377317,41032800,AAPL
2026-04-09,260.2502136230469,260.879638597066,255.8342992320816,258.7615948993736,28121600,AAPL
2026-04-10,260.240234375,261.94865175168746,258.78155637925676,259.7406946341393,31291500,AAPL
2026-04-13,258.96142578125,259.9405042051452,256.4237552437805,259.49093671136296,36234700,AAPL
2026-04-14,258.59173583984375,261.68888841493145,256.9532612999924,259.01136264890187,48370700,AAPL
2026-04-15,266.18475341796875,266.3146386359468,257.57269269729437,257.92237663273806,49913500,AAPL
2026-04-16,263.15753173828125,266.91408037974617,261.0294875448873,266.55439590858066,43323100,AAPL
2026-04-17,269.98126220703125,272.0493335842862,266.47448343207725,266.7142527536172,61436200,AAPL
2026-04-20,272.79864501953125,274.0275237795767,270.04120633500696,270.08114756253855,36590200,AAPL
2026-04-21,265.9250183105469,272.5488901425708,265.1557075406741,271.250098918132,50209800,AAPL
2026-04-22,272.9185791015625,273.48803128351057,266.62435952726383,267.5734973129919,43249200,AAPL
2026-04-23,273.1783142089844,275.5161566987003,271.39995382845746,274.79681820267325,33399600,AAPL
2026-04-24,270.81048583984375,272.80864483253174,269.4017800912603,272.50893317942314,38157100,AAPL
2026-04-27,267.3636474609375,268.1129570778125,264.8260075108844,265.84505761361925,41466800,AAPL
2026-04-28,270.4608154296875,272.97851539952296,268.4127145556596,272.0893199684016,40018900,AAPL
2026-04-29,269.92132568359375,270.7905199823619,266.7942019267937,267.3037117460274,30047900,AAPL
2026-04-30,271.1002502441406,275.7459641951834,267.893213328058,270.25102650288807,91848200,AAPL
2026-05-01,279.88214111328125,286.95561044034525,278.1137509144006,278.6032901046287,79915400,AAPL
2026-05-04,276.5751647949219,280.3716851917065,274.60697695873915,279.4025768563376,46668400,AAPL
2026-05-05,283.9184265136719,284.30808218316156,276.2455026895375,276.6750995896243,49311700,AAPL
2026-05-06,287.245361328125,287.76487170009636,280.8112868075762,281.66051049385584,58336100,AAPL
2026-05-07,287.1754150390625,291.8611003514943,285.5169394038565,289.00371711581823,45224300,AAPL
2026-05-08,293.0500183105469,294.4886952888782,289.7330669166447,289.7430674686918,52692800,AAPL
2026-05-11,292.67999267578125,293.8800048828125,290.2300109863281,291.9800109863281,42247300,AAPL
2026-05-12,294.79998779296875,295.2699890136719,292.55999755859375,292.55999755859375,45748100,AAPL
2026-05-13,298.8699951171875,300.9200134277344,293.5,293.5,52684300,AAPL
2026-05-14,298.2099914550781,300.45001220703125,295.3800048828125,299.82000732421875,35324900,AAPL
2026-05-15,300.2300109863281,303.20001220703125,296.5199890136719,297.8999938964844,54862800,AAPL
2026-05-18,297.8399963378906,300.6600036621094,294.9100036621094,300.239990234375,34483000,AAPL
2026-05-19,298.9700012207031,300.510009765625,296.3500061035156,296.9700012207031,42243600,AAPL
2026-05-20,302.25,302.79998779296875,298.0799865722656,298.17999267578125,38229800,AAPL
2026-05-21,304.989990234375,305.5400085449219,300.3999938964844,301.05999755859375,42965100,AAPL
2026-05-22,308.82000732421875,311.3999938964844,305.8399963378906,306.1199951171875,43670200,AAPL
2026-05-26,308.3299865722656,311.82000732421875,307.6700134277344,309.55999755859375,48000500,AAPL
2026-05-27,310.8500061035156,313.260009765625,308.29998779296875,308.3299865722656,50430900,AAPL
2026-05-28,312.510009765625,312.79998779296875,309.57000732421875,310.67999267578125,48220400,AAPL
2026-05-29,312.05999755859375,315.0,309.5299987792969,311.7799987792969,70026800,AAPL
2026-06-01,306.30999755859375,310.94000244140625,305.0199890136719,309.6300048828125,48849900,AAPL
2026-06-02,315.20001220703125,315.45001220703125,306.69000244140625,307.4599914550781,44534700,AAPL
2026-06-03,310.260009765625,316.94000244140625,308.8500061035156,314.17999267578125,50836700,AAPL
2026-06-04,311.2300109863281,313.5400085449219,309.6499938964844,313.2300109863281,44869100,AAPL
2026-06-05,307.3399963378906,315.1700134277344,307.1499938964844,312.8599853515625,65310500,AAPL
2026-06-08,301.5400085449219,317.3999938964844,301.1700134277344,308.739990234375,77949100,AAPL
2026-06-09,290.54998779296875,300.75,287.7799987792969,300.2799987792969,70108800,AAPL
2026-06-10,291.5799865722656,294.75,287.3800048828125,290.739990234375,52793300,AAPL
2026-06-11,295.6300048828125,297.0,289.5899963378906,293.7200012207031,42572500,AAPL
2026-06-12,291.1300048828125,297.1400146484375,289.6199951171875,296.0299987792969,38742100,AAPL
2026-06-15,296.4200134277344,297.7799987792969,291.70001220703125,294.1199951171875,45732600,AAPL
2026-06-16,299.239990234375,300.4800109863281,293.9700012207031,295.25,39874400,AAPL
2026-06-17,295.95001220703125,302.07000732421875,294.3599853515625,300.8500061035156,42745100,AAPL
2026-06-18,298.010009765625,300.57000732421875,295.6199951171875,298.1099853515625,85962200,AAPL
2026-06-22,297.010009765625,302.4200134277344,296.760009765625,297.30999755859375,44879900,AAPL
2026-06-23,294.29998779296875,301.6400146484375,294.17999267578125,297.5400085449219,52010900,AAPL
2026-06-24,293.0799865722656,299.70001220703125,292.94000244140625,295.3599853515625,53081900,AAPL
2026-06-25,275.1499938964844,288.79998779296875,273.75,287.3999938964844,107013700,AAPL
2026-06-26,283.7799987792969,285.95001220703125,274.2099914550781,275.0,261775500,AAPL
2026-06-29,281.739990234375,288.3699951171875,279.8500061035156,286.7300109863281,66427000,AAPL
2026-06-30,289.3599853515625,289.94000244140625,280.70001220703125,281.1700134277344,65100200,AAPL
2026-07-01,294.3800048828125,296.5899963378906,289.20001220703125,293.44000244140625,50164200,AAPL
2026-07-02,308.6300048828125,309.4200134277344,293.67999267578125,294.1199951171875,75352800,AAPL
2026-07-06,312.6600036621094,314.20001220703125,307.0,307.3599853515625,53590000,AAPL
2026-07-07,310.6600036621094,315.4800109863281,310.1499938964844,315.2900085449219,42490000,AAPL
2026-07-08,313.3900146484375,314.82000732421875,307.04998779296875,311.9100036621094,41323500,AAPL
2026-07-09,316.2200012207031,316.5299987792969,308.1600036621094,310.510009765625,48124500,AAPL
2026-07-10,315.32000732421875,316.9100036621094,312.1700134277344,314.7200012207031,34132300,AAPL
2026-07-13,317.30999755859375,323.45001220703125,315.7799987792969,317.0199890136719,43257800,AAPL
2026-07-14,314.8599853515625,316.19000244140625,311.9100036621094,313.760009765625,36336800,AAPL
2026-07-15,327.5,328.7300109863281,317.32000732421875,317.6199951171875,60957600,AAPL
2026-07-16,333.260009765625,334.67999267578125,326.7900085449219,328.010009765625,62970600,AAPL
2026-07-17,333.739990234375,334.989990234375,329.0,331.9800109863281,63407100,AAPL
2026-07-20,326.5899963378906,333.7099914550781,323.67999267578125,333.510009765625,53468000,AAPL
2026-07-21,327.739990234375,329.6000061035156,322.2200012207031,323.1300048828125,41338900,AAPL
2026-07-22,325.8900146484375,329.0,323.3399963378906,327.8699951171875,38755900,AAPL
2026-07-23,321.6600036621094,323.29998779296875,319.3500061035156,321.7300109863281,40840800,AAPL
2026-07-24,333.0199890136719,334.3699951171875,321.6199951171875,321.7900085449219,47489400,AAPL
2026-07-27,336.9100036621094,339.57000732421875,334.0199890136719,334.5400085449219,49604300,AAPL
2026-07-28,340.0799865722656,342.8900146484375,335.6000061035156,340.0299987792969,51859000,AAPL
2026-07-29,338.19000244140625,344.57000732421875,337.3500061035156,339.7300109863281,56090800,AAPL
2026-07-30,333.42999267578125,334.75,329.5899963378906,333.1000061035156,74817800,AAPL
2026-07-31,308.9100036621094,310.69000244140625,300.0,304.80999755859375,132489100,AAPL
2026-08-03,303.4200134277344,311.79998779296875,302.55999755859375,309.5799865722656,75052000,AAPL
2026-08-04,309.3800048828125,310.4200134277344,301.32000732421875,302.7300109863281,68001000,AAPL
2026-08-05,311.0,311.7099914550781,305.6700134277344,309.3599853515625,49438800,AAPL
2026-08-06,312.4100036621094,316.2900085449219,309.2300109863281,314.3399963378906,46076800,AAPL
2026-08-07,312.2449951171875,314.80999755859375,310.739990234375,311.32000732421875,15099080,AAPL
2024-08-07,392.26519775390625,403.73493458005663,391.3200599759009,402.31724293574274,20650900,MSFT
2024-08-08,396.4593505859375,399.58028569311574,393.7519001712231,396.2132187300544,20203000,MSFT
2024-08-09,399.73779296875,401.73638233312255,396.03599047899144,397.77859311198716,19276700,MSFT
2024-08-12,400.5155944824219,402.43543495594565,397.98535182009545,400.76172633567404,16762900,MSFT
2024-08-13,407.604248046875,408.5297063190277,403.23294345576085,403.25262318981254,19414300,MSFT
2024-08-14,410.41009521484375,411.2568044389076,406.0683556338293,408.38197108714223,18267000,MSFT
2024-08-15,415.2626953125,415.34158622213624,411.9388626649199,414.0495331175792,20752100,MSFT
2024-08-16,412.7377624511719,415.5684441235936,411.5837759699612,414.83859034033384,22775600,MSFT
2024-08-19,415.755859375,415.9728470077707,410.75530126947416,413.22105614207504,15234000,MSFT
2024-08-20,418.9810791015625,420.0265568174448,415.8643912576991,415.92356696995296,16387600,MSFT
2024-08-21,418.3301086425781,420.55913050260955,415.943244764668,418.27090283610073,16067300,MSFT
2024-08-22,409.8577880859375,420.9438431425212,408.9306617888671,418.54710638332296,19361900,MSFT
2024-08-23,411.080810546875,413.51697764071497,406.4451792024677,411.26821033098173,18493800,MSFT
2024-08-26,407.8259582519531,411.5640508373135,405.7054152115458,410.6665125068156,13152800,MSFT
2024-08-27,408.1711730957031,408.6840392458711,404.6303529004273,407.2045864016282,13492900,MSFT
2024-08-28,404.9755859375,409.3153084895278,401.7306441001557,409.1969570716752,14882700,MSFT
2024-08-29,407.4610900878906,416.26875999773983,404.97561980648004,409.2561670075729,17045200,MSFT
2024-08-30,411.4259948730469,411.7711764633265,406.4846126518204,409.90708149754283,24308300,MSFT
2024-09-03,403.8314514160156,414.1284456363182,401.45446023053216,412.18542969380115,20313600,MSFT
2024-09-04,403.2988586425781,405.6068015782242,398.830912042889,400.3498254636215,15135800,MSFT
2024-09-05,402.79583740234375,407.44131080829675,400.56678553175374,402.0363656944642,14195500,MSFT
2024-09-06,396.19744873046875,405.0248318616353,395.30975302270036,403.45661559720963,19609500,MSFT
2024-09-09,400.16241455078125,403.0522719406784,396.6413094868822,401.6615826272171,15295100,MSFT
2024-09-10,408.5262145996094,410.6270121345657,402.1152529466913,402.60840384306965,19594300,MSFT
2024-09-11,417.24517822265625,418.1821469994098,403.9695325309428,409.8084532189213,19266900,MSFT
2024-09-12,421.15093994140625,421.51586685329676,414.00025068010603,417.51148327493246,17395700,MSFT
2024-09-13,424.6917419433594,425.914746697553,419.6320082561189,419.9969351521576,15874600,MSFT
2024-09-16,425.4315185546875,427.59152243143467,422.35426100412985,424.7016646765436,13834700,MSFT
2024-09-17,429.18927001953125,435.79750485485505,426.3487157034463,434.1997005769437,18874200,MSFT
2024-09-18,424.9087219238281,430.05721907964937,424.5142071811442,429.04132931995406,18898000,MSFT
2024-09-19,432.6808166503906,435.4523227974912,430.9153276838819,435.18603209956774,21706600,MSFT
2024-09-20,429.3076171875,433.22323693457605,428.27201223229315,431.23091793236443,55167100,MSFT
2024-09-23,427.57177734375,430.48135010026584,424.4945200082598,428.33121902605126,15128900,MSFT
2024-09-24,423.291259765625,427.4139950690794,420.2633052788256,427.06878333515726,17015800,MSFT
2024-09-25,426.19091796875,427.1870925626301,422.69943076362244,423.94215074360574,13396400,MSFT
2024-09-26,425.4018859863281,429.3372210826113,423.251754987828,429.1301061037402,14492000,MSFT
2024-09-27,422.15692138671875,425.93447445668835,421.6144673905514,425.6089779793521,14896100,MSFT
2024-09-30,424.40570068359375,424.52408219664926,419.54323948144145,422.3443332995087,16807300,MSFT
2024-10-01,414.9273681640625,422.61066875300435,413.07311568923785,422.58108089859957,19092900,MSFT
2024-10-02,411.4161071777344,417.02816727140424,411.00184714518315,416.79143435299875,16582300,MSFT
2024-10-03,410.834228515625,413.8029769595959,408.6150490966078,411.9092940444477,13686400,MSFT
2024-10-04,410.36077880859375,414.00023534021534,409.28571331626097,412.5109097932594,19169700,MSFT
2024-10-07,403.9300842285156,411.3963666559109,403.3974727803463,410.30158600641573,20919800,MSFT
2024-10-08,409.0292663574219,409.966265233936,402.57887338489604,405.27145839926953,19229300,MSFT
2024-10-09,411.7415771484375,414.6215919010832,408.62485957486433,410.16348810998284,14974300,MSFT
2024-10-10,410.143798828125,411.63312440285347,407.49064417755886,409.54216908706456,13848400,MSFT
2024-10-11,410.6172180175781,411.41612015597997,407.589263932771,410.4396908978323,14144900,MSFT
2024-10-14,413.39862060546875,418.2314942204609,411.8007861364326,412.0473616280092,16653100,MSFT
2024-10-15,413.0040588378906,416.69284850861214,409.57174739931537,416.3969398711013,18900200,MSFT
2024-10-16,410.4199523925781,410.65665522282575,404.85722518493617,409.4829836231505,15508900,MSFT
2024-10-17,411.01171875,416.71254238623703,409.8971928147913,416.5744456758898,14820000,MSFT
2024-10-18,412.4320373535156,413.90161766396704,410.5580696214905,411.4260201751563,17145300,MSFT
2024-10-21,413.04351806640625,413.22104518863654,408.08242059822123,410.4199513395574,14206100,MSFT
2024-10-22,421.6539306640625,424.68185459098345,412.31365056093216,412.75746835174544,25482200,MSFT
2024-10-23,418.7838134765625,425.17503084101816,416.74216121867397,424.9580432083023,19654400,MSFT
2024-10-24,418.9120178222656,420.144895200207,416.6139175340375,419.5037748840412,13581600,MSFT
2024-10-25,422.28515625,426.5952907757042,420.72681247783265,420.9142122484759,16899100,MSFT
2024-10-28,420.7465515136719,426.02327304477956,420.46051551603273,425.74710969864265,14882400,MSFT
2024-10-29,426.03314208984375,427.2364316805858,419.9673609785876,422.1372373224,17644100,MSFT
2024-10-30,426.605224609375,432.49344905360795,426.1811219516409,431.44797128826104,29749100,MSFT
2024-10-31,400.7838134765625,410.4594334413064,400.73448031809437,409.6703738017444,53971000,MSFT
2024-11-01,404.74871826171875,409.80845197934053,401.9180365381017,403.40736208449033,24230400,MSFT
2024-11-04,402.8648986816406,404.7980722358363,400.01450160866744,404.18653972407174,19672300,MSFT
2024-11-05,405.82379150390625,409.21667261639857,402.49008610038965,402.7761220934701,17626000,MSFT
2024-11-06,414.4243469238281,414.69066771455005,404.8966664565658,406.77066424480597,26681800,MSFT
2024-11-07,419.6024169921875,421.0029789570154,414.12845339700306,415.5092700597973,19901800,MSFT
2024-11-08,416.7520446777344,420.65779206836214,416.00244554535874,419.4939629624982,16891400,MSFT
2024-11-11,412.2840881347656,418.99092936118404,410.301611581567,416.7322894657105,24503300,MSFT
2024-11-12,417.2352600097656,418.62594919557404,411.4851336112788,412.52073848816826,19401200,MSFT
2024-11-13,419.3755798339844,423.4489813965326,412.4813090867046,415.8643474786666,21502200,MSFT
2024-11-14,421.0424499511719,422.30491523139983,414.24681513135374,419.17832483529844,30246900,MSFT
2024-11-15,409.3153381347656,417.0084818478404,407.9739818358906,414.0693210931382,28247600,MSFT
2024-11-18,410.06488037109375,412.66870168958155,406.45501186857297,409.1870572477352,24727000,MSFT
2024-11-19,412.06707763671875,412.2150169012381,405.912533336808,407.4511618868994,18133500,MSFT
2024-11-20,409.798583984375,411.57394553855335,404.9558378403451,411.1596854793811,19191700,MSFT
2024-11-21,408.0295715332031,414.85856338751086,405.47983232208855,414.5818472703372,20780200,MSFT
2024-11-22,412.1111145019531,412.5064188915794,406.2407523286384,406.5471154925831,24814600,MSFT
2024-11-25,413.8801574707031,416.14328803070504,409.9863472135053,413.4749606494442,27691100,MSFT
2024-11-26,422.9722900390625,424.0099980685231,413.93946191933657,414.6707766023476,23458900,MSFT
2024-11-27,418.0308837890625,422.2211948203964,417.0722547980022,420.12602422483343,18332400,MSFT
2024-11-29,418.4953918457031,419.89875718802,412.9017454606376,415.1649061905191,16271900,MSFT
2024-12-02,425.9272766113281,427.92358362660957,416.37063273208213,416.62759418862754,20207200,MSFT
2024-12-03,426.1446838378906,427.3997836787713,422.72522667678595,424.80061260374794,18302000,MSFT
2024-12-04,432.29180908203125,434.51543063700444,427.5579574158117,427.9532618825141,26009400,MSFT
2024-12-05,437.4308166503906,439.4469085884485,431.0564531129943,432.7859365018672,21697800,MSFT
2024-12-06,438.36968994140625,440.87002757046025,436.5907746503493,437.1145598403157,18821000,MSFT
2024-12-09,440.7908935546875,443.0738089240489,435.3356203613735,437.4110061952819,19144400,MSFT
2024-12-10,438.1324768066406,444.3487425824553,436.42277827381423,439.1800773312265,18469500,MSFT
2024-12-11,443.72613525390625,445.07020661100427,438.8440482605507,438.8440482605507,19200200,MSFT
2024-12-12,444.2893981933594,450.81202644259827,443.8446618873549,443.8446618873549,20834800,MSFT
2024-12-13,442.0262451171875,446.13747735633456,440.3560560775405,443.1825414368637,20177800,MSFT
2024-12-16,446.29559326171875,446.87867253224385,440.0595735829624,442.0262333394617,23598800,MSFT
2024-12-17,449.1319885253906,449.9522746519603,444.2993336430134,445.7224537683285,22733500,MSFT
2024-12-18,432.2621154785156,447.34318887069384,431.89642797238076,446.0287948744165,24444500,MSFT
2024-12-19,431.9063415527344,437.98423408144293,431.2046739034814,436.4425256398133,22963700,MSFT
2024-12-20,431.48138427734375,438.5376604876813,423.6048219518138,428.03227991601136,64263700,MSFT
2024-12-23,430.1471862792969,432.51904296318025,427.7555447705133,431.61970806424813,19152500,MSFT
2024-12-24,434.1793212890625,434.4461751355928,429.09959787026054,429.5541964268554,7164500,MSFT
2024-12-26,432.9736328125,435.7704710980457,431.51100346947777,433.9322618472237,8194200,MSFT
2024-12-27,425.4825439453125,430.117561657289,421.351556737901,429.5048352492743,18117700,MSFT
2024-12-30,419.8493347167969,422.53744699473475,416.95369289645987,421.0649252132939,13158700,MSFT
2024-12-31,416.5583801269531,421.727075036825,415.72823181420273,421.1044562623139,13246500,MSFT
2025-01-02,413.67266845703125,421.0748782392805,409.98641726658155,420.54120060792326,16896500,MSFT
2025-01-03,418.38671875,419.0587393010629,414.62138898974536,416.1433125624827,16662900,MSFT
2025-01-06,422.8339538574219,429.2281017096726,420.4917442238413,422.98218924692804,20573600,MSFT
2025-01-07,417.4181823730469,425.6011074871905,415.8665816173968,423.9704579117962,18139100,MSFT
2025-01-08,419.58251953125,421.9642686702226,416.5979364179098,418.4954097350683,15054600,MSFT
2025-01-10,414.0382995605469,419.73074959963856,410.15435142162687,419.651700779007,20201100,MSFT
2025-01-13,412.2989196777344,413.5935589908242,407.456372689251,410.3717691669062,17604800,MSFT
2025-01-14,410.7967529296875,414.8190138642203,405.90477401390683,412.9116481684101,16935900,MSFT
2025-01-15,421.31201171875,423.13043625280113,413.3662628653434,414.2161960548363,19637800,MSFT
2025-01-16,419.6022644042969,424.45470380326,419.4145196873236,423.67398737859014,15300000,MSFT
2025-01-17,424.0000915527344,429.3862083308609,423.1501885882937,429.0007661773637,26197500,MSFT
2025-01-21,423.476318359375,425.8481750206776,420.61032363697626,425.1563998310193,26085700,MSFT
2025-01-22,440.9689025878906,442.02633532054574,430.88847213906604,432.4301807733852,27803800,MSFT
2025-01-23,441.47283935546875,441.5123788470024,436.3239289556834,436.81806704057095,18389300,MSFT
2025-01-24,438.8539123535156,441.4135440071518,436.225094129831,439.94102216929423,15549500,MSFT
2025-01-27,429.4653015136719,430.09781275609777,418.53496919379126,419.03899970511213,35647800,MSFT
2025-01-28,441.95709228515625,443.1232508667098,426.32255685114393,429.5048071593075,23491700,MSFT
2025-01-29,437.1441650390625,441.6408395030523,435.23679935643304,441.45306462654537,23581400,MSFT
2025-01-30,410.12469482421875,417.9024230144378,408.31616280623206,413.86037732807745,54586300,MSFT
2025-01-31,410.1938781738281,415.7578774765854,410.04564278987584,414.06793377994285,34161900,MSFT
2025-02-03,406.1024475097656,410.53979775772405,403.8689337668832,406.774468051233,25679100,MSFT
2025-02-04,407.5354309082031,409.0672770356713,404.9362598096777,407.8516865143663,20532100,MSFT
2025-02-05,408.4446716308594,408.97831905399164,405.5885389886856,407.515689607161,16316700,MSFT
2025-02-06,410.94500732421875,413.2971094519946,409.14633744300244,409.14633744300244,16309800,MSFT
2025-02-07,404.9461669921875,413.7418190108213,403.31551731813784,411.59727657785896,22886800,MSFT
2025-02-10,407.3871765136719,410.58918143726896,406.10242964328353,408.85969825647294,20817900,MSFT
2025-02-11,406.6163330078125,407.6540108795472,404.50140761463905,404.8374480391833,18140600,MSFT
2025-02-12,404.2444763183594,405.93442005448907,399.6292135248499,402.435914112503,19121700,MSFT
2025-02-13,405.7269287109375,406.1815273284111,401.5959111806531,402.2284224395701,23891700,MSFT
2025-02-14,403.6416015625,404.1159849495273,401.1215095634391,403.00912053959007,22758500,MSFT
2025-02-18,404.8374938964844,405.7862306432336,401.7342920226082,403.2167063843153,21423100,MSFT
2025-02-19,409.9073181152344,410.6188782021152,402.8707962337448,403.09811062253897,24114200,MSFT
2025-02-20,412.07598876953125,415.2250013636158,408.52096684547683,411.24417583261857,23508700,MSFT
2025-02-21,404.2331237792969,413.97725680128366,403.91626425407014,413.27418223243296,27524800,MSFT
2025-02-24,400.0641174316406,405.38179653354615,395.4297185716828,404.5301894031576,26443700,MSFT
2025-02-25,394.0235595703125,398.00441513588805,392.8352683816966,397.1923965138258,29387400,MSFT
2025-02-26,395.83575439453125,399.66804717869115,390.40913086553707,394.13250979931917,19619000,MSFT
2025-02-27,388.70587158203125,401.78716793671936,388.3493932994261,397.3607146060961,21127400,MSFT
2025-02-28,393.1224060058594,393.7561854578909,382.80393739721217,388.83460333794534,32845700,MSFT
2025-03-03,384.7052307128906,394.93461038215554,382.39794340981075,394.93461038215554,23007700,MSFT
2025-03-04,384.82403564453125,388.75535997703025,377.2881889484286,379.6648014174362,29342900,MSFT
2025-03-05,397.1131286621094,397.7568203379533,385.02209070764377,385.5469260754551,23433100,MSFT
2025-03-06,393.0234069824219,398.2321421191711,388.8544001591339,390.43881857931865,23304600,MSFT
2025-03-07,389.4783020019531,390.95377648794664,381.7840095954452,388.49795642753014,22034100,MSFT
2025-03-10,376.4563903808594,382.6355890788174,373.5450301742595,382.08104715568106,32840100,MSFT
2025-03-11,376.74359130859375,382.23950999896846,373.2380702422645,375.30770541349494,30380200,MSFT
2025-03-12,379.53607177734375,381.4670864515663,375.2581813231993,379.21921226907705,24253600,MSFT
2025-03-13,375.0799255371094,381.5661320778761,373.7728082450696,379.4271716632625,20473000,MSFT
2025-03-14,384.7745361328125,386.42827981726157,375.8127158813028,376.08007458561946,19952800,MSFT
2025-03-17,384.9132080078125,388.88412112316473,381.813696346666,382.9326924641042,22474300,MSFT
2025-03-18,379.78363037109375,383.5961286419255,377.38722360904,383.2990634136601,19486900,MSFT
2025-03-19,384.0417785644531,385.8836435250732,380.2589866011294,381.7740797920575,19185500,MSFT
2025-03-20,383.0712890625,387.9730768170586,379.5459740311176,381.9819995370129,18470500,MSFT
2025-03-21,387.4482727050781,387.92357710345186,379.07067004050685,379.4865916093534,39675900,MSFT
2025-03-24,389.2505187988281,391.54792412450786,386.012386704804,391.54792412450786,21004500,MSFT
2025-03-25,391.3102722167969,392.4985634335279,388.81483346341923,390.08236222676067,15775000,MSFT
2025-03-26,386.1708068847656,391.4587795188397,384.784452111458,391.1518020411883,16108400,MSFT
2025-03-27,386.7748107910156,388.41864207883805,383.6257987889259,386.3292129908696,13766800,MSFT
2025-03-28,375.1096496582031,385.339029849346,373.2578723723651,384.2992410074857,21632000,MSFT
2025-03-31,371.7328796386719,373.3965054432232,363.6622546184452,368.91063894364476,35184700,MSFT
2025-04-01,378.4666442871094,379.12021808448793,369.59394254927554,371.0000917512926,19689500,MSFT
2025-04-02,378.4171142578125,381.32844426453147,372.95087209109226,374.2877261088344,16092600,MSFT
2025-04-03,369.47503662109375,373.80248816308017,365.75168821202425,371.1386925275575,30198000,MSFT
2025-04-04,356.3343200683594,370.94062085342546,355.97784180916346,360.5825339787073,49209900,MSFT
2025-04-07,354.3736267089844,367.3856281525139,341.43098078163547,347.4616469003483,50425000,MSFT
2025-04-08,351.10577392578125,370.0097901278565,346.83776558065426,364.6723167446661,35868900,MSFT
2025-04-09,386.6857604980469,389.3990874327872,349.6600368937789,350.09575274548115,50199700,MSFT
2025-04-10,377.6347961425781,380.1599412978202,364.21678559967916,378.33787067807094,38024400,MSFT
2025-04-11,384.6656494140625,386.25003769690613,375.1987873888056,376.93173851590154,23839200,MSFT
2025-04-14,384.0318603515625,390.8052198187617,380.46692636349223,389.38915847164185,19251200,MSFT
2025-04-15,381.9721374511719,388.07212889209285,380.41742551182244,384.7250528209778,17199900,MSFT
2025-04-16,367.9896545410156,377.8922316795949,364.41483869971677,376.9614172312142,21967800,MSFT
2025-04-17,364.1969909667969,370.6732850580017,363.31567729138493,370.10883089247193,21120200,MSFT
2025-04-21,355.6213684082031,360.9291658129438,352.20499720618693,359.2853342749941,20807300,MSFT
2025-04-22,363.246337890625,364.1870645763753,356.3541225187108,359.83984897446516,19485000,MSFT
2025-04-23,370.7426452636719,376.6841922722663,369.38596664501534,372.396358924379,20545500,MSFT
2025-04-24,383.52685546875,384.66567617915354,371.53484734056974,372.0398885175219,22232300,MSFT
2025-04-25,388.0325012207031,388.33947870228997,380.8531326101871,383.2297451406492,18973200,MSFT
2025-04-28,387.3492126464844,388.9138065441973,382.87325863987553,388.1414067328739,16579400,MSFT
2025-04-29,390.2011413574219,391.25081207163873,386.57679465313385,387.48781478760674,14974000,MSFT
2025-04-30,391.4092712402344,392.79562598704683,380.69467558939255,386.49757125114587,36461100,MSFT
2025-05-01,421.2556457519531,432.7327295827746,420.76051687113977,426.9100091091665,58938100,MSFT
2025-05-02,431.0393981933594,435.1588741169636,425.80092616148227,427.533877248033,30757400,MSFT
2025-05-05,431.9207763671875,435.21832168508354,427.9003017248534,428.6529073554782,20136100,MSFT
2025-05-06,429.0885925292969,433.46554517602334,426.9694566129341,427.9894209087166,15104200,MSFT
2025-05-07,429.12823486328125,433.8517538131467,426.9100367836598,429.6134515274466,23295300,MSFT
2025-05-08,433.9012451171875,439.3476626606329,431.41568853142036,433.66356271096413,23491300,MSFT
2025-05-09,434.4557800292969,436.4461774951318,431.6335394854884,435.7133964534002,15324200,MSFT
2025-05-12,444.88323974609375,444.99215360101994,435.495584693897,441.59557651706575,22821900,MSFT
2025-05-13,444.764404296875,446.2794975271711,441.021200788799,443.41763796979524,23618800,MSFT
2025-05-14,448.52734375,449.4779827199474,443.7741186799948,443.7741186799948,19902800,MSFT
2025-05-15,449.5392761230469,452.57502540604634,446.860659567107,447.1979616790238,21992300,MSFT
2025-05-16,450.6702575683594,450.7595407562394,445.1741794982958,448.4678481067336,23849800,MSFT
2025-05-19,455.23382568359375,455.9481214834615,447.2277665675242,447.3071495873714,21336500,MSFT
2025-05-20,454.5393371582031,454.70797307292094,450.71983965496236,451.9797648957129,15441800,MSFT
2025-05-21,448.9837341308594,454.1524403651085,448.22974686474834,450.967885651573,19216900,MSFT
2025-05-22,451.25555419921875,456.6028569421555,450.30316997101943,451.3448676580097,18025600,MSFT
2025-05-23,446.6126708984375,450.0948666019555,445.3527455471655,446.414273906322,16883500,MSFT
2025-05-27,457.03936767578125,457.29731705224054,452.5055743512772,452.86273735527834,20974300,MSFT
2025-05-28,453.7357482910156,458.8548627693229,453.3091629867606,457.56517641086623,17086300,MSFT
2025-05-29,455.0452880859375,458.0612067791374,451.7019977235154,457.8925405838875,13974800,MSFT
2025-05-30,456.7119445800781,458.02149174118404,451.93016282180776,456.07703188956276,34770500,MSFT
2025-06-02,458.3092346191406,458.44810948050275,453.2695031394806,453.51752207653715,16626500,MSFT
2025-06-03,459.3013000488281,460.4620419695056,457.20800452370844,457.8131864599202,15743800,MSFT
2025-06-04,460.1941833496094,461.99976852018625,459.3509128885598,460.3231580440434,14162700,MSFT
2025-06-05,463.9739685058594,465.92835889810493,460.35289815926444,461.2755213187348,20131700,MSFT
2025-06-06,466.6525573730469,469.5890928719542,465.06523024972654,466.3648469522318,15285600,MSFT
2025-06-09,469.0038146972656,469.67841894667356,464.90653697170796,465.9779957450024,16469900,MSFT
2025-06-10,467.1883239746094,469.0534009468453,463.25968221899245,467.45617352695865,15375900,MSFT
2025-06-11,468.8748474121094,471.7022694228479,465.9383115986028,466.29544434484353,16399200,MSFT
2025-06-12,475.0752868652344,476.6130223697302,469.7676758011157,471.2557893550323,18950600,MSFT
2025-06-13,471.1962890625,475.3828499324856,469.0137405811006,472.6348110082228,16814500,MSFT
2025-06-16,475.3431396484375,476.88084478973553,471.2359319408476,471.4442593493389,15626100,MSFT
2025-06-17,474.2518615722656,474.9462963755368,470.3232201221163,471.63276727216606,15414100,MSFT
2025-06-18,476.4344787597656,477.18846606590637,470.70028177150056,474.21223862682587,17526500,MSFT
2025-06-20,473.616943359375,479.62891980922967,473.09114443804276,478.4086860483398,37576200,MSFT
2025-06-23,482.1488037109375,483.884936234588,468.76571183115124,474.42052531416374,24864000,MSFT
2025-06-24,486.2261962890625,487.9524285572733,482.9424282150726,485.07541514458467,22305600,MSFT
2025-06-25,488.3691101074219,490.64097201284227,485.5119574284625,488.1409520653471,17495100,MSFT
2025-06-26,493.5080871582031,494.09340820956044,488.9048412091741,489.0735074056833,21578900,MSFT
2025-06-27,492.010009765625,495.34336948151105,489.12306593539506,493.60723706055035,34539200,MSFT
2025-06-30,493.4683837890625,496.79184348109624,491.404849352638,493.1013206195562,28369000,MSFT
2025-07-01,488.1508483886719,494.10330273882704,487.08935037246306,492.53583641461546,19945400,MSFT
2025-07-02,487.1984558105469,489.589361899926,484.82741061180644,486.10716647659297,16319600,MSFT
2025-07-03,494.8870544433594,496.1668406146565,489.5298515465148,489.8969147231798,13984800,MSFT
2025-07-07,493.7759704589844,494.7978073262421,491.30571139485903,493.4386683186591,13981600,MSFT
2025-07-08,492.6846618652344,494.2521585292929,490.19454200535324,493.29974399578276,11846600,MSFT
2025-07-09,499.52008056640625,502.76415743455226,495.77993553758444,496.33549554664154,18659500,MSFT
2025-07-10,497.5061340332031,500.4426696344743,493.8056807647675,499.06366987607214,16492100,MSFT
2025-07-11,499.3315734863281,501.0280145407016,493.85529597280816,494.5200000462786,16459500,MSFT
2025-07-14,499.033935546875,499.9764196247383,497.0597144820079,497.5458219138798,12058800,MSFT
2025-07-15,501.8117370605469,504.27206541624594,498.805748905247,499.033906939414,14927200,MSFT
2025-07-16,501.6133117675781,502.70460109528983,497.9128887743687,501.17679603649344,15154400,MSFT
2025-07-17,507.6451416015625,509.30189104591364,501.6133044647972,501.6728265840105,17503100,MSFT
2025-07-18,506.0082092285156,510.5618634291492,503.40897568442307,510.4030974050004,21209700,MSFT
2025-07-21,506.0181579589844,508.03210080948105,501.54388660874696,502.69469811942383,14066800,MSFT
2025-07-22,501.2660827636719,507.1491147296819,501.2660827636719,506.92092641726225,13868600,MSFT
2025-07-23,501.861328125,502.77405108780124,496.7323137246232,502.7343595827018,16396600,MSFT
2025-07-24,506.8316650390625,509.59953458867506,503.28001689239056,504.73836945889843,16107000,MSFT
2025-07-25,509.6392517089844,514.1829150146133,506.3157616392057,508.409026924469,19125700,MSFT
2025-07-28,508.4388122558594,510.91900158393673,506.07766717141,510.0063088656235,14308000,MSFT
2025-07-29,508.50823974609375,513.5182098314434,507.50623361872493,511.4448055642593,16469200,MSFT
2025-07-30,509.1729736328125,511.8615208479224,505.40309770511885,511.0876726596135,26380400,MSFT
2025-07-31,529.2723999023438,551.0484742016899,527.6851029610986,550.8301860551579,51617300,MSFT
2025-08-01,519.956787109375,531.5541546097426,516.7325410439772,530.7605061500977,28977600,MSFT
2025-08-04,531.3955078125,533.9848111754816,523.9450087012631,524.0839138486996,25349000,MSFT
2025-08-05,523.5679321289062,533.0422426180032,523.0619638515897,532.9231983823397,19171600,MSFT
2025-08-06,520.7802124023438,527.4866537198485,519.8774501718309,526.6930052823053,21355700,MSFT
2025-08-07,516.7127075195312,523.9052559727172,513.4487398823029,522.6254396329194,16079100,MSFT
2025-08-08,517.9031982421875,520.502431840537,515.2940341981842,518.4587582353118,15531000,MSFT
2025-08-11,517.6353759765625,523.4092640243366,515.6015722772428,518.1611446296885,20194400,MSFT
2025-08-12,525.0462036132812,526.7724058726347,518.5580494708657,519.5997169841131,18667000,MSFT
2025-08-13,516.454833984375,528.4787877679453,515.2544004746543,527.8934364066101,19619200,MSFT
2025-08-14,518.3397216796875,521.7822560401938,516.0182983192124,518.4191046945965,20269100,MSFT
2025-08-15,516.0480346679688,521.9310366989816,514.9667059909838,518.6274679925785,25213300,MSFT
2025-08-18,513.0023803710938,518.6770855269226,509.94683045407294,517.4568516493948,23760600,MSFT
2025-08-19,505.73040771484375,511.0776798784135,504.5200741760794,510.9189744125155,21481000,MSFT
2025-08-20,501.7125244140625,506.9506829011106,500.44266872858867,505.8296325155463,27723000,MSFT
2025-08-21,501.0666198730469,504.43529989468334,499.55619671725805,500.5200933584279,18443300,MSFT
2025-08-22,504.037841796875,507.5158151187978,499.2481684011306,501.0765850227361,24324200,MSFT
2025-08-25,501.0865173339844,504.9917771303553,500.9473838488724,503.44159720621536,21638600,MSFT
2025-08-26,498.8804626464844,501.8019624337255,495.37267961289456,501.18583887731603,30835700,MSFT
2025-08-27,503.5509033203125,504.09746017877256,496.75395340313815,498.8407434548062,17277900,MSFT
2025-08-28,506.4326477050781,507.87350408410515,502.3186878124423,503.89867767213724,18015600,MSFT
2025-08-29,503.501220703125,506.39291066950057,501.3150539612025,505.4588240002719,20961600,MSFT
2025-09-02,501.9410705566406,502.81553721257154,493.68337117589067,497.32034095368414,18128000,MSFT
2025-09-03,502.16961669921875,504.59426313425837,499.158687032213,500.619436889999,16345100,MSFT
2025-09-04,504.7731628417969,504.95202275876863,499.983489561643,501.1262461318779,15509500,MSFT
2025-09-05,491.8847961425781,508.7479993566889,489.27134277765646,505.86625611105876,31994800,MSFT
2025-09-08,495.0646667480469,498.04578670760833,491.9146033142146,494.975206462802,16771000,MSFT
2025-09-09,495.2733154296875,499.0891451753406,494.5677922273047,498.27429847652155,14410500,MSFT
2025-09-10,497.2209777832031,500.06299449245154,493.5939546766565,499.81456783685906,21611800,MSFT
2025-09-11,497.8569641113281,500.00337405269875,494.7466575341409,499.08915061774627,18881600,MSFT
2025-09-12,506.6910095214844,509.32432605160386,500.67909648146514,503.4614629424367,23624900,MSFT
2025-09-15,512.1166381835938,512.2259313574772,503.80926524972944,505.58800862213144,17143800,MSFT
2025-09-16,505.83642578125,513.9748550906477,505.3991924428879,513.6270820344445,19711900,MSFT
2025-09-17,506.81024169921875,508.07226852063866,502.74598524416496,507.4064717390096,15816600,MSFT
2025-09-18,505.2501220703125,509.84104161182444,504.4650853819943,508.270968235188,18913700,MSFT
2025-09-19,514.6704711914062,516.0318444319288,507.09843147001845,507.34685812925306,52474100,MSFT
2025-09-22,511.21240234375,514.48167541423,509.3143886623668,512.3452424901319,20009300,MSFT
2025-09-23,506.0252380371094,511.35152134239047,504.1173079645634,510.56645428814153,19799600,MSFT
2025-09-24,506.9394226074219,509.2547456727144,503.72976965544393,507.16798604562155,13533700,MSFT
2025-09-25,503.8390808105469,506.8003375404676,501.8616142840625,505.10107733704126,15786500,MSFT
2025-09-26,508.2411804199219,510.70558375978015,503.4316440082871,506.849997214163,16213100,MSFT
2025-09-29,511.3614196777344,513.5972596483151,505.677446731691,508.2809533120173,17617800,MSFT
2025-09-30,514.6903686523438,514.8990082310244,506.45253207823936,510.0099885223437,19728200,MSFT
2025-10-01,516.4392700195312,517.2342231556227,508.4697238165545,511.56013673304216,22632300,MSFT
2025-10-02,512.4942626953125,518.3173691617891,507.4661094259624,514.3823296081488,21222900,MSFT
2025-10-03,514.0940551757812,517.2143082734997,511.75886906280147,513.8456285403139,15112300,MSFT
2025-10-06,525.2435302734375,527.6880704621805,514.9387971845453,515.3461902238155,21388600,MSFT
2025-10-07,520.682373046875,526.4657528279373,518.1583800775612,524.9652461341774,14615200,MSFT
2025-10-08,521.5469360351562,523.6337564909833,519.798063194055,519.9868698926625,13363400,MSFT
2025-10-09,519.1123657226562,521.0302122328587,514.1438325922749,519.0527457511332,18343600,MSFT
2025-10-10,507.74432373046875,520.2849266906686,506.42270727517143,516.3697201998212,24133800,MSFT
2025-10-13,510.8149108886719,513.1600441163425,508.45983088995337,513.1600441163425,14284200,MSFT
2025-10-14,510.337890625,512.0371506947121,502.815524609146,507.0189143190136,14684300,MSFT
2025-10-15,510.1988220214844,513.9351689053381,506.79041532984223,511.7192223799748,14694700,MSFT
2025-10-16,508.3902282714844,513.597241245564,504.93214864922606,509.3541552294708,15559600,MSFT
2025-10-17,510.3478698730469,512.235876086287,504.1173098719632,505.8364332653001,19867800,MSFT
2025-10-20,513.5376586914062,515.4356724346321,510.1988187679518,511.3713853844849,14665600,MSFT
2025-10-21,514.4021606445312,515.4257076122852,509.81124074780416,514.2431942660954,15586200,MSFT
2025-10-22,517.2639770507812,521.9244631183706,514.4518312300626,517.870184130928,18962700,MSFT
2025-10-23,517.283935546875,520.6526156742948,515.3461954332505,519.1720024577996,14023500,MSFT
2025-10-24,520.3147583007812,522.0437982801024,517.4330452189278,519.4999115166443,15532400,MSFT
2025-10-27,528.1749877929688,531.2157277722118,525.6807743511338,528.4333612309177,18734700,MSFT
2025-10-28,538.6585083007812,550.2351530342114,537.3667019364588,546.5385938392855,29986700,MSFT
2025-10-29,538.1417846679688,542.8321112501552,533.3521116884923,541.5104645203966,36023000,MSFT
2025-10-30,522.4512329101562,531.6032326010347,518.834126044735,527.1414993194383,41023100,MSFT
2025-10-31,514.5512084960938,525.9887810857076,511.85824179468614,525.5515477587454,34006400,MSFT
2025-11-03,513.776123046875,521.6562086548496,511.3514766558802,516.5385956979154,22374700,MSFT
2025-11-04,511.0931091308594,512.3054020147877,504.64393297114844,508.53927600780713,20958700,MSFT
2025-11-05,503.96826171875,511.5900049686576,503.39189488693165,510.06960470137113,23024300,MSFT
2025-11-06,493.9715576171875,502.51744045426454,492.6896676102462,502.47768369906356,27406500,MSFT
2025-11-07,493.6933288574219,496.2372153715257,490.1457889557352,493.8225155697467,24019800,MSFT
2025-11-10,502.8155822753906,503.6602390221828,495.6608820179433,496.8930989278779,26101500,MSFT
2025-11-11,505.4786682128906,506.39289163210333,499.18851875070465,501.6230817360039,17980000,MSFT
2025-11-12,507.9231872558594,508.4498505213197,495.9788149582036,506.1543604609167,26574900,MSFT
2025-11-13,500.12261962890625,510.2683558569415,498.13520636364063,507.09842927280135,25273100,MSFT
2025-11-14,506.96923828125,508.38031503091224,494.30942559248354,495.0944623167857,28505700,MSFT
2025-11-17,504.2961730957031,508.8970396915909,501.73242330739504,505.2501533046029,19092800,MSFT
2025-11-18,490.6824035644531,499.8145698875434,483.71651040889276,492.2524466910109,33815100,MSFT
2025-11-19,484.05438232421875,492.0736023312663,479.79137227085766,487.0156390818261,23245300,MSFT
2025-11-20,476.3088684082031,491.3817596467919,473.39186588492817,490.5255566668064,26802500,MSFT
2025-11-21,470.0268249511719,476.796695003642,466.19388806310616,476.3785437287191,31769200,MSFT
2025-11-24,471.8985290527344,474.7856658755464,465.9450303435204,472.8940955697233,34421000,MSFT
2025-11-25,474.8752136230469,477.0256407210385,462.82888433135173,471.9681767111092,28019800,MSFT
2025-11-26,483.3475036621094,486.14504291080743,479.06658014921754,484.1539100429923,25709100,MSFT
2025-11-28,489.82867431640625,490.44592067381114,484.49242217644115,485.4382224868377,14386700,MSFT
2025-12-01,484.5820007324219,487.68816317334665,482.5012705124726,486.27447583839387,23964000,MSFT
2025-12-02,487.82757568359375,491.312058367048,484.16389832530854,484.56211884124775,19562700,MSFT
2025-12-03,475.6119689941406,482.09308589504883,473.0931871020635,474.2082166599713,34615100,MSFT
2025-12-04,478.7081604003906,479.186043226252,474.3774403367437,477.6329620200481,22318200,MSFT
2025-12-05,481.01788330078125,481.2568095233099,476.7568601661199,480.3807061976695,22608700,MSFT
2025-12-08,488.8430480957031,490.11737199051475,482.2325023858298,482.74025101921535,21965900,MSFT
2025-12-09,489.8385925292969,489.93815525049575,486.33420957194573,486.93155551686203,14696100,MSFT
2025-12-10,476.4382629394531,482.10303829287767,472.973680864489,481.88401246545567,35756200,MSFT
2025-12-11,481.3265075683594,483.8751552220924,473.750231167373,474.51683677020293,24669200,MSFT
2025-12-12,476.4084167480469,480.31105063829824,474.22812377070755,477.69270598810584,21248100,MSFT
2025-12-15,472.7148742675781,478.588710310573,470.42505317808707,477.97146396596463,23727700,MSFT
2025-12-16,474.2779235839844,475.7712732838117,468.79234263095657,469.8177748762136,20705600,MSFT
2025-12-17,474.00909423828125,477.8718969329872,472.8940646732686,474.79560024235434,24527200,MSFT
2025-12-18,481.8342590332031,487.4293375934554,475.7712630284666,476.06992080908344,28573500,MSFT
2025-12-19,483.7656555175781,485.68709144559693,480.35083955461556,485.1992432324443,70836100,MSFT
2025-12-22,482.7701110839844,486.5632169440421,480.5499868948874,483.9647726311972,16963000,MSFT
2025-12-23,484.6915588378906,485.66719456773416,482.5908977144131,482.829854335465,14683600,MSFT
2025-12-24,485.8563232421875,486.99128356758627,482.680463867149,483.5267014178325,5855900,MSFT
2025-12-26,485.5477294921875,485.95591540329985,483.8054881161676,484.5521629916047,8842200,MSFT
2025-12-29,484.9404296875,486.1848877649252,482.0333622504328,482.71034015280554,10893400,MSFT
2025-12-30,485.3187561035156,487.5089841188462,483.3475235456682,483.77560983811236,13944500,MSFT
2025-12-31,481.4758605957031,485.97584057107747,481.15727202744546,485.6771523949816,15601600,MSFT
2026-01-02,470.84320068359375,482.5112407273309,468.07552715971417,482.24244872265706,25571600,MSFT
2026-01-05,470.75360107421875,473.95932625248497,467.41844739653146,471.95822796941724,25250300,MSFT
2026-01-06,476.3885192871094,476.617480129593,467.6673473241013,471.69937935780575,23037700,MSFT
2026-01-07,481.3265075683594,487.5288974221053,475.83099176167434,477.63296458601815,25564200,MSFT
2026-01-08,475.9902648925781,480.5201105081445,473.7502403609407,479.10639276886474,18162600,MSFT
2026-01-09,477.15509033203125,477.6927047258898,470.106493184136,471.9582322108041,18491000,MSFT
2026-01-12,475.06439208984375,478.85749783991434,473.57104241242143,474.5566738594685,23519900,MSFT
2026-01-13,468.5832824707031,473.6706125344443,463.88420753037366,472.57548334410274,28545800,MSFT
2026-01-14,457.3433532714844,466.12425727832346,455.14315976714454,464.3919508718589,28184300,MSFT
2026-01-15,454.6354064941406,462.191752665677,453.8787662235596,462.06232415810086,23225800,MSFT
2026-01-16,457.8211975097656,461.13645097900303,454.4562082505655,455.8001987238622,34246700,MSFT
2026-01-20,452.5048522949219,454.77474258752966,447.28809381488645,449.2194951600843,26130000,MSFT
2026-01-21,442.1409912109375,450.6829681667298,436.73507280530305,450.5933708341933,37980500,MSFT
2026-01-22,449.1398620605469,450.8323067932568,442.7284117030413,445.6354487179439,25349400,MSFT
2026-01-23,463.8841857910156,469.01134678020316,448.5325382185013,449.8665935761158,38000200,MSFT
2026-01-26,468.1949768066406,472.14737672642065,459.9516880286902,463.2470104625561,29291200,MSFT
2026-01-27,478.4493408203125,480.72919663912324,471.06225431764057,471.59986874099184,29213900,MSFT
2026-01-28,479.4946594238281,481.59528998521284,475.8807484603396,481.0676409982362,36875400,MSFT
2026-01-29,431.57806396484375,440.5381621786467,419.1533835040837,438.0392806211351,128855300,MSFT
2026-01-30,428.3822937011719,437.65101486434605,424.55932220203715,437.2229285851671,58566800,MSFT
2026-02-02,421.49298095703125,428.8303011436502,420.37795134689077,428.33251789753194,42219900,MSFT
2026-02-03,409.3868713378906,420.178808008447,406.7486263222299,420.1390072256922,61424100,MSFT
2026-02-04,412.35369873046875,417.93881231579195,407.4256323109538,409.17783910585314,45012400,MSFT
2026-02-05,391.9246520996094,406.4897635323938,390.5806313349955,405.6335909812077,66289200,MSFT
2026-02-06,399.3615417480469,400.0086538663787,391.17798428483076,397.4002746193236,53515300,MSFT
2026-02-09,411.76629638671875,413.05058563481117,399.0927243377603,403.0550898097971,45480500,MSFT
2026-02-10,411.437744140625,421.80159473973595,410.8702943432265,417.75959730190846,44857900,MSFT
2026-02-11,402.5771789550781,414.61357304478975,399.2320904458023,414.33481566901673,42491000,MSFT
2026-02-12,400.05841064453125,404.3990960787573,396.24540458526855,403.20440420967,40802400,MSFT
2026-02-13,399.5407409667969,403.7420326637702,396.2852191820681,402.65686886295305,34091600,MSFT
2026-02-17,395.1004943847656,398.7442713079252,392.78083787972264,397.45004705087115,32078800,MSFT
2026-02-18,397.8283386230469,400.77520665339193,394.56288205367116,396.3648548030424,23223400,MSFT
2026-02-19,397.5988464355469,403.55594539020564,395.8127368785549,399.82403795970674,28234000,MSFT
2026-02-20,396.37152099609375,399.2552593187824,394.3059873534157,395.2539159508346,34015200,MSFT
2026-02-23,383.6390686035156,394.50551684604494,382.27203437696886,394.14630950985264,43238300,MSFT
2026-02-24,388.1593017578125,388.5185091169527,380.88504821898124,383.30981969967445,33884700,MSFT
2026-02-25,399.7342224121094,400.60233728073825,389.31678308531696,389.68597856263057,43625500,MSFT
2026-02-26,400.851806640625,406.6093255926281,397.8782360341113,403.8353349281015,34405900,MSFT
2026-02-27,391.8912048339844,395.9624042352165,389.0374004516944,390.03523926255787,51367200,MSFT
2026-03-02,397.6886291503906,400.32293811697235,389.78576315389057,392.01092411942045,35474900,MSFT
2026-03-03,403.0570068359375,405.82103971635513,391.82136299902305,392.2903484387299,38199200,MSFT
2026-03-04,404.32427978515625,410.14166638677375,399.44483360720756,400.4027502952161,35808000,MSFT
2026-03-05,409.79241943359375,410.72040218284053,403.525993165685,403.54596943015656,39001300,MSFT
2026-03-06,408.0761413574219,412.1572983375802,407.6271321747383,408.31564337314285,31123900,MSFT
2026-03-09,408.5251770019531,409.3234358422322,402.62794618065146,404.044890641513,30131900,MSFT
2026-03-10,404.8830871582031,409.31349393117443,402.05918625996463,409.1438479339772,31706400,MSFT
2026-03-11,404.0049743652344,408.1260534422115,400.7220762180728,404.6934855668013,25512100,MSFT
2026-03-12,400.9914855957031,405.2422886286942,400.84181586601125,403.7555185610488,27263900,MSFT
2026-03-13,394.69512939453125,403.9251383935716,393.3979511212616,400.13336309353434,26848000,MSFT
2026-03-16,399.08563232421875,399.7641553863696,393.9367805641587,397.209690545171,27733700,MSFT
2026-03-17,398.5467834472656,403.5259891234105,396.8903674487218,399.4049101655112,26228300,MSFT
2026-03-18,390.9432678222656,397.13983817793417,390.1549666521916,396.271723303423,25908500,MSFT
2026-03-19,388.1792297363281,391.6417315076428,386.2234742615233,389.2569126674818,25138800,MSFT
2026-03-20,381.0447082519531,386.16362631018524,379.29849030352204,385.95408868282834,50853200,MSFT
2026-03-23,382.1722717285156,386.3731646745857,380.85511716508233,383.07032058481127,29680100,MSFT
2026-03-24,371.9344177246094,381.6434000325674,371.04635704379217,381.53362193174286,42733600,MSFT
2026-03-25,370.2381286621094,376.2451074667104,368.831172255135,376.10542586510894,31181200,MSFT
2026-03-26,365.1790771484375,373.9101668945663,364.4007640805619,370.01860155518807,36836600,MSFT
2026-03-27,355.9989318847656,361.6666793192034,355.73951450811694,361.11784971721505,37883400,MSFT
2026-03-30,358.1842041015625,364.5703662773937,355.51000344849933,361.1178525849577,44797000,MSFT
2026-03-31,369.3699951171875,372.09407550142714,362.28533367877645,363.7621155862403,45244400,MSFT
2026-04-01,368.57171630859375,373.1817267376728,367.4042619540212,372.682807332766,29417200,MSFT
2026-04-02,372.6528625488281,372.83249667260446,363.3629859357669,366.41637016886637,24099100,MSFT
2026-04-06,372.0741271972656,372.92229624611906,368.70142726638517,372.682794233078,16146600,MSFT
2026-04-07,371.48541259765625,371.64507045865594,365.7677853538718,369.5396147715723,21443300,MSFT
2026-04-08,373.52099609375,384.167949815935,370.6073237610428,384.148004001906,33064800,MSFT
2026-04-09,372.26373291015625,372.6927962909368,366.2567237727329,371.6949574789129,30435300,MSFT
2026-04-10,370.0684814453125,374.8281921461914,369.23030048358606,372.17393720824543,28111100,MSFT
2026-04-13,383.539306640625,383.70895264062807,370.2181521550117,372.8025510733858,35745800,MSFT
2026-04-14,392.2604064941406,393.83700889302276,385.684652281273,387.0816509997633,37504500,MSFT
2026-04-15,410.3312683105469,413.47445440771634,395.8725939925935,397.1398382929036,45063400,MSFT
2026-04-16,419.35174560546875,419.9105328997013,411.2492993874727,418.95258572248235,41642400,MSFT
2026-04-17,421.87628173828125,430.64726300981,419.78081413338697,423.9018933176335,48568200,MSFT
2026-04-20,417.1664733886719,422.4150847565369,415.40027922801784,420.2398034863272,27582200,MSFT
2026-04-21,423.2433166503906,426.25677891783357,416.2983670043314,419.33177508554746,32048500,MSFT
2026-04-22,431.984375,432.7626880248645,422.7543663498755,425.2689090952171,29378200,MSFT
2026-04-23,414.8514709472656,422.7443793162959,410.5208543154444,418.9825380949446,38308000,MSFT
2026-04-24,423.7023010253906,424.0316048781353,414.9013556123021,416.0688403922519,27457400,MSFT
2026-04-27,423.9018859863281,426.1869149113369,416.1686352924954,421.46715688013995,30867300,MSFT
2026-04-28,428.3222961425781,428.99086152362304,420.9881750222059,423.6524179624475,30438100,MSFT
2026-04-29,423.5426330566406,425.8975483734993,419.38166246548025,423.6623688360089,38288300,MSFT
2026-04-30,406.8987121582031,413.5243765293071,397.1498378648014,409.92216255995794,70909400,MSFT
2026-05-01,413.5443115234375,416.2085240460113,409.5529563541748,411.9078412872606,31372400,MSFT
2026-05-04,412.72607421875,419.87060358807366,409.91216153093814,410.6505829404435,28066500,MSFT
2026-05-05,410.4909362792969,415.8792597859335,407.916495085617,414.42242364358015,25700900,MSFT
2026-05-06,413.0653381347656,417.51572107575487,404.23445872829495,407.11822745622237,30285900,MSFT
2026-05-07,419.8606262207031,427.05506598481406,417.8549909144547,419.2020489501835,34942400,MSFT
2026-05-08,414.22283935546875,417.7252633012779,413.105264767488,416.48795292910256,33383800,MSFT
2026-05-11,411.7681579589844,411.79809190456297,404.6236285818644,406.9885016374445,35657900,MSFT
2026-05-12,406.8887023925781,414.6020070114768,405.76117016707224,413.58422243338293,38594200,MSFT
2026-05-13,404.3342590332031,405.4318878236479,400.1633000811369,402.3286237155428,29667100,MSFT
2026-05-14,408.5451354980469,410.94993067744383,400.013625877668,403.6058516736889,27077500,MSFT
2026-05-15,421.0081481933594,427.24464052002446,412.01761111071977,413.3746572242232,50771200,MSFT
2026-05-18,422.6246643066406,424.2012362508279,414.7117792841577,415.71960624154525,32564100,MSFT
2026-05-19,416.51788330078125,431.7648588737268,415.58987007798993,428.9708919761278,33018700,MSFT
2026-05-20,420.1499938964844,421.18775475321456,410.4110776678385,413.2749005432513,27864000,MSFT
2026-05-21,419.0899963378906,426.3399963378906,415.7099914550781,424.75,31393500,MSFT
2026-05-22,418.57000732421875,424.3999938964844,416.3299865722656,419.5400085449219,22390300,MSFT
2026-05-26,416.0299987792969,419.7699890136719,413.0199890136719,416.42999267578125,30398000,MSFT
2026-05-27,412.6700134277344,415.94000244140625,409.5799865722656,411.010009765625,28901500,MSFT
2026-05-28,426.989990234375,429.489990234375,412.6700134277344,412.9800109863281,47250500,MSFT
2026-05-29,450.239990234375,450.3299865722656,432.3599853515625,432.54998779296875,79654400,MSFT
2026-06-01,460.5199890136719,466.32000732421875,458.2699890136719,464.8399963378906,53628900,MSFT
2026-06-02,441.30999755859375,453.5,440.42999267578125,446.8800048828125,37036800,MSFT
2026-06-03,427.3399963378906,440.3900146484375,424.25,438.45001220703125,39037000,MSFT
2026-06-04,428.04998779296875,436.1499938964844,426.4100036621094,435.80999755859375,26899500,MSFT
2026-06-05,416.6700134277344,429.4700012207031,414.3999938964844,428.3399963378906,34782200,MSFT
2026-06-08,411.739990234375,417.1600036621094,408.55999755859375,414.1400146484375,32086700,MSFT
2026-06-09,403.4100036621094,411.9800109863281,398.4800109863281,409.0299987792969,35317300,MSFT
2026-06-10,397.3599853515625,405.0400085449219,397.1600036621094,398.54998779296875,32576000,MSFT
2026-06-11,390.3399963378906,396.8500061035156,384.0,395.2099914550781,47224100,MSFT
2026-06-12,390.739990234375,391.739990234375,382.2699890136719,391.42999267578125,34865800,MSFT
2026-06-15,399.760009765625,401.75,392.8500061035156,396.79998779296875,32266400,MSFT
2026-06-16,393.8299865722656,396.8399963378906,390.69000244140625,395.7900085449219,31506800,MSFT
2026-06-17,378.9100036621094,390.3699951171875,377.32000732421875,390.25,41987800,MSFT
2026-06-18,379.3999938964844,381.3699951171875,373.2799987792969,377.82000732421875,59714200,MSFT
2026-06-22,367.3399963378906,381.6300048828125,367.07000732421875,375.739990234375,45171100,MSFT
2026-06-23,373.94000244140625,377.2200012207031,370.6700134277344,372.3800048828125,40647600,MSFT
2026-06-24,365.4599914550781,378.8800048828125,364.7799987792969,371.57000732421875,44509900,MSFT
2026-06-25,352.8299865722656,364.2300109863281,349.20001220703125,362.7699890136719,66179000,MSFT
2026-06-26,372.9700012207031,376.6099853515625,355.42999267578125,357.1499938964844,186201600,MSFT
2026-06-29,368.57000732421875,380.5,359.8999938964844,377.5,51229900,MSFT
2026-06-30,373.0199890136719,374.1499938964844,367.45001220703125,371.0299987792969,44945700,MSFT
2026-07-01,384.2799987792969,388.8299865722656,374.8900146484375,380.8299865722656,48065800,MSFT
2026-07-02,390.489990234375,392.20001220703125,383.70001220703125,384.4800109863281,42128900,MSFT
2026-07-06,386.739990234375,389.1499938964844,381.2200012207031,387.0400085449219,34224500,MSFT
2026-07-07,388.8399963378906,395.57000732421875,388.2200012207031,392.489990234375,29297500,MSFT
2026-07-08,383.3399963378906,385.30999755859375,381.3299865722656,384.0299987792969,25908300,MSFT
2026-07-09,384.3599853515625,384.6499938964844,373.3500061035156,374.45001220703125,31083200,MSFT
2026-07-10,385.1000061035156,391.9100036621094,381.5,387.79998779296875,24644600,MSFT
2026-07-13,390.989990234375,393.6499938964844,384.1499938964844,387.75,28914900,MSFT
2026-07-14,384.92999267578125,388.19000244140625,378.6499938964844,382.82000732421875,27863900,MSFT
2026-07-15,395.6300048828125,398.9599914550781,386.3999938964844,387.79998779296875,36253700,MSFT
2026-07-16,401.1000061035156,405.989990234375,392.04998779296875,398.30999755859375,37047400,MSFT
2026-07-17,393.82000732421875,398.3900146484375,389.3900146484375,394.8599853515625,33049800,MSFT
2026-07-20,402.2900085449219,403.17999267578125,389.6499938964844,391.4100036621094,27915800,MSFT
2026-07-21,397.75,401.4700012207031,396.32000732421875,398.80999755859375,24126600,MSFT
2026-07-22,390.3399963378906,401.0,386.9599914550781,399.5799865722656,28142500,MSFT
2026-07-23,381.5799865722656,391.7799987792969,377.3900146484375,389.9700012207031,30351800,MSFT
2026-07-24,381.70001220703125,389.0299987792969,380.6499938964844,387.04998779296875,27659400,MSFT
2026-07-27,389.1000061035156,394.20001220703125,387.989990234375,390.0799865722656,27856200,MSFT
2026-07-28,393.3500061035156,400.32000732421875,391.29998779296875,393.1600036621094,32367500,MSFT
2026-07-29,390.5400085449219,401.25,388.739990234375,393.3999938964844,47209000,MSFT
2026-07-30,451.1000061035156,458.69000244140625,432.44000244140625,437.8999938964844,110160700,MSFT
2026-07-31,464.7200012207031,466.8399963378906,449.3299865722656,450.0,60846000,MSFT
2026-08-03,487.6499938964844,491.6499938964844,475.0,476.1300048828125,66762100,MSFT
2026-08-04,492.80999755859375,499.44000244140625,479.1700134277344,480.8999938964844,50455500,MSFT
2026-08-05,487.4599914550781,498.239990234375,485.67999267578125,496.3599853515625,33388900,MSFT
2026-08-06,499.8599853515625,501.55999755859375,488.5199890136719,488.54998779296875,36397900,MSFT
2026-08-07,502.42999267578125,505.17999267578125,499.1199951171875,499.2099914550781,11839392,MSFT
2024-08-07,157.72384643554688,161.7329270375027,157.2574415077753,160.01616866155442,25138600,GOOGL
2024-08-08,160.79019165039062,162.4374934400702,158.9841256428161,159.28181801513983,25578800,GOOGL
2024-08-09,162.4176483154297,162.53672526881738,157.84292193770273,158.78564981676743,28602300,GOOGL
2024-08-12,161.04820251464844,163.638232240746,160.60164879815585,163.09245277727376,15895300,GOOGL
2024-08-13,162.90390014648438,163.46953080218395,161.72300324977175,162.15963892338314,18551700,GOOGL
2024-08-14,159.14288330078125,161.9710818575429,156.5032484754406,161.15734902797854,40591100,GOOGL
2024-08-15,160.06578063964844,160.40317542086007,158.38870962322818,159.27189898700752,31524300,GOOGL
2024-08-16,161.71310424804688,163.7970268327427,159.89710483293223,160.2344996596875,24208600,GOOGL
2024-08-19,165.39468383789062,165.41453504299912,163.00312088041883,164.0153203524916,22416200,GOOGL
2024-08-20,165.90078735351562,167.34962258490438,165.54355648931903,165.62293103111787,18341500,GOOGL
2024-08-21,164.58099365234375,165.57334208523812,163.41001462767,163.8863376356894,22902000,GOOGL
2024-08-22,162.54666137695312,166.3076549289941,162.06040523845343,165.9801781592332,22493300,GOOGL
2024-08-23,164.3527069091797,164.9084194881608,162.5764102626484,163.45959957039315,13955700,GOOGL
2024-08-26,164.88861083984375,166.26797448558267,163.20162161831215,165.1069286953162,14190400,GOOGL
2024-08-27,163.41993713378906,165.16648011438994,163.20163440324978,164.57106498154224,11821900,GOOGL
2024-08-28,161.6039276123047,164.33288545251102,160.2940205808296,163.77715768210635,16407400,GOOGL
2024-08-29,160.54209899902344,164.70004059767595,159.02380738480878,163.05273886524938,19699800,GOOGL
2024-08-30,162.12985229492188,162.407708577046,160.45278142936655,161.37565797884346,22123800,GOOGL
2024-09-03,156.15594482421875,160.61159459119546,155.28267338679814,160.48258445374879,38945300,GOOGL
2024-09-04,155.25291442871094,157.78340604462628,154.76667337142607,155.46131426900152,19353800,GOOGL
2024-09-05,156.036865234375,158.22994668183233,154.78649658056972,155.1040553313884,18688700,GOOGL
2024-09-06,149.7652130126953,156.62234382988387,149.39804896411633,156.09640040925774,37912100,GOOGL
2024-09-09,147.7679443359375,152.4282209390493,146.2873778721235,151.54385960268255,39260500,GOOGL
2024-09-10,147.71826171875,150.31172831197244,147.40028159964342,149.4969156283568,31118800,GOOGL
2024-09-11,150.202392578125,150.5402350111877,146.58545288467116,148.97024262197922,29607700,GOOGL
2024-09-12,153.71005249023438,153.839233801539,151.68296725155358,152.8256911821986,29621500,GOOGL
2024-09-13,156.46250915527344,157.37667920350046,154.2267627397466,154.44535510677574,29591200,GOOGL
2024-09-16,157.0587158203125,157.2475146303272,155.60797314926953,156.31346693580858,18379800,GOOGL
2024-09-17,158.3107452392578,159.53294917671778,157.37669753536267,158.01264265003823,20715600,GOOGL
2024-09-18,158.79762268066406,159.48325404924594,157.59529635899653,158.84730896980255,23677300,GOOGL
2024-09-19,161.11285400390625,162.7523953061902,160.31791891468873,162.67291544318158,26587700,GOOGL
2024-09-20,162.55369567871094,162.6928082081416,161.03338904917277,162.46426944453307,40896400,GOOGL
2024-09-23,160.82470703125,164.4416474906759,160.64583942390462,163.3088698512438,24150900,GOOGL
2024-09-24,161.26190185546875,162.18601827960998,159.67204679818846,161.9972194853163,23332100,GOOGL
2024-09-25,160.4669952392578,161.77862539142924,160.27819642927898,160.44711769027916,18869200,GOOGL
2024-09-26,161.69911193847656,163.0405658423745,161.25196569121914,162.60335078741144,20319300,GOOGL
2024-09-27,162.91139221191406,164.65030615932238,161.59976214731748,161.7786145898017,21101300,GOOGL
2024-09-30,164.79937744140625,165.09746486800793,162.22577308210086,162.28540572954867,20413900,GOOGL
2024-10-01,165.93212890625,168.08838020304094,163.53739254376728,166.62769139519463,28338100,GOOGL
2024-10-02,164.80929565429688,166.4587833748385,163.68644922877587,165.36574568962988,17760200,GOOGL
2024-10-03,164.80929565429688,165.5843532266716,162.88158291608877,163.3684842780683,15073100,GOOGL
2024-10-04,166.00167846679688,167.16426473931182,164.43168589066445,166.99534350266865,19047400,GOOGL
2024-10-07,161.94754028320312,167.4126985535878,161.71900154638254,166.65751850550026,22463100,GOOGL
2024-10-08,163.3386688232422,163.68644249996592,161.83822486594266,162.90145376713176,23072700,GOOGL
2024-10-09,160.83462524414062,163.7957428412033,158.72806019467495,162.4145490312399,31181800,GOOGL
2024-10-10,161.05325317382812,162.03698715416354,159.38388779769477,159.8509116423071,14144100,GOOGL
2024-10-11,162.2059326171875,162.861740206471,160.21860197324213,161.10296350331262,15344300,GOOGL
2024-10-14,163.91500854492188,165.17695235890986,162.36487818674945,162.60336327926677,19016100,GOOGL
2024-10-15,164.41184997558594,166.61777276120088,163.5871060435806,164.73974614754195,20247200,GOOGL
2024-10-16,164.11375427246094,164.749699418007,162.70275145459712,163.4877403209242,16406000,GOOGL
2024-10-17,161.89785766601562,165.3160682513299,161.7289364078274,164.68012315374543,21453400,GOOGL
2024-10-18,162.38473510742188,163.66657146894778,162.04689264086656,162.15619639911972,19757700,GOOGL
2024-10-21,163.03065490722656,163.45792366085925,161.58982825285435,161.9177395848208,20946500,GOOGL
2024-10-22,164.09384155273438,164.71985537010008,161.94752146073054,161.94752146073054,16568100,GOOGL
2024-10-23,161.74879455566406,164.7695447784646,160.90417320390316,163.71624709624942,18280500,GOOGL
2024-10-24,161.689208984375,162.295345386955,159.99003475349392,161.7985127672051,22412500,GOOGL
2024-10-25,164.22303771972656,164.54100267206263,162.38475119304076,162.63316747166715,19828900,GOOGL
2024-10-28,165.6638641357422,167.68100328825437,162.91140727340738,167.68100328825437,32138600,GOOGL
2024-10-29,168.6051025390625,169.30068030332265,166.03151333010814,166.6674584466476,42169000,GOOGL
2024-10-30,173.3548126220703,180.86691803166593,172.95733750175077,179.5353953312524,68890800,GOOGL
2024-10-31,170.02603149414062,175.69986574053596,169.91672772946706,172.03323918990733,44769000,GOOGL
2024-11-01,170.20489501953125,171.22838406204764,167.8101735573136,168.9926374988831,31796500,GOOGL
2024-11-04,168.1678924560547,169.64844379948434,166.9456734265419,168.8535086611848,21492700,GOOGL
2024-11-05,168.6647186279297,169.44970738138483,167.77041094544956,168.3566697123956,18242100,GOOGL
2024-11-06,175.39181518554688,175.81909904785277,172.40088879790804,172.69899134986846,33695500,GOOGL
2024-11-07,179.60498046875,179.93289179611503,176.067534869967,176.28614242154367,25352900,GOOGL
2024-11-08,177.22018432617188,179.7540183112244,176.95189049215537,179.50560202546419,22006200,GOOGL
2024-11-11,179.20751953125,179.40624953288767,177.33942415917616,177.44872793439595,17450400,GOOGL
2024-11-12,180.46945190429688,181.33395085774214,178.25358296080182,178.68086684117154,25134900,GOOGL
2024-11-13,177.74681091308594,179.81363605883408,177.40895326922643,179.31680352847516,23184000,GOOGL
2024-11-14,174.4677276611328,177.68720818344102,173.21571503907634,177.15062051532624,31007500,GOOGL
2024-11-15,171.39732360839844,173.03686519817956,170.13536450155812,172.6294588087237,32504600,GOOGL
2024-11-18,174.1894989013672,174.32861141194803,171.80469351153303,172.32140362031606,20135300,GOOGL
2024-11-19,176.9916229248047,177.73687175049812,172.46051249052883,172.61950254558704,23434900,GOOGL
2024-11-20,174.86520385742188,176.55443172495526,172.6791433722535,176.21658918387422,18997100,GOOGL
2024-11-21,166.56808471679688,173.0269078339117,162.6629730093742,172.79835394534456,59734400,GOOGL
2024-11-22,163.7162628173828,165.40550568311707,162.8617101914929,164.79936934193785,38604600,GOOGL
2024-11-25,166.58795166015625,167.56175439657423,164.56088148234778,165.0378364955745,33135300,GOOGL
2024-11-26,168.04864501953125,168.74422275300518,166.5184073625678,166.5680936524055,20486700,GOOGL
2024-11-27,168.157958984375,168.40637528649307,166.95563257291508,167.92942023182215,19266500,GOOGL
2024-11-29,167.87969970703125,168.35665466444746,166.101046017883,167.43255348682078,14257200,GOOGL
2024-12-02,170.40365600585938,170.98991485352522,167.50215534937632,167.70088536324786,23789100,GOOGL
2024-12-03,170.25457763671875,171.5860852555961,169.7676914327812,170.40363650165742,22248700,GOOGL
2024-12-04,173.26539611816406,173.80198381709815,169.97636673123043,170.06579296034354,31615100,GOOGL
2024-12-05,171.5463409423828,174.9446737388749,171.2383071896845,174.24911120663256,21356200,GOOGL
2024-12-06,173.6032257080078,173.9708769207123,170.77127428081718,170.94019551806315,21462400,GOOGL
2024-12-09,174.45875549316406,175.3441303590525,172.7476915668061,173.05609352730906,25389600,GOOGL
2024-12-10,184.20782470703125,185.3916437019826,180.10923775533584,181.8998876981403,54813000,GOOGL
2024-12-11,194.3846893310547,194.59360484337623,183.88951960925283,184.34712093414166,67894100,GOOGL
2024-12-12,190.9625701904297,194.16582489848338,190.71386920648584,193.98676747620544,34817500,GOOGL
2024-12-13,188.8336944580078,191.72856243728444,188.65462185235455,190.01749841639386,25143500,GOOGL
2024-12-16,195.63815307617188,197.96599073113543,191.61913652261555,191.86783751599637,44934900,GOOGL
2024-12-17,194.40457153320312,200.37339478634232,193.96685539925252,196.22506444695088,43504000,GOOGL
2024-12-18,187.42105102539062,195.97637074387896,186.76449197962535,194.20562099415744,34166100,GOOGL
2024-12-19,187.5304718017578,192.0269895380088,187.40115762090377,190.63427019379503,32265200,GOOGL
2024-12-20,190.41542053222656,191.88772607244653,184.25758188521124,184.8146696474835,63462900,GOOGL
2024-12-23,193.61868286132812,194.0862418964859,189.16195057639908,191.6191173596315,25675000,GOOGL
2024-12-24,195.09100341796875,195.09100341796875,192.7731083908338,193.82759815006608,10403300,GOOGL
2024-12-26,194.5836639404297,195.7276824419866,193.37000187433253,194.1359900072514,12046600,GOOGL
2024-12-27,191.75840759277344,194.30511850410315,189.6593706110804,193.93703071352402,18891400,GOOGL
2024-12-30,190.24630737304688,191.5494980812226,188.13731273783964,188.8137872976618,14264700,GOOGL
2024-12-31,188.31637573242188,190.96255767118524,187.53047217416017,190.0871254076539,17466900,GOOGL
2025-01-02,188.44569396972656,191.00234725825092,186.52572974438567,189.65935593229025,20370800,GOOGL
2025-01-03,190.79345703125,192.2060921029038,188.9928641770284,190.37564116282604,18596200,GOOGL
2025-01-06,195.8470458984375,197.19003728298551,192.8427489428689,192.9720631324044,29563600,GOOGL
2025-01-07,194.47421264648438,199.95557646710608,193.58883781557628,196.08579004713673,26487200,GOOGL
2025-01-08,192.9422149658203,195.27005246800397,191.3803807232366,191.5693958945213,24864800,GOOGL
2025-01-10,191.04214477539062,195.49887742154428,189.32113818407666,193.29041142782185,26665200,GOOGL
2025-01-13,190.01747131347656,190.1865861405531,186.38644345909503,189.08236847778906,21823700,GOOGL
2025-01-14,188.67449951171875,190.98243652196967,187.33150825894856,190.2462913969121,17174900,GOOGL
2025-01-15,194.53392028808594,195.33970907887064,190.86309119272985,192.0866958313472,21776000,GOOGL
2025-01-16,191.9076385498047,194.4642768734046,191.8081520804567,193.13124318936406,17815400,GOOGL
2025-01-17,194.9815673828125,196.2051719482703,192.74325857357104,195.50881224351804,27735100,GOOGL
2025-01-21,197.0209197998047,201.23887871445535,196.84184720049228,198.03562405056638,29971300,GOOGL
2025-01-22,197.33924865722656,199.43828553458843,196.5036170079127,198.02566579041408,26200600,GOOGL
2025-01-23,196.95127868652344,199.25923110054313,194.18572496319172,197.11045095911172,26951400,GOOGL
2025-01-24,199.16969299316406,199.85609492474924,196.9711697228321,197.07065618338206,23877500,GOOGL
2025-01-27,190.81333923339844,195.85700244066396,189.73894916830926,191.41022766272687,41728900,GOOGL
2025-01-28,194.2852020263672,194.4642594397363,189.6891977496922,191.7484490804529,24157900,GOOGL
2025-01-29,194.3946533203125,195.76747251851242,192.4249304706921,194.54386784853932,18218300,GOOGL
2025-01-30,199.82626342773438,200.3535083038363,196.6428938419765,196.97118096512546,24354700,GOOGL
2025-01-31,202.95989990234375,204.41230512426117,200.75143398674038,200.95039173473552,32001100,GOOGL
2025-02-03,200.1844024658203,202.69131276848185,199.0602842802592,199.64721499071638,27838300,GOOGL
2025-02-04,205.30764770507812,205.97416454187623,201.75619025433605,202.33317837712485,43856400,GOOGL
2025-02-05,190.33583068847656,191.74845039513906,187.05297480534406,190.0771871408914,70373900,GOOGL
2025-02-06,190.6044464111328,191.10184839531686,187.73940612479137,188.5153520057582,29297400,GOOGL
2025-02-07,184.376953125,190.18660431911357,182.28787402069702,190.05729013281342,49315000,GOOGL
2025-02-10,185.5010986328125,187.22210526115876,184.8942676002274,186.37653098919859,23105600,GOOGL
2025-02-11,184.35707092285156,185.96864842614565,183.3224663388948,184.0685692836796,21239500,GOOGL
2025-02-12,182.65594482421875,184.14815067534644,180.88519509524076,182.26797191010567,22072600,GOOGL
2025-02-13,185.1728057861328,185.3120777313061,182.18839394998832,183.36227049888035,21402500,GOOGL
2025-02-14,184.26754760742188,185.43146650970297,183.36228746976212,184.09843274259524,20448400,GOOGL
2025-02-18,182.8151092529297,184.99373213088467,180.79565863535095,184.6356021347893,29916700,GOOGL
2025-02-19,184.3073272705078,184.4963424448096,182.63604878465782,183.11356559747395,19549400,GOOGL
2025-02-20,183.60101318359375,184.34711614040583,181.77057757262898,183.83977159439488,20441500,GOOGL
2025-02-21,178.72647094726562,184.37694976979722,178.14948286814752,184.18793460152546,35199200,GOOGL
2025-02-24,178.31861877441406,182.16850543528213,177.9604887236702,181.04438722615922,29854200,GOOGL
2025-02-25,174.50851440429688,177.81127094293745,173.7823117406095,177.11489600513676,41913400,GOOGL
2025-02-26,171.83248901367188,175.16508845335508,170.68847049649932,174.1603418876601,35431300,GOOGL
2025-02-27,167.62445068359375,173.65295965631302,167.06736294980485,173.0859293485287,39991000,GOOGL
2025-02-28,169.39520263671875,169.7234897370402,165.90344649975822,167.80351036476668,48130600,GOOGL
2025-03-03,166.14219665527344,172.46915017235435,165.06780660374991,171.0366301036563,40770500,GOOGL
2025-03-04,170.03189086914062,172.38957139478455,164.93849945595062,165.37621562667857,45388000,GOOGL
2025-03-05,172.1209716796875,172.87701716435777,168.18154163334694,169.63396197807168,30954900,GOOGL
2025-03-06,171.4544677734375,173.9016770030345,169.61407438427003,169.64391728856972,28302000,GOOGL
2025-03-07,172.9566192626953,174.06085227932917,169.38527664457013,170.3701228624436,27385800,GOOGL
2025-03-10,165.19815063476562,167.77767157580016,163.0269878624875,167.57846950382446,43604000,GOOGL
2025-03-11,163.37557983398438,166.074610170201,160.71639599552714,164.24206639490993,39587400,GOOGL
2025-03-12,166.43313598632812,166.96098805134596,162.86763464348198,165.9052839213103,28372400,GOOGL
2025-03-13,162.1007537841797,165.45711431897539,161.4533926135524,165.36746730396223,31756200,GOOGL
2025-03-14,164.8197021484375,165.8156517325666,161.79200690237369,162.60869285591215,31995900,GOOGL
2025-03-17,163.6245574951172,165.6264259709924,163.00707358955603,164.36156568984055,31184300,GOOGL
2025-03-18,160.01922607421875,163.5847275921019,156.08522805432327,163.01702900544848,42074800,GOOGL
2025-03-19,163.22618103027344,165.19815700358515,160.3478872642785,161.10480349722013,34275600,GOOGL
2025-03-20,162.14059448242188,164.22212545502225,160.3080509045436,160.91558075554488,28138500,GOOGL
2025-03-21,163.3258056640625,163.5747931026154,160.23835534721192,160.55706656311347,36625800,GOOGL
2025-03-24,167.00083923339844,167.63826163368083,164.47113366947016,166.3933245024789,30879100,GOOGL
2025-03-25,169.86917114257812,169.93889491315255,167.63825363596857,168.29556886017417,24174400,GOOGL
2025-03-26,164.39144897460938,168.92302298152063,164.17233883294872,168.31549307909538,28901600,GOOGL
2025-03-27,161.5828857421875,164.7499985121227,161.34385234187698,163.96320493120362,24508300,GOOGL
2025-03-28,153.7049102783203,161.1645785777556,153.0077485673884,159.8399637284922,48669300,GOOGL
2025-03-31,154.01364135742188,154.9099898943082,150.0497663121255,152.48983972652445,54603500,GOOGL
2025-04-01,156.43382263183594,157.45964958057314,152.99778409802235,152.99778409802235,30672900,GOOGL
2025-04-02,156.40391540527344,157.7683766642482,154.07339703462338,154.52157130636616,25041700,GOOGL
2025-04-03,150.10952758789062,152.16118136873095,149.78086239042807,150.49794733089453,46883400,GOOGL
2025-04-04,145.01028442382812,150.4581305746649,144.7911742710094,147.41051168463707,62259500,GOOGL
2025-04-07,146.15560913085938,152.23090799124293,139.96080117715204,140.9766740613606,76794100,GOOGL
2025-04-08,144.11390686035156,151.62337549950988,142.45067281990836,150.60750263275938,52200200,GOOGL
2025-04-09,158.0671844482422,158.90377855359424,143.3271257672898,143.83505464618503,70406200,GOOGL
2025-04-10,152.20101928710938,157.081166059798,149.32271046519142,155.9059376747643,48022000,GOOGL
2025-04-11,156.5035400390625,157.03139218045564,152.2010451058409,152.28070771093053,33636200,GOOGL
2025-04-14,158.42572021484375,161.06498074344722,156.92182649738766,159.35194610703772,30333000,GOOGL
2025-04-15,155.67689514160156,159.00336349160088,154.58135959003184,158.48548058954378,27551500,GOOGL
2025-04-16,152.70895385742188,155.25858239966342,150.89631829246227,152.47988970477897,28187400,GOOGL
2025-04-17,150.5477294921875,154.05346077696768,147.89850018503148,153.66504108133077,33046600,GOOGL
2025-04-21,147.07188415527344,148.346698501599,145.50825109483685,148.2769899279801,26049100,GOOGL
2025-04-22,150.8564910888672,151.5735760354548,147.93835078181212,148.2869392297591,26971800,GOOGL
2025-04-23,154.72079467773438,156.8919577671247,153.18702360261742,154.9797361333446,31128800,GOOGL
2025-04-24,158.6348419189453,158.9435838456132,155.15897254458986,155.5175149877812,45894000,GOOGL
2025-04-25,161.30401611328125,165.42724716152773,160.38772903857225,164.4014202116321,56034000,GOOGL
2025-04-28,159.95945739746094,162.48916256089402,157.95760427833062,161.77207767108948,29745800,GOOGL
2025-04-29,159.5113067626953,160.0889594093041,156.88200017636458,159.6706623611363,26809000,GOOGL
2025-04-30,158.15679931640625,158.62489684356424,154.7705615625615,157.34011335090173,34981100,GOOGL
2025-05-01,160.6466827392578,161.29404393761732,158.26636366652554,159.80011945187778,30203200,GOOGL
2025-05-02,163.36561584472656,164.3018109241553,161.21436100650547,162.7481319399907,25715000,GOOGL
2025-05-05,163.54490661621094,164.72011996544808,162.06093609508568,162.33980079480253,21341800,GOOGL
2025-05-06,162.56884765625,164.13249581033162,160.53711717512775,161.51314352018753,21277200,GOOGL
2025-05-07,150.76686096191406,164.33169015930102,147.24119073545722,163.41541831659652,127490100,GOOGL
2025-05-08,153.6551055908203,155.29841637896206,152.28069025725696,154.37219053033292,57498700,GOOGL
2025-05-09,152.13128662109375,154.42197351796025,151.5835113549108,153.54553309206753,32435300,GOOGL
2025-05-12,157.8181915283203,158.45559870977985,155.61713606908535,156.85211913184455,44138800,GOOGL
2025-05-13,158.8838653564453,159.91966162602043,155.52751949956448,158.14685705682408,42382100,GOOGL
2025-05-14,164.7001953125,166.32359816964652,158.9635305710967,159.3121190412647,48755900,GOOGL
2025-05-15,163.29591369628906,165.53680044166376,161.71234217984835,165.1682887318073,33146700,GOOGL
2025-05-16,165.51686096191406,168.66406524073284,164.94916241420358,167.05061660833445,42846900,GOOGL
2025-05-19,165.86541748046875,165.96501850592162,163.5548226203937,163.84364127903453,30426100,GOOGL
2025-05-20,163.31581115722656,167.8175076045031,162.24018376555952,165.75588463789506,46607700,GOOGL
2025-05-21,167.87728881835938,172.43874053476267,162.8975400271314,163.02701835873927,73416000,GOOGL
2025-05-22,170.1779022216797,176.05401394301808,170.0185618363875,171.15394376538748,74864400,GOOGL
2025-05-23,167.7876434326172,169.27161392343552,167.20999079586213,168.37525009523515,35211400,GOOGL
2025-05-27,172.19967651367188,172.4685871557562,169.31142880693562,169.4707843872067,37995700,GOOGL
2025-05-28,171.66188049316406,174.56009759174123,171.21370619473115,172.45864324425892,34784000,GOOGL
2025-05-29,171.16392517089844,173.71355410724578,169.93891122977584,173.29525703459385,29317300,GOOGL
2025-05-30,171.04440307617188,171.51250064033223,166.76181642373982,170.65598330984582,52639900,GOOGL
2025-06-02,168.34536743164062,169.18196148692468,166.7120106202351,167.16018492149544,38612300,GOOGL
2025-06-03,165.50689697265625,167.79758408844376,164.61054841286258,166.8116037120677,45084900,GOOGL
2025-06-04,167.3693389892578,167.5386486033552,165.68618167672102,166.0646474005772,26900800,GOOGL
2025-06-05,167.52870178222656,170.23767092126516,166.9112026488037,169.65006425936653,36379100,GOOGL
2025-06-06,172.97654724121094,173.79323333999866,170.13809953981024,170.13809953981024,35731800,GOOGL
2025-06-09,175.58908081054688,175.96800471005412,173.87397240224888,174.04348698482235,28935900,GOOGL
2025-06-10,178.0919647216797,180.59481935710423,174.41245877453574,175.69878257607027,61766100,GOOGL
2025-06-11,176.8455047607422,179.8569029175766,176.24720547354727,179.2586188457646,31646800,GOOGL
2025-06-12,175.20018005371094,176.21728270194464,174.25288557862032,175.6788103288989,20941900,GOOGL
2025-06-13,174.17312622070312,176.6261351195968,171.8996131999643,171.9494740114175,27663100,GOOGL
2025-06-16,176.26715087890625,176.43666545813562,174.15317124562452,174.23294549738824,27389200,GOOGL
2025-06-17,175.44947814941406,176.85547082344988,174.08338020939252,175.20018931566514,24973000,GOOGL
2025-06-18,172.8269805908203,176.0577543370001,172.70731159680278,175.50931582595604,28707500,GOOGL
2025-06-20,166.16598510742188,173.84407909995153,164.98934896898635,173.45518907949074,75659900,GOOGL
2025-06-23,164.72007751464844,166.86395520731054,161.53914984557392,165.7970070061314,57671000,GOOGL
2025-06-24,166.2956085205078,167.74148079179992,165.65742968002243,166.4451757427373,40524300,GOOGL
2025-06-25,170.19447326660156,171.86970222006798,167.07338726794845,167.15316152434053,35479000,GOOGL
2025-06-26,173.0463409423828,173.19592338119924,169.4565906415466,171.9394978428303,31796700,GOOGL
2025-06-27,178.0221405029297,178.17170771682706,171.241481190895,173.046329910377,108140200,GOOGL
2025-06-30,175.72866821289062,180.71444454135903,174.0833681106488,180.26572771487326,63378900,GOOGL
2025-07-01,175.33978271484375,175.58907153758963,173.03635642713306,175.24007631497474,35904500,GOOGL
2025-07-02,178.13182067871094,178.35119606008848,174.5719841997796,175.04063318866915,29128900,GOOGL
2025-07-03,179.019287109375,179.15888824066795,176.5463462627362,177.99221838299502,21689700,GOOGL
2025-07-07,176.28707885742188,178.78994839919216,175.1802358653973,178.550625649566,34175600,GOOGL
2025-07-08,173.86399841308594,177.44378228214464,172.31840465770773,177.34407588154812,40442500,GOOGL
2025-07-09,176.11756896972656,178.92955429499338,172.27853009035698,174.75147104078385,43025600,GOOGL
2025-07-10,177.11473083496094,177.92242424511252,173.88395719435462,175.1304013990042,29252400,GOOGL
2025-07-11,179.6774444580078,180.91390748840172,175.97799101310056,176.28710677069904,34282900,GOOGL
2025-07-14,181.04351806640625,183.14751640721383,179.16886118965368,180.49507959550706,32536600,GOOGL
2025-07-15,181.48226928710938,183.69595532751242,181.08341324296114,182.28996266650833,33448300,GOOGL
2025-07-16,182.44952392578125,183.80565587223137,181.5121954195811,182.71876014286474,33104200,GOOGL
2025-07-17,183.05776977539062,183.53640005379035,179.96658229342344,181.6218637248093,31992600,GOOGL
2025-07-18,184.53358459472656,185.8897166113161,183.1874338704536,184.87261379502777,34014500,GOOGL
2025-07-21,189.5592498779297,189.74869662525765,185.6204738288338,185.72019545617198,45803100,GOOGL
2025-07-22,190.7957000732422,191.10481579575136,186.9267476808465,190.9552485801447,44660200,GOOGL
2025-07-23,189.68887329101562,191.98233382433085,188.6418570458734,190.95526494810704,58681900,GOOGL
2025-07-24,191.62332153320312,197.38687762988894,190.45665172284095,196.4694966306823,74881700,GOOGL
2025-07-25,192.63046264648438,193.77720042486192,190.71592620592727,191.43387927305906,39785900,GOOGL
2025-07-28,192.03216552734375,193.49798500525145,190.29710986369858,193.0991137642733,38139500,GOOGL
2025-07-29,195.1931610107422,195.36267559548023,191.53360267868564,191.88259792418754,41389200,GOOGL
2025-07-30,195.970947265625,197.0379108346005,194.13618500265545,195.04360005779435,32445400,GOOGL
2025-07-31,191.35411071777344,195.43248777249184,190.54641729704366,195.15328548422434,51329200,GOOGL
2025-08-01,188.5919952392578,190.2871562824159,187.28572417197353,188.49227361862017,34832200,GOOGL
2025-08-04,194.48516845703125,194.71452513752175,189.579166069655,189.7486806495505,31547400,GOOGL
2025-08-05,194.1162109375,197.29713862348967,193.33843105874547,194.15610566816423,31602300,GOOGL
2025-08-06,195.53219604492188,196.0706684741306,193.11908183595835,193.94672263242092,21562900,GOOGL
2025-08-07,195.96096801757812,196.9780554903085,193.77719542929833,196.49942519635405,26321800,GOOGL
2025-08-08,200.84703063964844,202.03364795164893,196.60912036272285,196.65898117376335,39161800,GOOGL
2025-08-11,200.42822265625,200.90685295750995,198.50372015999918,200.36839577051538,25832400,GOOGL
2025-08-12,202.76156616210938,203.9182700251912,200.01938893683175,200.7971688962253,30397900,GOOGL
2025-08-13,201.385498046875,203.94817934449617,196.94814463612107,203.5493232968563,28342900,GOOGL
2025-08-14,202.3627166748047,203.85844975532365,200.65757426824428,200.9268104830451,25230400,GOOGL
2025-08-15,203.31996154785156,205.85274455493158,200.70741950553764,203.270115954676,34931400,GOOGL
2025-08-18,202.92111206054688,204.68608127587706,201.91399064284568,203.61911775674488,18526600,GOOGL
2025-08-19,200.99661254882812,202.86128819689205,199.39119181596234,202.45245084896237,24240200,GOOGL
2025-08-20,198.7530059814453,200.70742189093835,196.04074228977996,200.15898342104597,28955500,GOOGL
2025-08-21,199.18177795410156,201.9040077554449,198.86268094385764,199.18177795410156,19774600,GOOGL
2025-08-22,205.50375366210938,207.9467813600623,200.72738596931413,202.15331089436756,42827000,GOOGL
2025-08-25,207.89691162109375,209.92113563994843,204.69603644956018,205.84275894542606,29928900,GOOGL
2025-08-26,206.55075073242188,207.258737698756,205.11484464858782,206.91969332896332,28464100,GOOGL
2025-08-27,206.88978576660156,208.31572581537765,205.0649896678173,205.11485047791405,23022900,GOOGL
2025-08-28,211.03794860839844,211.61630051242363,206.31142697470574,206.66043741838072,32339300,GOOGL
2025-08-29,212.30435180664062,214.03939239893296,209.60205408045064,209.91116980825524,39728400,GOOGL
2025-09-02,210.74879455566406,211.0778424398192,205.61343524607918,207.84706876322787,47523000,GOOGL
2025-09-03,230.00387573242188,230.65202067745025,224.15056299666938,225.56653710048252,103336100,GOOGL
2025-09-04,231.63919067382812,231.70898363627637,225.46679662750995,228.996719869086,51684200,GOOGL
2025-09-05,234.33151245117188,235.08934505645462,231.24032471140728,231.53947436612376,46588900,GOOGL
2025-09-08,233.5829620361328,237.66498669397225,233.21368944217105,235.01017746372742,32474700,GOOGL
2025-09-09,239.16204833984375,240.00040430810463,232.7745373112583,233.71270408816554,38061000,GOOGL
2025-09-10,238.70294189453125,241.1880848518513,237.38552753776509,238.4334648921733,35141100,GOOGL
2025-09-11,239.90060424804688,241.77693788592924,235.78865459463688,239.41157085914617,30599300,GOOGL
2025-09-12,240.3297576904297,241.6072568290254,237.53522261387997,239.90058949520323,26771600,GOOGL
2025-09-15,251.11865234375,251.91709313601174,244.18222746714693,244.18222746714693,58383800,GOOGL
2025-09-16,250.66954040527344,252.54585880051692,248.98283818718852,251.58774200911427,34109700,GOOGL
2025-09-17,249.04270935058594,251.10867430438276,245.7990560449756,250.7294115061419,34108000,GOOGL
2025-09-18,251.537841796875,253.49402106561863,249.31220074129322,251.18851917528045,31239500,GOOGL
2025-09-19,254.22259521484375,255.5000944688687,251.31827407979023,252.7554645478164,55571400,GOOGL
2025-09-22,252.036865234375,255.28051872493555,249.81122418035432,253.93314887572123,32290500,GOOGL
2025-09-23,251.16856384277344,253.8632882566711,249.9908602190898,252.54585863312587,26628000,GOOGL
2025-09-24,246.6573944091797,251.85722723296598,245.95876438662486,251.16857220037895,28201000,GOOGL
2025-09-25,245.30999755859375,246.00864273328935,240.26987173165682,243.9227126560544,31020400,GOOGL
2025-09-26,246.0585479736328,248.93292875938775,245.4896689933639,246.58752699597628,18503200,GOOGL
2025-09-29,243.5734100341797,250.65953566268354,242.295910900337,247.3659922504587,32505800,GOOGL
2025-09-30,242.6252899169922,242.8149061000678,238.78280195485732,242.33584768941728,34724300,GOOGL
2025-10-01,244.4217529296875,245.81902814560354,238.1440427490887,240.2798631456683,31658200,GOOGL
2025-10-02,245.21022033691406,246.32802833371,241.82684091969116,244.67126631775048,25483300,GOOGL
2025-10-03,244.87088012695312,245.8190218960462,241.18808361984188,244.01255894852343,30249600,GOOGL
2025-10-06,249.94094848632812,250.82922509816828,244.10238160883648,244.30198799944458,28894700,GOOGL
2025-10-07,245.2800750732422,249.95094390133718,245.04055349112926,247.78518329877946,23181300,GOOGL
2025-10-08,244.14230346679688,245.52958847857047,243.3438778825467,244.4816510919942,21307100,GOOGL
2025-10-09,241.05833435058594,244.28202248032238,238.68297718710045,243.99259549865826,27892100,GOOGL
2025-10-10,236.1080322265625,243.61333616794536,235.37944680935243,240.958526974338,33180300,GOOGL
2025-10-13,243.67323303222656,244.02255566567635,239.2419159793632,239.74093961058136,24995000,GOOGL
2025-10-14,244.97068786621094,246.63742490132327,240.04033214741565,240.75892736637323,22111600,GOOGL
2025-10-15,250.539794921875,251.6176877577252,245.50964358356617,246.76717761089535,27007700,GOOGL
2025-10-16,250.9689483642578,256.4581925767255,249.61160360230107,251.27834055068328,27997200,GOOGL
2025-10-17,252.80535888671875,253.72356048353365,247.32607427452788,250.27031046967195,29671600,GOOGL
2025-10-20,256.04901123046875,256.82748687148535,253.73354951664797,254.19265795496185,22350200,GOOGL
2025-10-21,249.9709014892578,254.38226816359625,243.6732110393333,254.24254216862593,47312100,GOOGL
2025-10-22,251.19850158691406,255.85936494298178,248.8031791754094,253.87326076642051,35029400,GOOGL
2025-10-23,252.58578491210938,254.54194887812838,251.35819113136333,252.48597410141812,19901400,GOOGL
2025-10-24,259.4124755859375,261.16901817646277,254.82145177331685,256.0789706985135,28655100,GOOGL
2025-10-27,268.744140625,269.61246721569535,263.76389517627246,264.3028491565017,35235200,GOOGL
2025-10-28,266.94769287109375,270.20133657580493,265.9795858431389,269.1633589320839,29738600,GOOGL
2025-10-29,274.0338439941406,274.802329420885,267.14732397902117,267.2271543584551,43580300,GOOGL
2025-10-30,280.93035888671875,291.02060225143094,279.51311834988803,291.02060225143094,74876000,GOOGL
2025-10-31,280.6408996582031,285.44150434001006,276.48901957648127,282.6569440736325,39267900,GOOGL
2025-11-03,283.16595458984375,284.97241759660864,279.25359613963377,281.62895336390585,29786000,GOOGL
2025-11-04,276.998046875,280.72074368596594,275.72054759218855,276.2095810062224,30078400,GOOGL
2025-11-05,283.7547912597656,285.86068664735006,276.79840119805726,278.32541216487215,31010300,GOOGL
2025-11-06,284.1939697265625,287.78694611145437,280.59103358006456,284.7728237611903,37173600,GOOGL
2025-11-07,278.28546142578125,283.22580678831247,274.6525857946798,282.656912627443,34479600,GOOGL
2025-11-10,289.5334777832031,290.2320924976737,282.30759586857965,283.8645774088431,29557300,GOOGL
2025-11-11,290.7411193847656,291.34994399814246,286.75892091303916,287.18807388729897,19842100,GOOGL
2025-11-12,286.15008544921875,291.43975353768866,283.1359940674285,291.11038092678234,24829900,GOOGL
2025-11-13,278.0260009765625,282.2876513282579,276.6985812149319,281.7886277548892,29494000,GOOGL
2025-11-14,275.8702392578125,278.0160347166159,270.17139808707816,270.88000309409097,31647200,GOOGL
2025-11-17,284.46337890625,293.3759628274161,283.01622885841863,285.22190446328057,52670200,GOOGL
2025-11-18,283.724853515625,288.236015842567,277.65674001133203,287.3577599014325,49158700,GOOGL
2025-11-19,292.2381896972656,303.21670857801746,286.07026549054086,286.5992292728396,68198900,GOOGL
2025-11-20,288.884765625,305.8216273232207,288.1062900504894,303.94529376978943,62025200,GOOGL
2025-11-21,299.0747985839844,303.32648898994427,293.2761473513388,295.84113571634185,74137700,GOOGL
2025-11-24,317.9578552246094,318.85612204740676,308.9954110970811,310.52242205466104,85165100,GOOGL
2025-11-25,322.8083801269531,328.187838552192,317.0296784660599,325.5729598317621,88632100,GOOGL
2025-11-26,319.3252258300781,323.86632857763385,316.1713929045335,320.053780820363,51373400,GOOGL
2025-11-28,319.55474853515625,326.2117368304371,316.1713843298485,322.73852157316225,26018600,GOOGL
2025-12-01,314.27508544921875,319.22539084430224,313.2770382872594,317.07959553768603,41183000,GOOGL
2025-12-02,315.1932678222656,317.75825630619534,313.29698432996054,316.1214443613123,35854700,GOOGL
2025-12-03,319.0058288574219,320.9520026070636,313.4866291038915,315.2731421058358,41838300,GOOGL
2025-12-04,316.999755859375,321.73048997615604,314.0854750084747,321.6007694211511,31240900,GOOGL
2025-12-05,320.642578125,322.528901747787,318.5467035992101,318.8660555204289,28851700,GOOGL
2025-12-08,313.31219482421875,320.0234606774875,310.81544458829893,319.63395301128804,33909400,GOOGL
2025-12-09,316.66778564453125,317.57660631064704,311.4945269093235,311.96391713296777,30194000,GOOGL
2025-12-10,319.7937316894531,320.8923078304596,314.27092168020465,315.4194206321133,33428900,GOOGL
2025-12-11,312.0238342285156,320.7025396818571,308.19882663213485,319.6638831462354,42353700,GOOGL
2025-12-12,308.887939453125,314.46067218572114,305.1627773855729,313.29221022339095,35940200,GOOGL
2025-12-15,307.8193054199219,311.01515750934647,304.4836511834585,310.9152814169449,29151900,GOOGL
2025-12-16,306.1714782714844,310.3660001485481,302.1966411442108,304.55358908476643,30585000,GOOGL
2025-12-17,296.3342590332031,307.6894729197007,295.7350329501308,307.60959033164653,43930400,GOOGL
2025-12-18,302.0668029785156,303.56485302569047,298.8410213827925,301.32777470817274,33518000,GOOGL
2025-12-19,306.7607116699219,306.85059101726483,300.5787559089981,301.33777770154796,59943200,GOOGL
2025-12-22,309.3772888183594,309.7268399185022,304.90310178792384,309.47716491524386,26429900,GOOGL
2025-12-23,313.94134521484375,314.5305745464577,308.91788552805923,309.2274800840275,25478700,GOOGL
2025-12-24,313.68170166015625,314.67040497756983,311.51453957359615,314.3608103937755,10097400,GOOGL
2025-12-26,313.1024475097656,314.6803801033015,311.87403553475036,314.0711877312235,10899000,GOOGL
2025-12-29,313.1523742675781,313.61176774066803,310.2161937852231,310.96521879647884,19621800,GOOGL
2025-12-30,313.4420166015625,316.5379928503015,312.0538089034933,312.09376543928346,17380900,GOOGL
2025-12-31,312.5931091308594,314.17104176667254,311.03513952358344,312.4433102220648,16377700,GOOGL
2026-01-02,314.7403259277344,322.0807776535599,309.92658419973367,316.4880510777925,32009400,GOOGL
2026-01-05,316.1285400390625,318.60529679570504,314.2210191795431,317.24707928114736,30195600,GOOGL
2026-01-06,313.9313659667969,320.5227923064431,311.3746963103618,315.9886856047422,31212100,GOOGL
2026-01-07,321.5614318847656,325.725993751253,313.7815504740342,313.95131240372154,35104400,GOOGL
2026-01-08,325.0169372558594,329.8905982345552,321.08205673508803,328.54234711069296,31896100,GOOGL
2026-01-09,328.14288330078125,330.3999246926398,325.37646465172014,326.6647962522232,26214200,GOOGL
2026-01-12,331.4285583496094,333.6057474535575,324.57749116547984,325.37643895257156,33923900,GOOGL
2026-01-13,335.53326416015625,340.04737751020235,333.18631289711504,334.5146010595183,33517600,GOOGL
2026-01-14,335.4034118652344,336.08252056576845,330.05039437456895,334.62442706687915,28525600,GOOGL
2026-01-15,332.3473815917969,337.2510022020921,330.3100250775331,337.21104566866205,28442400,GOOGL
2026-01-16,329.5710144042969,334.2149635116852,327.27401649506595,333.97528525413946,40341600,GOOGL
2026-01-20,321.5814208984375,327.30398324237245,320.01345448184367,320.4528849486331,35361000,GOOGL
2026-01-21,327.953125,332.0478012719212,318.9348648307384,320.50283121296127,35386600,GOOGL
2026-01-22,330.1103210449219,334.71431361791133,328.32263943252485,334.0152418739244,26253600,GOOGL
2026-01-23,327.5036926269531,333.2562145369407,327.0243361197249,332.05776231305794,27280000,GOOGL
2026-01-26,332.8267822265625,335.4034148973675,326.5749102768944,327.3838548641184,26042100,GOOGL
2026-01-27,334.1150817871094,337.4707297257924,333.04649592160257,334.93402312381306,21636200,GOOGL
2026-01-28,335.5732116699219,337.1012215187292,331.5084951745387,335.62313448097893,27434400,GOOGL
2026-01-29,337.8102722167969,341.84502871736817,326.115503846963,339.85759500876696,39785600,GOOGL
2026-01-30,337.56060791015625,339.5580079569619,331.8580393103398,339.5580079569619,31024000,GOOGL
2026-02-02,343.24322509765625,344.3817273143538,335.1937050748485,335.78293445124825,32006100,GOOGL
2026-02-03,339.26837158203125,348.5463032010534,337.0312933144156,346.8884575284791,36506700,GOOGL
2026-02-04,332.6070556640625,342.86369366519597,328.09291217000737,342.514142570529,70618400,GOOGL
2026-02-05,330.8193664550781,332.25749685616427,306.06158556074746,311.814107165092,88205800,GOOGL
2026-02-06,322.4402770996094,329.95052083207565,319.50412705068965,326.75466854448496,56380500,GOOGL
2026-02-09,323.8984069824219,327.2740180221729,316.84758707958963,320.5127991892576,39640100,GOOGL
2026-02-10,318.16583251953125,321.25184233940706,314.2009923012897,320.5527401483992,39170000,GOOGL
2026-02-11,310.5557556152344,320.64263210541753,309.25745775560665,318.55535268111106,45406400,GOOGL
2026-02-12,308.5982971191406,315.8288752987113,306.80064932708433,311.68427643298344,47761300,GOOGL
2026-02-13,305.32257080078125,308.2287915112591,303.31517401115394,307.32996759040856,38499700,GOOGL
2026-02-17,301.6273498535156,304.0442171582303,295.86486207725466,299.6499434457439,39247600,GOOGL
2026-02-18,302.9356689453125,304.983022308801,300.8583862777236,301.6972906518214,28482100,GOOGL
2026-02-19,302.456298828125,305.0728879320441,299.64995428739604,301.42763905495286,25834400,GOOGL
2026-02-20,314.5705261230469,316.08853909864735,303.504913437054,303.9243808328656,53210800,GOOGL
2026-02-23,311.0850524902344,319.1046122516075,309.4671633706354,318.6352220336332,31423000,GOOGL
2026-02-24,310.495849609375,311.8640638461802,305.53230897934316,310.11633870149166,25615600,GOOGL
2026-02-25,312.49322509765625,313.2322838254539,309.03773161827513,311.6543207518016,29963600,GOOGL
2026-02-26,306.9804382324219,312.73296049797625,301.95697800388234,312.23361045347764,36431200,GOOGL
2026-02-27,311.354736328125,311.9639287272481,303.4050620118916,303.7446468483449,44640600,GOOGL
2026-03-02,306.12152099609375,308.0889612664211,300.908305641281,302.83581985466094,34790200,GOOGL
2026-03-03,303.1853332519531,303.5448811012492,296.3242691134317,298.2018299939976,35497000,GOOGL
2026-03-04,302.7359619140625,305.07291645770977,300.3590508331652,302.49628364637806,29536200,GOOGL
2026-03-05,300.4888610839844,302.9056980180265,297.6026034525966,302.6460567428228,35752300,GOOGL
2026-03-06,298.1319274902344,300.1393243405422,294.7962729857715,295.7050936872067,25576900,GOOGL
2026-03-09,306.1770935058594,306.6168332730834,293.9044256827884,294.1842573074437,29312100,GOOGL
2026-03-10,306.8567199707031,309.3252467158022,305.3875962722132,305.98724420005084,23239700,GOOGL
2026-03-11,308.5157470703125,311.23412470378855,305.7374076911934,306.56689883882945,24125700,GOOGL
2026-03-12,303.3687744140625,308.7555713296518,300.8502897843219,306.636841807898,24928300,GOOGL
2026-03-13,302.09954833984375,307.50632242162294,300.26065041451466,306.8267356773544,23693100,GOOGL
2026-03-16,305.3775939941406,306.3070315122431,302.8391017033621,304.16832484157635,23519700,GOOGL
2026-03-17,310.7344055175781,311.2341070358109,305.3176276402165,305.67739809365116,21955200,GOOGL
2026-03-18,307.5063171386719,312.28346234614037,306.74676108497374,309.0853604878573,20009800,GOOGL
2026-03-19,306.9466552734375,307.8760927647981,302.16951004441273,303.8285227221892,25075800,GOOGL
2026-03-20,300.8203125,305.8173276578073,298.0919312440676,305.2776414809433,44364100,GOOGL
2026-03-23,301.87969970703125,305.7973733016039,300.75036931754545,301.92965766257777,29326900,GOOGL
2026-03-24,290.2666320800781,299.7409842283802,290.15668188195673,299.02141279307426,36864300,GOOGL
2026-03-25,290.7563171386719,295.82329783701033,289.0673235725591,293.2648285118823,29460700,GOOGL
2026-03-26,280.7523193359375,287.7781215852462,278.33375052565475,287.7381369232671,39080600,GOOGL
2026-03-27,274.1762390136719,279.203235317384,273.7864876697142,277.1144865271076,35890600,GOOGL
2026-03-30,273.33673095703125,276.9245842043685,271.9475460941929,276.2550012483934,35141200,GOOGL
2026-03-31,287.3883361816406,287.9080147834651,276.9245851168754,277.87403020607053,43875400,GOOGL
2026-04-01,297.2124938964844,300.34059988895723,290.23664948178913,290.6663854824321,37684500,GOOGL
2026-04-02,295.59344482421875,297.90206355243157,289.2772403921399,290.5164904801884,21666500,GOOGL
2026-04-06,299.8109130859375,300.4405418912755,295.0037868253031,295.69337737406744,16945500,GOOGL
2026-04-07,305.27764892578125,305.4475608650088,297.5422790326475,302.54929810267237,23205400,GOOGL
2026-04-08,317.1305847167969,321.88772251879675,314.8319393907938,320.25872115869026,33547100,GOOGL
2026-04-09,318.29986572265625,319.3492572184689,310.8743084256086,315.72141928886384,23739200,GOOGL
2026-04-10,317.0506286621094,321.6378852163977,316.1311948927162,319.8289680511782,19152600,GOOGL
2026-04-13,321.1181945800781,321.43801087893695,315.28168437302884,316.9507009019676,18866400,GOOGL
2026-04-14,332.7112731933594,333.09105123243734,323.5567375910905,324.59612530340485,27721400,GOOGL
2026-04-15,336.91876220703125,337.278563176308,330.70247381548376,332.69130668872015,24918800,GOOGL
2026-04-16,335.81939697265625,339.67710854893676,334.3202924195682,338.5477782390461,20541500,GOOGL
2026-04-17,341.4760437011719,342.1156763245155,336.0392884001999,337.4484504303517,25581900,GOOGL
2026-04-20,337.2185974121094,341.1962021124509,336.40905286572576,340.55660000710446,18784200,GOOGL
2026-04-21,332.0916442871094,339.13742351057505,331.1522029907326,337.48841459650436,23123800,GOOGL
2026-04-22,339.1174621582031,339.6171637007564,334.96994545488326,336.818816762841,20293000,GOOGL
2026-04-23,338.6877136230469,341.7558578013153,335.97930940305434,340.9763246437424,18650300,GOOGL
2026-04-24,344.19439697265625,345.06387272769797,335.1897964239415,338.5277988797623,26426100,GOOGL
2026-04-27,350.130859375,352.9691603649003,342.5254168368208,345.77347673538645,28576900,GOOGL
2026-04-28,349.5711975097656,352.20963620070955,345.91337868788094,348.34192077884484,27824100,GOOGL
2026-04-29,349.7311096191406,355.5776236260777,344.0045190996302,347.36252924438134,35376300,GOOGL
2026-04-30,384.5702819824219,385.6096696957082,365.60163158627074,373.8467067603946,72040000,GOOGL
2026-05-01,385.45977783203125,386.52914645154755,378.82372671588394,381.4022037517389,30105200,GOOGL
2026-05-04,383.0212097167969,387.14874909409923,379.56328378663693,385.39979379858875,26298600,GOOGL
2026-05-05,388.1981201171875,392.58551415458055,383.79074899852696,385.99945170269467,23878600,GOOGL
2026-05-06,397.8023986816406,399.61131576273664,392.52555179602564,394.0146525811788,31308500,GOOGL
2026-05-07,397.7524108886719,399.8611671879692,392.4455831227277,399.6812819584635,24433500,GOOGL
2026-05-08,400.56072998046875,401.76002583943523,396.1233780013978,396.7630105926761,21461800,GOOGL
2026-05-11,388.40802001953125,397.2027547509894,388.23810807955056,393.41500861238904,30753700,GOOGL
2026-05-12,387.1187744140625,388.28805889354703,382.541491402114,387.10877062384725,26017500,GOOGL
2026-05-13,402.3796691894531,403.4590416115898,384.77019153718186,385.3698394939953,28144600,GOOGL
2026-05-14,400.8305969238281,402.6894719958145,395.6037078837972,397.04285074569174,21136700,GOOGL
2026-05-15,396.54315185546875,399.30151410906007,392.9452946767326,396.0834349796574,20309700,GOOGL
2026-05-18,396.70306396484375,408.36608091552193,394.29449886421145,395.4538101055549,26837200,GOOGL
2026-05-19,387.4285888671875,396.91291402359946,385.8794958446922,396.72302500471704,39545700,GOOGL
2026-05-20,388.6778564453125,393.62488340369265,382.6714341601505,387.4685872554011,31744400,GOOGL
2026-05-21,387.4285888671875,392.2656959548347,382.7913440893277,385.46976743485186,24852800,GOOGL
2026-05-22,382.74139404296875,388.5079387636157,381.54209816202837,387.1187843592316,20442100,GOOGL
2026-05-26,388.6478576660156,389.0276356997364,382.3716078175452,384.2804712769477,27747400,GOOGL
2026-05-27,388.5978698730469,393.64487351491664,385.66962629134815,386.4391861502527,23087300,GOOGL
2026-05-28,389.8971252441406,391.6360768291116,384.9300907577927,387.76839182151133,24357500,GOOGL
2026-05-29,380.1129455566406,385.0100143138995,378.2340629764561,385.0100143138995,44415800,GOOGL
2026-06-01,376.14532470703125,378.3340198477676,373.2970198869562,376.2952290661171,28672100,GOOGL
2026-06-02,361.6340026855469,373.31702687507857,358.2260345973877,366.371163421305,50412300,GOOGL
2026-06-03,358.77569580078125,366.2312646097652,357.8662353535933,361.81388965190393,55441600,GOOGL
2026-06-04,371.96783447265625,373.0271992966173,357.99616844622375,358.68575901079333,44055500,GOOGL
2026-06-05,368.30999755859375,371.8578661166277,363.90262653478294,366.1213024821565,37471200,GOOGL
2026-06-08,363.30999755859375,366.20001220703125,360.5299987792969,365.17999267578125,27942500,GOOGL
2026-06-09,364.260009765625,372.0799865722656,357.29998779296875,367.0899963378906,29535100,GOOGL
2026-06-10,356.3800048828125,368.55999755859375,355.20001220703125,363.19000244140625,32357100,GOOGL
2026-06-11,357.7699890136719,358.79998779296875,346.3599853515625,355.92999267578125,35538200,GOOGL
2026-06-12,359.67999267578125,366.57000732421875,354.94000244140625,362.6199951171875,24704600,GOOGL
2026-06-15,369.3500061035156,372.989990234375,366.54998779296875,367.92999267578125,27727500,GOOGL
2026-06-16,373.25,376.0,367.05999755859375,369.6000061035156,24876100,GOOGL
2026-06-17,363.7900085449219,372.3299865722656,362.0199890136719,369.1300048828125,24543600,GOOGL
2026-06-18,368.0299987792969,369.4800109863281,358.6700134277344,365.75,44470100,GOOGL
2026-06-22,349.67999267578125,358.9200134277344,341.7200012207031,357.95001220703125,52814800,GOOGL
2026-06-23,346.1300048828125,349.2900085449219,340.20001220703125,340.69000244140625,34007700,GOOGL
2026-06-24,345.2900085449219,353.4800109863281,341.92999267578125,349.0400085449219,44997300,GOOGL
2026-06-25,343.7099914550781,345.57000732421875,335.8399963378906,336.7300109863281,44491400,GOOGL
2026-06-26,337.3900146484375,346.3599853515625,330.20001220703125,342.54998779296875,114706300,GOOGL
2026-06-29,353.6499938964844,354.3500061035156,340.6700134277344,341.8299865722656,34213900,GOOGL
2026-06-30,357.3699951171875,358.6199951171875,350.3999938964844,353.8699951171875,35237200,GOOGL
2026-07-01,361.2099914550781,362.9700012207031,356.42999267578125,358.3699951171875,26736400,GOOGL
2026-07-02,359.9100036621094,364.2099914550781,353.4200134277344,359.4800109863281,25974800,GOOGL
2026-07-06,366.4599914550781,367.92999267578125,357.3800048828125,361.54998779296875,26915800,GOOGL
2026-07-07,367.0299987792969,373.1600036621094,365.5,369.07000732421875,24045600,GOOGL
2026-07-08,361.9200134277344,367.8399963378906,358.0199890136719,364.760009765625,22094800,GOOGL
2026-07-09,358.8900146484375,359.6499938964844,351.0799865722656,354.30999755859375,24729100,GOOGL
2026-07-10,357.17999267578125,357.82000732421875,352.75,357.5299987792969,18146100,GOOGL
2026-07-13,352.510009765625,358.1300048828125,351.75,356.19000244140625,15901700,GOOGL
2026-07-14,359.510009765625,360.1600036621094,351.0899963378906,351.20001220703125,18259400,GOOGL
2026-07-15,370.9200134277344,373.6499938964844,357.760009765625,357.9700012207031,28284600,GOOGL
2026-07-16,354.4599914550781,375.2699890136719,352.29998779296875,373.05999755859375,41158500,GOOGL
2026-07-17,346.7699890136719,348.5199890136719,341.3599853515625,346.0,29959300,GOOGL
2026-07-20,351.989990234375,359.67999267578125,350.5199890136719,350.8800048828125,24736600,GOOGL
2026-07-21,347.1499938964844,351.32000732421875,347.0,351.32000732421875,23369800,GOOGL
2026-07-22,342.0899963378906,349.94000244140625,341.7300109863281,348.1600036621094,39334100,GOOGL
2026-07-23,317.69000244140625,324.489990234375,314.8999938964844,321.1300048828125,69419700,GOOGL
2026-07-24,319.739990234375,324.17999267578125,317.32000732421875,318.4200134277344,31806600,GOOGL
2026-07-27,326.55999755859375,330.4200134277344,324.45001220703125,325.0400085449219,28471600,GOOGL
2026-07-28,333.7099914550781,335.8800048828125,324.44000244140625,327.8999938964844,29511900,GOOGL
2026-07-29,336.7099914550781,342.5,331.6199951171875,334.6700134277344,27501600,GOOGL
2026-07-30,333.6600036621094,336.510009765625,330.3399963378906,334.20001220703125,30168000,GOOGL
2026-07-31,356.1300048828125,358.5799865722656,340.0,340.8299865722656,46498000,GOOGL
2026-08-03,373.510009765625,376.69000244140625,363.3500061035156,365.45001220703125,38669700,GOOGL
2026-08-04,377.6499938964844,380.5199890136719,367.5,368.2200012207031,35705700,GOOGL
2026-08-05,362.42999267578125,384.4800109863281,356.7699890136719,383.3399963378906,46926300,GOOGL
2026-08-06,357.75,364.1300048828125,356.8800048828125,360.7699890136719,25186500,GOOGL
2026-08-07,355.4700012207031,358.8999938964844,353.7799987792969,356.7650146484375,10400381,GOOGL
2024-08-07,162.77000427246094,167.5800018310547,161.42999267578125,166.5500030517578,48408200,AMZN
2024-08-08,165.8000030517578,166.69000244140625,162.5500030517578,165.1699981689453,44616200,AMZN
2024-08-09,166.94000244140625,168.5500030517578,165.85000610351562,166.39999389648438,36401000,AMZN
2024-08-12,166.8000030517578,168.5500030517578,166.11000061035156,168.13999938964844,30072800,AMZN
2024-08-13,170.22999572753906,171.0399932861328,167.10000610351562,167.80999755859375,39237900,AMZN
2024-08-14,170.10000610351562,172.27999877929688,168.86000061035156,172.11000061035156,28843800,AMZN
2024-08-15,177.58999633789062,177.91000366210938,173.99000549316406,174.86000061035156,51698500,AMZN
2024-08-16,177.05999755859375,178.33999633789062,176.25999450683594,177.0399932861328,31489200,AMZN
2024-08-19,178.22000122070312,178.3000030517578,176.16000366210938,177.63999938964844,31129800,AMZN
2024-08-20,178.8800048828125,179.00999450683594,177.42999267578125,177.9199981689453,26255200,AMZN
2024-08-21,180.11000061035156,182.38999938964844,178.88999938964844,179.9199981689453,35599100,AMZN
2024-08-22,176.1300048828125,181.47000122070312,175.67999267578125,181.3800048828125,32047500,AMZN
2024-08-23,177.0399932861328,178.97000122070312,175.24000549316406,177.33999633789062,29150100,AMZN
2024-08-26,175.5,177.47000122070312,174.3000030517578,176.6999969482422,22366200,AMZN
2024-08-27,173.1199951171875,174.88999938964844,172.25,174.14999389648438,29842000,AMZN
2024-08-28,170.8000030517578,173.69000244140625,168.9199981689453,173.69000244140625,29045000,AMZN
2024-08-29,172.1199951171875,174.2899932861328,170.80999755859375,173.22000122070312,26407800,AMZN
2024-08-30,178.5,178.89999389648438,172.60000610351562,172.77999877929688,43429400,AMZN
2024-09-03,176.25,178.25999450683594,175.25999450683594,177.5500030517578,37817500,AMZN
2024-09-04,173.3300018310547,175.97999572753906,172.5399932861328,174.47999572753906,30309200,AMZN
2024-09-05,177.88999938964844,179.8800048828125,175.0,175.0,40170500,AMZN
2024-09-06,171.38999938964844,178.3800048828125,171.16000366210938,177.24000549316406,41466500,AMZN
2024-09-09,175.39999389648438,175.85000610351562,173.50999450683594,174.52999877929688,29037400,AMZN
2024-09-10,179.5500030517578,180.5,176.7899932861328,177.49000549316406,36233800,AMZN
2024-09-11,184.52000427246094,184.99000549316406,175.72999572753906,180.10000610351562,42564700,AMZN
2024-09-12,187.0,187.41000366210938,183.5399932861328,184.8000030517578,33544200,AMZN
2024-09-13,186.49000549316406,188.5,185.91000366210938,187.0,26495400,AMZN
2024-09-16,184.88999938964844,185.80999755859375,183.36000061035156,185.2899932861328,26065500,AMZN
2024-09-17,186.8800048828125,189.4499969482422,186.13999938964844,186.85000610351562,26091700,AMZN
2024-09-18,186.42999267578125,188.8000030517578,185.05999755859375,186.4499969482422,34448100,AMZN
2024-09-19,189.8699951171875,190.99000549316406,188.47000122070312,190.0399932861328,39543200,AMZN
2024-09-20,191.60000610351562,191.83999633789062,187.41000366210938,190.22999572753906,100378600,AMZN
2024-09-23,193.8800048828125,194.4499969482422,190.57000732421875,191.63999938964844,36993100,AMZN
2024-09-24,193.9600067138672,195.3699951171875,190.1300048828125,194.27000427246094,43478900,AMZN
2024-09-25,192.52999877929688,193.9499969482422,192.16000366210938,193.75,26391100,AMZN
2024-09-26,191.16000366210938,194.52999877929688,189.5399932861328,194.30999755859375,36334900,AMZN
2024-09-27,187.97000122070312,190.89999389648438,187.33999633789062,190.67999267578125,36002300,AMZN
2024-09-30,186.3300018310547,188.49000549316406,184.64999389648438,187.13999938964844,41583900,AMZN
2024-10-01,185.1300048828125,186.19000244140625,183.4499969482422,184.89999389648438,36044900,AMZN
2024-10-02,184.75999450683594,186.60000610351562,184.0399932861328,184.44000244140625,23704100,AMZN
2024-10-03,181.9600067138672,183.44000244140625,180.8800048828125,183.0500030517578,30204300,AMZN
2024-10-04,186.50999450683594,187.60000610351562,183.60000610351562,185.75,40890300,AMZN
2024-10-07,180.8000030517578,183.60000610351562,180.25,182.9499969482422,42364200,AMZN
2024-10-08,182.72000122070312,183.08999633789062,180.9199981689453,181.9199981689453,26372100,AMZN
2024-10-09,185.1699981689453,185.85000610351562,182.0500030517578,182.82000732421875,26343100,AMZN
2024-10-10,186.64999389648438,188.1300048828125,185.8300018310547,187.1300048828125,27785000,AMZN
2024-10-11,188.82000732421875,189.92999267578125,186.3000030517578,186.6300048828125,25751600,AMZN
2024-10-14,187.5399932861328,189.8300018310547,187.36000061035156,189.77999877929688,22614400,AMZN
2024-10-15,187.69000244140625,188.41000366210938,184.5800018310547,187.6300048828125,32178900,AMZN
2024-10-16,186.88999938964844,187.77999877929688,185.61000061035156,187.0500030517578,23456800,AMZN
2024-10-17,187.52999877929688,188.94000244140625,186.0,188.22000122070312,25039400,AMZN
2024-10-18,188.99000549316406,190.74000549316406,186.27999877929688,187.14999389648438,37417700,AMZN
2024-10-21,189.07000732421875,189.4600067138672,186.39999389648438,188.0500030517578,24639400,AMZN
2024-10-22,189.6999969482422,191.52000427246094,186.97999572753906,188.35000610351562,29650600,AMZN
2024-10-23,184.7100067138672,189.16000366210938,183.69000244140625,188.85000610351562,31937100,AMZN
2024-10-24,186.3800048828125,187.11000061035156,183.86000061035156,185.25,21647400,AMZN
2024-10-25,187.8300018310547,190.4499969482422,187.52999877929688,187.85000610351562,29362100,AMZN
2024-10-28,188.38999938964844,190.2100067138672,188.2100067138672,189.57000732421875,27930800,AMZN
2024-10-29,190.8300018310547,191.4600067138672,187.82000732421875,188.5800018310547,35690200,AMZN
2024-10-30,192.72999572753906,195.61000061035156,192.4199981689453,194.6999969482422,37707600,AMZN
2024-10-31,186.39999389648438,190.60000610351562,185.22999572753906,190.50999450683594,75146800,AMZN
2024-11-01,197.92999267578125,200.5,197.02000427246094,199.0,99687800,AMZN
2024-11-04,195.77999877929688,197.3300018310547,194.30999755859375,196.4499969482422,38492100,AMZN
2024-11-05,199.5,199.82000732421875,195.99000549316406,196.0399932861328,30564800,AMZN
2024-11-06,207.08999633789062,207.5500030517578,199.13999938964844,200.00999450683594,72292200,AMZN
2024-11-07,210.0500030517578,212.25,207.19000244140625,207.44000244140625,52878400,AMZN
2024-11-08,208.17999267578125,209.9600067138672,207.44000244140625,209.72000122070312,36075800,AMZN
2024-11-11,206.83999633789062,209.64999389648438,205.58999633789062,208.5,35456000,AMZN
2024-11-12,208.91000366210938,209.5399932861328,206.00999450683594,208.3699951171875,38942900,AMZN
2024-11-13,214.10000610351562,215.08999633789062,209.13999938964844,209.39999389648438,46212900,AMZN
2024-11-14,211.47999572753906,215.89999389648438,210.8800048828125,214.16000366210938,42620300,AMZN
2024-11-15,202.61000061035156,207.33999633789062,199.61000061035156,206.75999450683594,86591100,AMZN
2024-11-18,201.6999969482422,204.6699981689453,200.9499969482422,204.14999389648438,36409900,AMZN
2024-11-19,204.61000061035156,205.3000030517578,198.77999877929688,199.3300018310547,31197900,AMZN
2024-11-20,202.8800048828125,203.1300048828125,199.4499969482422,202.97999572753906,32769000,AMZN
2024-11-21,198.3800048828125,203.49000549316406,195.75,203.49000549316406,58800000,AMZN
2024-11-22,197.1199951171875,199.25999450683594,196.75,198.25,31530800,AMZN
2024-11-25,201.4499969482422,201.9499969482422,199.0,199.27999877929688,40685700,AMZN
2024-11-26,207.86000061035156,208.0,201.7899932861328,201.89999389648438,41673700,AMZN
2024-11-27,205.74000549316406,207.63999938964844,205.0500030517578,206.97999572753906,28061600,AMZN
2024-11-29,207.88999938964844,208.1999969482422,204.58999633789062,205.8300018310547,24892400,AMZN
2024-12-02,210.7100067138672,212.99000549316406,209.50999450683594,209.9600067138672,39523200,AMZN
2024-12-03,213.44000244140625,214.02000427246094,209.64999389648438,210.30999755859375,32214800,AMZN
2024-12-04,218.16000366210938,220.0,215.75,215.9600067138672,48745700,AMZN
2024-12-05,220.5500030517578,222.14999389648438,217.3000030517578,218.02999877929688,41140200,AMZN
2024-12-06,227.02999877929688,227.14999389648438,220.60000610351562,220.75,44178100,AMZN
2024-12-09,226.08999633789062,230.0800018310547,225.6699981689453,227.2100067138672,46819400,AMZN
2024-12-10,225.0399932861328,229.05999755859375,224.1999969482422,226.08999633789062,31199900,AMZN
2024-12-11,230.25999450683594,231.1999969482422,226.25999450683594,226.41000366210938,35385800,AMZN
2024-12-12,228.97000122070312,231.08999633789062,227.6300048828125,229.8300018310547,28204100,AMZN
2024-12-13,227.4600067138672,230.1999969482422,225.86000061035156,228.39999389648438,28768100,AMZN
2024-12-16,232.92999267578125,233.0,228.00999450683594,230.22999572753906,37552100,AMZN
2024-12-17,231.14999389648438,232.72999572753906,227.85000610351562,232.38999938964844,35948100,AMZN
2024-12-18,220.52000427246094,231.39999389648438,220.11000061035156,230.77000427246094,43281400,AMZN
2024-12-19,223.2899932861328,226.08999633789062,222.9199981689453,224.91000366210938,39918700,AMZN
2024-12-20,224.9199981689453,226.2100067138672,218.72999572753906,219.83999633789062,88279200,AMZN
2024-12-23,225.05999755859375,226.8800048828125,223.89999389648438,225.00999450683594,28070000,AMZN
2024-12-24,229.0500030517578,229.13999938964844,226.1300048828125,226.94000244140625,15007500,AMZN
2024-12-26,227.0500030517578,228.5,226.6699981689453,228.5,16146700,AMZN
2024-12-27,223.75,226.02999877929688,220.89999389648438,225.60000610351562,27367100,AMZN
2024-12-30,221.3000030517578,223.0,218.42999267578125,220.05999755859375,28321200,AMZN
2024-12-31,219.38999938964844,223.22999572753906,218.94000244140625,222.97000122070312,24819700,AMZN
2025-01-02,220.22000122070312,225.14999389648438,218.19000244140625,222.02999877929688,33956600,AMZN
2025-01-03,224.19000244140625,225.36000061035156,221.6199951171875,222.50999450683594,27515600,AMZN
2025-01-06,227.61000061035156,228.83999633789062,224.83999633789062,226.77999877929688,31849800,AMZN
2025-01-07,222.11000061035156,228.3800048828125,221.4600067138672,227.89999389648438,28084200,AMZN
2025-01-08,222.1300048828125,223.52000427246094,220.1999969482422,223.19000244140625,25033300,AMZN
2025-01-10,218.94000244140625,221.7100067138672,216.5,221.4600067138672,36811500,AMZN
2025-01-13,218.4600067138672,219.39999389648438,216.47000122070312,218.05999755859375,27262700,AMZN
2025-01-14,217.75999450683594,221.82000732421875,216.1999969482422,220.44000244140625,24711700,AMZN
2025-01-15,223.35000610351562,223.57000732421875,220.75,222.8300018310547,31291300,AMZN
2025-01-16,220.66000366210938,224.64999389648438,220.30999755859375,224.4199981689453,24757300,AMZN
2025-01-17,225.94000244140625,226.50999450683594,223.0800018310547,225.83999633789062,42370100,AMZN
2025-01-21,230.7100067138672,231.77999877929688,226.94000244140625,228.89999389648438,39951500,AMZN
2025-01-22,235.00999450683594,235.44000244140625,231.19000244140625,232.02000427246094,41448200,AMZN
2025-01-23,235.4199981689453,235.52000427246094,231.50999450683594,234.10000610351562,26404400,AMZN
2025-01-24,234.85000610351562,236.39999389648438,232.92999267578125,234.5,25890700,AMZN
2025-01-27,235.4199981689453,235.61000061035156,225.86000061035156,226.2100067138672,49428300,AMZN
2025-01-28,238.14999389648438,241.77000427246094,233.97999572753906,234.2899932861328,41587200,AMZN
2025-01-29,237.07000732421875,240.38999938964844,236.14999389648438,239.02000427246094,26091700,AMZN
2025-01-30,234.63999938964844,237.9499969482422,232.22000122070312,237.13999938964844,32020700,AMZN
2025-01-31,237.67999267578125,240.2899932861328,236.41000366210938,236.5,36110200,AMZN
2025-02-03,237.4199981689453,239.25,232.89999389648438,234.05999755859375,37285900,AMZN
2025-02-04,242.05999755859375,242.52000427246094,238.02999877929688,239.00999450683594,29713800,AMZN
2025-02-05,236.1699981689453,238.32000732421875,235.1999969482422,237.02000427246094,38727300,AMZN
2025-02-06,238.8300018310547,239.66000366210938,236.00999450683594,238.00999450683594,60897100,AMZN
2025-02-07,229.14999389648438,234.80999755859375,228.05999755859375,232.5,77539300,AMZN
2025-02-10,233.13999938964844,233.9199981689453,229.1999969482422,230.5500030517578,35419900,AMZN
2025-02-11,232.75999450683594,233.44000244140625,230.1300048828125,231.9199981689453,23713700,AMZN
2025-02-12,228.92999267578125,231.17999267578125,228.16000366210938,230.4600067138672,32285200,AMZN
2025-02-13,230.3699951171875,230.4199981689453,227.52000427246094,228.85000610351562,31346500,AMZN
2025-02-14,228.67999267578125,229.88999938964844,227.22999572753906,229.1999969482422,27031100,AMZN
2025-02-18,226.64999389648438,229.3000030517578,223.72000122070312,228.82000732421875,42975100,AMZN
2025-02-19,226.6300048828125,226.8300018310547,223.7100067138672,225.52000427246094,28566700,AMZN
2025-02-20,222.8800048828125,225.1300048828125,221.80999755859375,224.77999877929688,30001700,AMZN
2025-02-21,216.5800018310547,223.30999755859375,214.74000549316406,223.27999877929688,55323900,AMZN
2025-02-24,212.7100067138672,217.72000122070312,212.4199981689453,217.4499969482422,42387600,AMZN
2025-02-25,212.8000030517578,213.33999633789062,204.16000366210938,211.6300048828125,58958000,AMZN
2025-02-26,214.35000610351562,218.16000366210938,213.08999633789062,214.94000244140625,39120600,AMZN
2025-02-27,208.74000549316406,219.97000122070312,208.3699951171875,218.35000610351562,40548600,AMZN
2025-02-28,212.27999877929688,212.6199951171875,206.99000549316406,208.64999389648438,51771700,AMZN
2025-03-03,205.02000427246094,214.00999450683594,202.5500030517578,213.35000610351562,42948400,AMZN
2025-03-04,203.8000030517578,206.8000030517578,197.42999267578125,200.11000061035156,60853100,AMZN
2025-03-05,208.36000061035156,209.97999572753906,203.25999450683594,204.8000030517578,38610100,AMZN
2025-03-06,200.6999969482422,205.77000427246094,198.3000030517578,204.39999389648438,49863800,AMZN
2025-03-07,199.25,202.27000427246094,192.52999877929688,199.49000549316406,59802800,AMZN
2025-03-10,194.5399932861328,196.72999572753906,190.85000610351562,195.60000610351562,62350900,AMZN
2025-03-11,196.58999633789062,200.17999267578125,193.39999389648438,193.89999389648438,54002900,AMZN
2025-03-12,198.88999938964844,201.52000427246094,195.2899932861328,200.72000122070312,43679300,AMZN
2025-03-13,193.88999938964844,198.8800048828125,191.82000732421875,198.1699981689453,41270800,AMZN
2025-03-14,197.9499969482422,198.64999389648438,195.32000732421875,197.41000366210938,38096700,AMZN
2025-03-17,195.74000549316406,199.0,194.32000732421875,198.77000427246094,47341800,AMZN
2025-03-18,192.82000732421875,194.0,189.3800048828125,192.52000427246094,40414900,AMZN
2025-03-19,195.5399932861328,195.97000122070312,191.9600067138672,193.3800048828125,39442900,AMZN
2025-03-20,194.9499969482422,199.32000732421875,192.3000030517578,193.07000732421875,38921100,AMZN
2025-03-21,196.2100067138672,196.99000549316406,192.52000427246094,192.89999389648438,60056900,AMZN
2025-03-24,203.25999450683594,203.63999938964844,199.9499969482422,200.0,41625400,AMZN
2025-03-25,205.7100067138672,206.2100067138672,203.22000122070312,203.60000610351562,31171200,AMZN
2025-03-26,201.1300048828125,206.00999450683594,199.92999267578125,205.83999633789062,32855300,AMZN
2025-03-27,201.36000061035156,203.7899932861328,199.27999877929688,200.88999938964844,27317700,AMZN
2025-03-28,192.72000122070312,199.25999450683594,191.8800048828125,198.4199981689453,52548200,AMZN
2025-03-31,190.25999450683594,191.3300018310547,184.39999389648438,188.19000244140625,63547600,AMZN
2025-04-01,192.1699981689453,193.92999267578125,187.1999969482422,187.86000061035156,41267300,AMZN
2025-04-02,196.00999450683594,198.33999633789062,187.66000366210938,187.66000366210938,53679200,AMZN
2025-04-03,178.41000366210938,184.1300048828125,176.9199981689453,183.0,95553600,AMZN
2025-04-04,171.0,178.13999938964844,166.0,167.14999389648438,123159400,AMZN
2025-04-07,175.25999450683594,183.41000366210938,161.3800048828125,162.0,109327100,AMZN
2025-04-08,170.66000366210938,185.89999389648438,168.57000732421875,185.22999572753906,87710400,AMZN
2025-04-09,191.10000610351562,192.64999389648438,169.92999267578125,172.1199951171875,116804300,AMZN
2025-04-10,181.22000122070312,186.8699951171875,175.85000610351562,185.44000244140625,68302000,AMZN
2025-04-11,184.8699951171875,185.86000061035156,178.0,179.92999267578125,50594300,AMZN
2025-04-14,182.1199951171875,187.44000244140625,179.22999572753906,186.83999633789062,48002500,AMZN
2025-04-15,179.58999633789062,182.35000610351562,177.92999267578125,181.41000366210938,43642000,AMZN
2025-04-16,174.3300018310547,179.10000610351562,171.41000366210938,176.2899932861328,51875300,AMZN
2025-04-17,172.61000061035156,176.2100067138672,172.0,176.0,44726500,AMZN
2025-04-21,167.32000732421875,169.60000610351562,165.2899932861328,169.60000610351562,48126100,AMZN
2025-04-22,173.17999267578125,176.77999877929688,169.35000610351562,169.85000610351562,56607200,AMZN
2025-04-23,180.60000610351562,187.3800048828125,180.19000244140625,183.4499969482422,63470100,AMZN
2025-04-24,186.5399932861328,186.74000549316406,180.17999267578125,180.9199981689453,43763200,AMZN
2025-04-25,188.99000549316406,189.94000244140625,185.49000549316406,187.6199951171875,36414300,AMZN
2025-04-28,187.6999969482422,190.22000122070312,184.88999938964844,190.11000061035156,33224700,AMZN
2025-04-29,187.38999938964844,188.02000427246094,183.67999267578125,183.99000549316406,41667300,AMZN
2025-04-30,184.4199981689453,185.0500030517578,178.85000610351562,182.1699981689453,55176500,AMZN
2025-05-01,190.1999969482422,191.80999755859375,187.5,190.6300048828125,74266000,AMZN
2025-05-02,189.97999572753906,192.8800048828125,186.39999389648438,191.44000244140625,77903500,AMZN
2025-05-05,186.35000610351562,188.17999267578125,185.52999877929688,186.50999450683594,35217500,AMZN
2025-05-06,185.00999450683594,187.92999267578125,183.85000610351562,184.57000732421875,29314100,AMZN
2025-05-07,188.7100067138672,190.99000549316406,185.00999450683594,185.55999755859375,43948600,AMZN
2025-05-08,192.0800018310547,194.3300018310547,188.82000732421875,191.42999267578125,41043600,AMZN
2025-05-09,193.05999755859375,194.69000244140625,191.16000366210938,193.3800048828125,29663100,AMZN
2025-05-12,208.63999938964844,211.66000366210938,205.75,210.7100067138672,75205000,AMZN
2025-05-13,211.3699951171875,214.83999633789062,210.10000610351562,211.0800018310547,56193700,AMZN
2025-05-14,210.25,211.92999267578125,208.85000610351562,211.4499969482422,38492100,AMZN
2025-05-15,205.1699981689453,206.8800048828125,202.6699981689453,206.4499969482422,64347300,AMZN
2025-05-16,205.58999633789062,206.85000610351562,204.3699951171875,206.85000610351562,43318500,AMZN
2025-05-19,206.16000366210938,206.6199951171875,201.25999450683594,201.64999389648438,34314800,AMZN
2025-05-20,204.07000732421875,205.58999633789062,202.64999389648438,204.6300048828125,29470400,AMZN
2025-05-21,201.1199951171875,203.4600067138672,200.05999755859375,201.61000061035156,42460900,AMZN
2025-05-22,203.10000610351562,205.75999450683594,200.16000366210938,201.3800048828125,38938900,AMZN
2025-05-23,200.99000549316406,202.3699951171875,197.85000610351562,198.89999389648438,33393500,AMZN
2025-05-27,206.02000427246094,206.69000244140625,202.19000244140625,203.08999633789062,34892000,AMZN
2025-05-28,204.72000122070312,207.66000366210938,204.41000366210938,205.9199981689453,28549800,AMZN
2025-05-29,205.6999969482422,208.80999755859375,204.22999572753906,208.02999877929688,34650000,AMZN
2025-05-30,205.00999450683594,205.99000549316406,201.6999969482422,204.83999633789062,51679400,AMZN
2025-06-02,206.64999389648438,207.0,202.67999267578125,204.97999572753906,29113300,AMZN
2025-06-03,205.7100067138672,208.9499969482422,205.02999877929688,207.11000061035156,33139100,AMZN
2025-06-04,207.22999572753906,208.17999267578125,205.17999267578125,206.5500030517578,29915600,AMZN
2025-06-05,207.91000366210938,212.80999755859375,207.55999755859375,209.5500030517578,51864200,AMZN
2025-06-06,213.57000732421875,213.8699951171875,210.5,212.39999389648438,39832500,AMZN
2025-06-09,216.97999572753906,217.85000610351562,212.8800048828125,214.75,38102500,AMZN
2025-06-10,217.61000061035156,217.69000244140625,214.14999389648438,216.77999877929688,31303300,AMZN
2025-06-11,213.1999969482422,218.39999389648438,212.88999938964844,217.41000366210938,39326000,AMZN
2025-06-12,213.24000549316406,213.5800018310547,211.3300018310547,211.77999877929688,27640000,AMZN
2025-06-13,212.10000610351562,214.0500030517578,209.6199951171875,209.9600067138672,29337800,AMZN
2025-06-16,216.10000610351562,217.05999755859375,211.60000610351562,212.30999755859375,33284200,AMZN
2025-06-17,214.82000732421875,217.41000366210938,214.55999755859375,215.1999969482422,32086300,AMZN
2025-06-18,212.52000427246094,217.9600067138672,212.33999633789062,215.08999633789062,44360500,AMZN
2025-06-20,209.69000244140625,214.88999938964844,208.27000427246094,214.67999267578125,75350700,AMZN
2025-06-23,208.47000122070312,210.38999938964844,207.30999755859375,209.7899932861328,37311700,AMZN
2025-06-24,212.77000427246094,214.33999633789062,211.0500030517578,212.13999938964844,38378800,AMZN
2025-06-25,211.99000549316406,216.02999877929688,211.11000061035156,214.6199951171875,31755700,AMZN
2025-06-26,217.1199951171875,218.0399932861328,212.00999450683594,213.1199951171875,50480800,AMZN
2025-06-27,223.3000030517578,223.3000030517578,216.74000549316406,219.9199981689453,119217100,AMZN
2025-06-30,219.38999938964844,223.82000732421875,219.1199951171875,223.52000427246094,58887800,AMZN
2025-07-01,220.4600067138672,221.8800048828125,217.92999267578125,219.5,39256800,AMZN
2025-07-02,219.9199981689453,221.60000610351562,219.05999755859375,219.72999572753906,30894200,AMZN
2025-07-03,223.41000366210938,224.00999450683594,221.36000061035156,221.82000732421875,29632400,AMZN
2025-07-07,223.47000122070312,224.2899932861328,222.3699951171875,223.0,36604100,AMZN
2025-07-08,219.36000061035156,224.0,218.42999267578125,223.9199981689453,45692000,AMZN
2025-07-09,222.5399932861328,224.2899932861328,220.47000122070312,221.07000732421875,38155100,AMZN
2025-07-10,222.25999450683594,222.7899932861328,219.6999969482422,221.5500030517578,30370600,AMZN
2025-07-11,225.02000427246094,226.67999267578125,222.3699951171875,223.5800018310547,50518300,AMZN
2025-07-14,225.69000244140625,226.66000366210938,224.24000549316406,225.07000732421875,35702600,AMZN
2025-07-15,226.35000610351562,227.27000427246094,225.4600067138672,226.1999969482422,34907300,AMZN
2025-07-16,223.19000244140625,226.10000610351562,222.17999267578125,225.8800048828125,39535900,AMZN
2025-07-17,223.8800048828125,224.5,222.50999450683594,223.32000732421875,31855800,AMZN
2025-07-18,226.1300048828125,226.39999389648438,222.97999572753906,225.13999938964844,37833800,AMZN
2025-07-21,229.3000030517578,229.69000244140625,225.64999389648438,225.83999633789062,40297600,AMZN
2025-07-22,227.47000122070312,230.0,226.35000610351562,229.67999267578125,37483700,AMZN
2025-07-23,228.2899932861328,228.7899932861328,227.08999633789062,228.47000122070312,28294900,AMZN
2025-07-24,232.22999572753906,236.0,228.63999938964844,229.1699981689453,42902300,AMZN
2025-07-25,231.44000244140625,232.47999572753906,231.17999267578125,232.22000122070312,28712100,AMZN
2025-07-28,232.7899932861328,234.2899932861328,232.25,233.35000610351562,26300100,AMZN
2025-07-29,231.00999450683594,234.72000122070312,230.30999755859375,234.14999389648438,33716200,AMZN
2025-07-30,230.19000244140625,231.8000030517578,229.2899932861328,231.63999938964844,32993300,AMZN
2025-07-31,234.11000061035156,236.52999877929688,231.39999389648438,235.77000427246094,104357300,AMZN
2025-08-01,214.75,220.44000244140625,212.8000030517578,217.2100067138672,122258800,AMZN
2025-08-04,211.64999389648438,217.44000244140625,211.4199981689453,217.39999389648438,77890100,AMZN
2025-08-05,213.75,216.3000030517578,212.8699951171875,213.0500030517578,51505100,AMZN
2025-08-06,222.30999755859375,222.64999389648438,213.74000549316406,214.6999969482422,54823000,AMZN
2025-08-07,223.1300048828125,226.22000122070312,220.82000732421875,221.0,40603500,AMZN
2025-08-08,222.69000244140625,223.8000030517578,221.8800048828125,223.13999938964844,32970500,AMZN
2025-08-11,221.3000030517578,223.0500030517578,220.39999389648438,221.77999877929688,31646200,AMZN
2025-08-12,221.47000122070312,223.5,219.0500030517578,222.22999572753906,37185800,AMZN
2025-08-13,224.55999755859375,224.9199981689453,222.0,222.0,36508300,AMZN
2025-08-14,230.97999572753906,233.11000061035156,227.02000427246094,227.39999389648438,61545800,AMZN
2025-08-15,231.02999877929688,234.0800018310547,229.80999755859375,232.5800018310547,39649200,AMZN
2025-08-18,231.49000549316406,231.91000366210938,228.3300018310547,230.22999572753906,25248900,AMZN
2025-08-19,228.00999450683594,230.52999877929688,227.1199951171875,230.08999633789062,29891000,AMZN
2025-08-20,223.80999755859375,227.27000427246094,220.9199981689453,227.1199951171875,36604300,AMZN
2025-08-21,221.9499969482422,222.77999877929688,220.5,222.64999389648438,32140500,AMZN
2025-08-22,228.83999633789062,229.13999938964844,220.82000732421875,222.7899932861328,37315300,AMZN
2025-08-25,227.94000244140625,229.60000610351562,227.30999755859375,227.35000610351562,22633700,AMZN
2025-08-26,228.7100067138672,229.0,226.02000427246094,227.11000061035156,26105400,AMZN
2025-08-27,229.1199951171875,229.8699951171875,227.80999755859375,228.57000732421875,21254500,AMZN
2025-08-28,231.60000610351562,232.7100067138672,228.02000427246094,229.00999450683594,33679600,AMZN
2025-08-29,229.0,231.80999755859375,228.16000366210938,231.32000732421875,26199200,AMZN
2025-09-02,225.33999633789062,226.1699981689453,221.8300018310547,223.52000427246094,38843900,AMZN
2025-09-03,225.99000549316406,227.1699981689453,224.36000061035156,225.2100067138672,29223100,AMZN
2025-09-04,235.67999267578125,235.77000427246094,230.77999877929688,231.19000244140625,59391800,AMZN
2025-09-05,232.3300018310547,236.0,231.92999267578125,235.19000244140625,36721800,AMZN
2025-09-08,235.83999633789062,237.60000610351562,233.75,234.94000244140625,33947100,AMZN
2025-09-09,238.24000549316406,238.85000610351562,235.0800018310547,236.36000061035156,27033800,AMZN
2025-09-10,230.3300018310547,237.67999267578125,229.10000610351562,237.52000427246094,60907700,AMZN
2025-09-11,229.9499969482422,231.52999877929688,229.33999633789062,231.49000549316406,37485600,AMZN
2025-09-12,228.14999389648438,230.7899932861328,226.2899932861328,230.35000610351562,38496200,AMZN
2025-09-15,231.42999267578125,233.72999572753906,230.32000732421875,230.6300048828125,33243300,AMZN
2025-09-16,234.0500030517578,235.89999389648438,232.22999572753906,232.94000244140625,38203900,AMZN
2025-09-17,231.6199951171875,234.3000030517578,228.7100067138672,233.77000427246094,42815200,AMZN
2025-09-18,231.22999572753906,233.47999572753906,228.7899932861328,232.5,37931700,AMZN
2025-09-19,231.47999572753906,234.16000366210938,229.6999969482422,232.3699951171875,97943200,AMZN
2025-09-22,227.6300048828125,230.57000732421875,227.50999450683594,230.55999755859375,45914500,AMZN
2025-09-23,220.7100067138672,227.86000061035156,220.07000732421875,227.8300018310547,70956200,AMZN
2025-09-24,220.2100067138672,224.55999755859375,219.4499969482422,224.14999389648438,49509000,AMZN
2025-09-25,218.14999389648438,220.6699981689453,216.47000122070312,220.05999755859375,52226300,AMZN
2025-09-26,219.77999877929688,221.0500030517578,218.02000427246094,219.0800018310547,41650100,AMZN
2025-09-29,222.1699981689453,222.60000610351562,219.3000030517578,220.0800018310547,44259200,AMZN
2025-09-30,219.57000732421875,222.24000549316406,217.88999938964844,222.02999877929688,48396400,AMZN
2025-10-01,220.6300048828125,222.14999389648438,216.61000061035156,217.36000061035156,43933800,AMZN
2025-10-02,222.41000366210938,222.80999755859375,218.9499969482422,221.00999450683594,41258600,AMZN
2025-10-03,219.50999450683594,224.1999969482422,219.33999633789062,223.44000244140625,43639000,AMZN
2025-10-06,220.89999389648438,221.72999572753906,216.02999877929688,221.0,43690900,AMZN
2025-10-07,221.77999877929688,222.88999938964844,220.1699981689453,220.8800048828125,31194700,AMZN
2025-10-08,225.22000122070312,226.72999572753906,221.19000244140625,222.9199981689453,46686000,AMZN
2025-10-09,227.74000549316406,228.2100067138672,221.75,225.0,46412100,AMZN
2025-10-10,216.3699951171875,228.25,216.0,226.2100067138672,72367500,AMZN
2025-10-13,220.07000732421875,220.67999267578125,217.0399932861328,217.6999969482422,37809700,AMZN
2025-10-14,216.38999938964844,219.32000732421875,212.60000610351562,215.55999755859375,45665600,AMZN
2025-10-15,215.57000732421875,217.7100067138672,212.66000366210938,216.6199951171875,45909500,AMZN
2025-10-16,214.47000122070312,218.58999633789062,212.80999755859375,215.6699981689453,42414600,AMZN
2025-10-17,213.0399932861328,214.8000030517578,211.02999877929688,214.55999755859375,45986900,AMZN
2025-10-20,216.47999572753906,216.69000244140625,213.58999633789062,213.8800048828125,38882800,AMZN
2025-10-21,222.02999877929688,223.32000732421875,217.99000549316406,218.42999267578125,50494600,AMZN
2025-10-22,217.9499969482422,220.00999450683594,216.52000427246094,219.3000030517578,44308500,AMZN
2025-10-23,221.08999633789062,221.3000030517578,218.17999267578125,219.0,31540000,AMZN
2025-10-24,224.2100067138672,225.39999389648438,221.89999389648438,221.97000122070312,38685100,AMZN
2025-10-27,226.97000122070312,228.39999389648438,225.5399932861328,227.66000366210938,38267000,AMZN
2025-10-28,229.25,231.49000549316406,226.2100067138672,228.22000122070312,47100000,AMZN
2025-10-29,230.3000030517578,232.82000732421875,227.75999450683594,231.6699981689453,52036200,AMZN
2025-10-30,222.86000061035156,228.44000244140625,222.75,227.05999755859375,102252900,AMZN
2025-10-31,244.22000122070312,250.5,243.97999572753906,250.10000610351562,166340800,AMZN
2025-11-03,254.0,258.6000061035156,252.89999389648438,255.36000061035156,95997800,AMZN
2025-11-04,249.32000732421875,257.010009765625,248.66000366210938,250.3800048828125,51546300,AMZN
2025-11-05,250.1999969482422,251.0,246.16000366210938,249.02999877929688,40610700,AMZN
2025-11-06,243.0399932861328,250.3800048828125,242.1699981689453,249.16000366210938,46004200,AMZN
2025-11-07,244.41000366210938,244.89999389648438,238.49000549316406,242.89999389648438,46374300,AMZN
2025-11-10,248.39999389648438,251.75,245.58999633789062,248.33999633789062,36476500,AMZN
2025-11-11,249.10000610351562,249.75,247.22999572753906,248.41000366210938,23564100,AMZN
2025-11-12,244.1999969482422,250.3699951171875,243.75,250.24000549316406,31190100,AMZN
2025-11-13,237.5800018310547,243.75,236.5,243.0500030517578,41401700,AMZN
2025-11-14,234.69000244140625,238.72999572753906,232.88999938964844,235.05999755859375,38956700,AMZN
2025-11-17,232.8699951171875,234.60000610351562,229.19000244140625,233.25,59919000,AMZN
2025-11-18,222.5500030517578,230.1999969482422,222.4199981689453,228.10000610351562,60608400,AMZN
2025-11-19,222.69000244140625,223.74000549316406,218.52000427246094,223.74000549316406,58335600,AMZN
2025-11-20,217.13999938964844,227.41000366210938,216.74000549316406,227.0500030517578,50309000,AMZN
2025-11-21,220.69000244140625,222.2100067138672,215.17999267578125,216.35000610351562,68490500,AMZN
2025-11-24,226.27999877929688,227.3300018310547,222.27000427246094,222.55999755859375,54318400,AMZN
2025-11-25,229.6699981689453,230.52000427246094,223.8000030517578,226.3800048828125,39379300,AMZN
2025-11-26,229.16000366210938,231.75,228.77000427246094,230.74000549316406,38497900,AMZN
2025-11-28,233.22000122070312,233.2899932861328,230.22000122070312,231.24000549316406,20292300,AMZN
2025-12-01,233.8800048828125,235.8000030517578,232.25,233.22000122070312,42904000,AMZN
2025-12-02,234.4199981689453,238.97000122070312,233.5500030517578,235.00999450683594,45785400,AMZN
2025-12-03,232.3800048828125,233.3800048828125,230.61000061035156,233.35000610351562,35495100,AMZN
2025-12-04,229.11000061035156,233.5,226.8000030517578,232.77000427246094,45683200,AMZN
2025-12-05,229.52999877929688,231.24000549316406,228.5500030517578,230.32000732421875,33117400,AMZN
2025-12-08,226.88999938964844,230.8300018310547,226.27000427246094,229.58999633789062,35019200,AMZN
2025-12-09,227.9199981689453,228.57000732421875,225.11000061035156,226.83999633789062,25841700,AMZN
2025-12-10,231.77999877929688,232.4199981689453,228.4600067138672,228.80999755859375,38790700,AMZN
2025-12-11,230.27999877929688,232.11000061035156,228.69000244140625,230.7100067138672,28249600,AMZN
2025-12-12,226.19000244140625,230.0800018310547,225.1199951171875,229.8699951171875,35639100,AMZN
2025-12-15,222.5399932861328,227.92999267578125,221.5,227.92999267578125,47286100,AMZN
2025-12-16,222.55999755859375,223.66000366210938,221.1300048828125,223.0399932861328,39298900,AMZN
2025-12-17,221.27000427246094,225.19000244140625,220.99000549316406,224.66000366210938,44034400,AMZN
2025-12-18,226.75999450683594,229.22999572753906,224.41000366210938,225.7100067138672,50272400,AMZN
2025-12-19,227.35000610351562,229.1300048828125,225.5800018310547,226.75999450683594,85544400,AMZN
2025-12-22,228.42999267578125,229.47999572753906,226.7100067138672,228.61000061035156,32261300,AMZN
2025-12-23,232.13999938964844,232.4499969482422,228.72999572753906,229.05999755859375,29230200,AMZN
2025-12-24,232.3800048828125,232.9499969482422,231.3300018310547,232.1300048828125,11420500,AMZN
2025-12-26,232.52000427246094,232.99000549316406,231.17999267578125,232.0399932861328,15994700,AMZN
2025-12-29,232.07000732421875,232.60000610351562,230.77000427246094,231.94000244140625,19797900,AMZN
2025-12-30,232.52999877929688,232.77000427246094,230.1999969482422,231.2100067138672,21910500,AMZN
2025-12-31,230.82000732421875,232.99000549316406,230.1199951171875,232.91000366210938,24383700,AMZN
2026-01-02,226.5,235.4600067138672,224.6999969482422,231.33999633789062,51456200,AMZN
2026-01-05,233.05999755859375,234.0,227.17999267578125,228.83999633789062,49733300,AMZN
2026-01-06,240.92999267578125,243.17999267578125,232.07000732421875,232.10000610351562,53764700,AMZN
2026-01-07,241.55999755859375,245.2899932861328,239.52000427246094,239.61000061035156,42236500,AMZN
2026-01-08,246.2899932861328,246.41000366210938,241.8800048828125,243.05999755859375,39509800,AMZN
2026-01-09,247.3800048828125,247.86000061035156,242.24000549316406,244.57000732421875,34560000,AMZN
2026-01-12,246.47000122070312,248.94000244140625,245.9600067138672,246.72999572753906,35867800,AMZN
2026-01-13,242.60000610351562,247.66000366210938,240.25,246.52999877929688,38371800,AMZN
2026-01-14,236.64999389648438,241.27999877929688,236.22000122070312,241.14999389648438,41410600,AMZN
2026-01-15,238.17999267578125,240.64999389648438,236.6300048828125,239.30999755859375,43003600,AMZN
2026-01-16,239.1199951171875,239.57000732421875,236.41000366210938,239.08999633789062,45888300,AMZN
2026-01-20,231.0,235.08999633789062,229.33999633789062,233.75999450683594,47737900,AMZN
2026-01-21,231.30999755859375,232.3000030517578,226.8800048828125,231.08999633789062,47276100,AMZN
2026-01-22,234.33999633789062,235.72000122070312,230.89999389648438,234.0500030517578,31913300,AMZN
2026-01-23,239.16000366210938,240.4499969482422,234.57000732421875,234.9600067138672,33778500,AMZN
2026-01-26,238.4199981689453,240.9499969482422,237.5399932861328,239.97999572753906,32825500,AMZN
2026-01-27,244.67999267578125,244.8800048828125,238.0800018310547,239.69000244140625,38029200,AMZN
2026-01-28,243.00999450683594,247.77999877929688,241.52999877929688,246.3699951171875,40882700,AMZN
2026-01-29,241.72999572753906,243.0,236.74000549316406,242.82000732421875,47229600,AMZN
2026-01-30,239.3000030517578,243.32000732421875,237.63999938964844,239.88999938964844,46585000,AMZN
2026-02-02,242.9600067138672,245.6300048828125,238.1699981689453,238.30999755859375,37546100,AMZN
2026-02-03,238.6199951171875,246.35000610351562,235.4499969482422,244.97999572753906,53831300,AMZN
2026-02-04,232.99000549316406,238.86000061035156,231.82000732421875,238.86000061035156,51299900,AMZN
2026-02-05,222.69000244140625,226.30999755859375,220.3800048828125,224.91000366210938,103509200,AMZN
2026-02-06,210.32000732421875,211.44000244140625,200.30999755859375,202.6999969482422,179210900,AMZN
2026-02-09,208.72000122070312,212.80999755859375,203.35000610351562,208.97000122070312,91178400,AMZN
2026-02-10,206.9600067138672,212.64999389648438,206.41000366210938,208.8000030517578,67175000,AMZN
2026-02-11,204.0800018310547,208.57000732421875,202.49000549316406,208.05999755859375,65545500,AMZN
2026-02-12,199.60000610351562,203.9600067138672,197.55999755859375,203.9600067138672,83975400,AMZN
2026-02-13,198.7899932861328,201.16000366210938,197.27999877929688,198.8800048828125,66321600,AMZN
2026-02-17,201.14999389648438,201.74000549316406,196.0,198.1300048828125,69879200,AMZN
2026-02-18,204.7899932861328,206.86000061035156,201.50999450683594,202.07000732421875,51003300,AMZN
2026-02-19,204.86000061035156,205.63999938964844,202.80999755859375,203.8000030517578,35669600,AMZN
2026-02-20,210.11000061035156,211.1699981689453,203.75,204.75999450683594,65881600,AMZN
2026-02-23,205.27000427246094,208.42999267578125,203.11000061035156,208.10000610351562,53581500,AMZN
2026-02-24,208.55999755859375,210.36000061035156,203.25,205.47000122070312,41137200,AMZN
2026-02-25,210.63999938964844,211.58999633789062,208.92999267578125,210.4600067138672,41346400,AMZN
2026-02-26,207.9199981689453,211.0500030517578,205.35000610351562,210.72999572753906,47756800,AMZN
2026-02-27,210.0,210.3300018310547,205.1999969482422,206.8300018310547,57422800,AMZN
2026-03-02,208.38999938964844,209.72999572753906,203.4600067138672,204.5500030517578,46001000,AMZN
2026-03-03,208.72999572753906,209.17999267578125,202.47999572753906,203.10000610351562,43184900,AMZN
2026-03-04,216.82000732421875,217.5399932861328,210.14999389648438,210.47000122070312,54731100,AMZN
2026-03-05,218.94000244140625,220.47000122070312,215.58999633789062,215.97999572753906,60943400,AMZN
2026-03-06,213.2100067138672,217.32000732421875,212.52999877929688,214.99000549316406,51152700,AMZN
2026-03-09,213.49000549316406,213.82000732421875,207.11000061035156,210.4499969482422,54642900,AMZN
2026-03-10,214.3300018310547,215.64999389648438,212.42999267578125,214.19000244140625,35678800,AMZN
2026-03-11,212.64999389648438,217.0,211.35000610351562,215.7100067138672,34199300,AMZN
2026-03-12,209.52999877929688,211.7100067138672,208.14999389648438,210.38999938964844,44349500,AMZN
2026-03-13,207.6699981689453,210.55999755859375,206.22000122070312,209.61000061035156,35662100,AMZN
2026-03-16,211.74000549316406,212.72000122070312,207.4499969482422,208.35000610351562,42209300,AMZN
2026-03-17,215.1999969482422,215.6999969482422,212.42999267578125,212.82000732421875,44969900,AMZN
2026-03-18,209.8699951171875,215.13999938964844,208.8300018310547,213.92999267578125,37846600,AMZN
2026-03-19,208.75999450683594,209.1199951171875,206.0500030517578,207.05999755859375,36440600,AMZN
2026-03-20,205.3699951171875,207.5399932861328,204.32000732421875,207.39999389648438,63694600,AMZN
2026-03-23,210.13999938964844,212.8000030517578,209.50999450683594,209.7899932861328,44277400,AMZN
2026-03-24,207.24000549316406,209.35000610351562,206.63999938964844,207.9499969482422,35351400,AMZN
2026-03-25,211.7100067138672,213.07000732421875,209.89999389648438,211.55999755859375,36388800,AMZN
2026-03-26,207.5399932861328,212.88999938964844,207.1199951171875,210.61000061035156,46746000,AMZN
2026-03-27,199.33999633789062,206.60000610351562,199.13999938964844,206.4600067138672,56009800,AMZN
2026-03-30,200.9499969482422,203.8000030517578,199.97999572753906,201.47999572753906,46373800,AMZN
2026-03-31,208.27000427246094,210.27999877929688,204.13999938964844,204.85000610351562,58470100,AMZN
2026-04-01,210.57000732421875,213.5800018310547,208.19000244140625,210.44000244140625,45955400,AMZN
2026-04-02,209.77000427246094,212.2100067138672,204.89999389648438,206.5399932861328,31453000,AMZN
2026-04-06,212.7899932861328,212.9499969482422,209.58999633789062,209.8000030517578,25385500,AMZN
2026-04-07,213.77000427246094,213.97000122070312,209.0800018310547,211.24000549316406,28154600,AMZN
2026-04-08,221.25,226.10000610351562,219.6199951171875,223.7899932861328,51092700,AMZN
2026-04-09,233.64999389648438,233.8000030517578,223.27000427246094,225.22999572753906,65964200,AMZN
2026-04-10,238.3800048828125,240.42999267578125,235.2100067138672,235.3000030517578,56912800,AMZN
2026-04-13,239.88999938964844,240.0,235.75,237.4499969482422,42166200,AMZN
2026-04-14,249.02000427246094,252.17999267578125,241.77999877929688,241.77999877929688,72685000,AMZN
2026-04-15,248.5,250.44000244140625,247.1999969482422,249.25,43045200,AMZN
2026-04-16,249.6999969482422,250.0,244.1999969482422,248.50999450683594,41895700,AMZN
2026-04-17,250.55999755859375,256.17999267578125,250.11000061035156,254.99000549316406,52029300,AMZN
2026-04-20,248.27999877929688,250.17999267578125,245.3699951171875,249.19000244140625,39463100,AMZN
2026-04-21,249.91000366210938,255.08999633789062,249.10000610351562,255.08999633789062,42922400,AMZN
2026-04-22,255.36000061035156,255.94000244140625,250.3300018310547,252.44000244140625,36065100,AMZN
2026-04-23,255.0800018310547,258.7900085449219,253.07000732421875,255.38999938964844,39091400,AMZN
2026-04-24,263.989990234375,264.5,257.69000244140625,259.9800109863281,53777400,AMZN
2026-04-27,261.1199951171875,264.1499938964844,260.3399963378906,263.4599914550781,44906800,AMZN
2026-04-28,259.70001220703125,261.0299987792969,256.6300048828125,258.3900146484375,42204400,AMZN
2026-04-29,263.0400085449219,265.9100036621094,257.70001220703125,257.989990234375,72367900,AMZN
2026-04-30,265.05999755859375,273.8800048828125,256.1600036621094,273.1700134277344,100974900,AMZN
2026-05-01,268.260009765625,273.32000732421875,262.739990234375,265.5799865722656,50825200,AMZN
2026-05-04,272.04998779296875,276.1000061035156,268.79998779296875,268.79998779296875,49083700,AMZN
2026-05-05,273.54998779296875,278.55999755859375,272.3800048828125,276.0799865722656,41908500,AMZN
2026-05-06,274.989990234375,277.79998779296875,272.2099914550781,272.8900146484375,44552000,AMZN
2026-05-07,271.1700134277344,276.6300048828125,270.489990234375,275.0199890136719,35892900,AMZN
2026-05-08,272.67999267578125,274.0,269.95001220703125,271.6300048828125,34732700,AMZN
2026-05-11,268.989990234375,273.6300048828125,268.4800109863281,269.8399963378906,38176700,AMZN
2026-05-12,265.82000732421875,267.6499938964844,262.6300048828125,266.7099914550781,36776200,AMZN
2026-05-13,270.1300048828125,270.7200012207031,263.20001220703125,264.42999267578125,39670900,AMZN
2026-05-14,267.2200012207031,270.7799987792969,266.6300048828125,269.1499938964844,31338400,AMZN
2026-05-15,264.1400146484375,264.3599853515625,260.8900146484375,262.5,40770300,AMZN
2026-05-18,264.8599853515625,268.8500061035156,262.5299987792969,263.8699951171875,33690800,AMZN
2026-05-19,259.3399963378906,262.25,255.19000244140625,262.0400085449219,40340700,AMZN
2026-05-20,265.010009765625,265.5799865722656,259.5299987792969,260.04998779296875,34933200,AMZN
2026-05-21,268.4599914550781,269.489990234375,261.3699951171875,263.5,36591700,AMZN
2026-05-22,266.32000732421875,269.7900085449219,266.239990234375,268.6600036621094,27535500,AMZN
2026-05-26,265.2900085449219,269.29998779296875,262.07000732421875,267.94000244140625,38028100,AMZN
2026-05-27,271.8500061035156,272.4100036621094,265.70001220703125,266.1499938964844,40061900,AMZN
2026-05-28,274.0,274.5,267.44000244140625,272.2699890136719,40630400,AMZN
2026-05-29,270.6400146484375,274.75,269.6400146484375,271.2900085449219,54749600,AMZN
2026-06-01,261.260009765625,266.6300048828125,260.70001220703125,266.2900085449219,53604400,AMZN
2026-06-02,256.5199890136719,261.20001220703125,254.3699951171875,257.1600036621094,41811000,AMZN
2026-06-03,250.02000427246094,257.0899963378906,247.7100067138672,254.6999969482422,51394200,AMZN
2026-06-04,253.7899932861328,255.8300018310547,251.75,253.1199951171875,35609800,AMZN
2026-06-05,246.02999877929688,256.3800048828125,245.77999877929688,254.25999450683594,55607800,AMZN
2026-06-08,245.22000122070312,249.4199981689453,243.36000061035156,246.67999267578125,33899500,AMZN
2026-06-09,244.19000244140625,250.42999267578125,240.39999389648438,247.72999572753906,44425400,AMZN
2026-06-10,238.0,244.07000732421875,237.4499969482422,243.61000061035156,38590200,AMZN
2026-06-11,241.50999450683594,242.13999938964844,235.17999267578125,237.92999267578125,41335400,AMZN
2026-06-12,238.5500030517578,243.36000061035156,233.58999633789062,243.2100067138672,51186600,AMZN
2026-06-15,246.02000427246094,247.80999755859375,244.72999572753906,245.02000427246094,41711600,AMZN
2026-06-16,246.0,249.50999450683594,245.4499969482422,248.0,35187400,AMZN
2026-06-17,237.5,245.91000366210938,236.0,244.89999389648438,44780800,AMZN
2026-06-18,244.38999938964844,245.72999572753906,236.02000427246094,240.1199951171875,75624400,AMZN
2026-06-22,232.7899932861328,242.0,232.24000549316406,240.0800018310547,68388500,AMZN
2026-06-23,234.11000061035156,236.8699951171875,232.0,232.5500030517578,60492600,AMZN
2026-06-24,234.27000427246094,242.4199981689453,232.9499969482422,233.85000610351562,70282600,AMZN
2026-06-25,227.00999450683594,232.32000732421875,225.5500030517578,232.02000427246094,77674100,AMZN
2026-06-26,232.69000244140625,233.89999389648438,226.1300048828125,227.2100067138672,248372100,AMZN
2026-06-29,240.13999938964844,249.7100067138672,233.8000030517578,234.22000122070312,77619200,AMZN
2026-06-30,238.33999633789062,241.5399932861328,237.1699981689453,237.35000610351562,66228300,AMZN
2026-07-01,241.6999969482422,244.89999389648438,234.89999389648438,239.75,53829900,AMZN
2026-07-02,242.6699981689453,246.72000122070312,241.0800018310547,241.61000061035156,48246400,AMZN
2026-07-06,244.16000366210938,246.0399932861328,240.8800048828125,243.8000030517578,40044000,AMZN
2026-07-07,245.97999572753906,248.92999267578125,242.6999969482422,246.97999572753906,40579600,AMZN
2026-07-08,243.6199951171875,244.8000030517578,240.52000427246094,244.27000427246094,29653000,AMZN
2026-07-09,247.0399932861328,247.5,238.25,239.82000732421875,38091700,AMZN
2026-07-10,245.33999633789062,251.02999877929688,244.41000366210938,249.5500030517578,31654000,AMZN
2026-07-13,247.30999755859375,249.64999389648438,244.17999267578125,244.67999267578125,34636100,AMZN
2026-07-14,247.49000549316406,248.55999755859375,243.8000030517578,245.5500030517578,30108100,AMZN
2026-07-15,254.9600067138672,256.4800109863281,249.75,249.75,45240600,AMZN
2026-07-16,249.88999938964844,258.0799865722656,248.0,255.1199951171875,45343700,AMZN
2026-07-17,247.22999572753906,250.24000549316406,243.58999633789062,244.4600067138672,43572400,AMZN
2026-07-20,249.99000549316406,252.88999938964844,248.0,248.75999450683594,32406500,AMZN
2026-07-21,247.5500030517578,249.33999633789062,246.4199981689453,249.11000061035156,27732100,AMZN
2026-07-22,244.85000610351562,248.4499969482422,242.4499969482422,248.27000427246094,34112700,AMZN
2026-07-23,233.66000366210938,238.35000610351562,232.0500030517578,236.25999450683594,47465300,AMZN
2026-07-24,232.11000061035156,234.9499969482422,231.33999633789062,234.3800048828125,35017400,AMZN
2026-07-27,231.38999938964844,235.88999938964844,230.99000549316406,235.6699981689453,34999500,AMZN
2026-07-28,230.86000061035156,233.11000061035156,228.10000610351562,232.85000610351562,44521600,AMZN
2026-07-29,226.64999389648438,232.82000732421875,226.16000366210938,229.32000732421875,44957500,AMZN
2026-07-30,235.5,239.82000732421875,231.05999755859375,233.35000610351562,101839800,AMZN
2026-07-31,271.5799865722656,273.2300109863281,262.010009765625,265.0,129054800,AMZN
2026-08-03,284.0199890136719,287.20001220703125,278.0,278.2900085449219,90830200,AMZN
2026-08-04,277.4200134277344,281.07000732421875,275.82000732421875,276.05999755859375,69748100,AMZN
2026-08-05,272.6499938964844,282.7900085449219,270.7300109863281,281.5899963378906,45119800,AMZN
2026-08-06,272.260009765625,275.4800109863281,271.05999755859375,272.7699890136719,30627000,AMZN
2026-08-07,275.8299865722656,278.30999755859375,272.75,272.8900146484375,14546525,AMZN
2024-08-07,98.74724578857422,108.62097103799087,98.52760658313275,107.6325946135043,411440400,NVDA
2024-08-08,104.7972640991211,105.32639072006307,97.35951914167633,101.83215026963444,391910000,NVDA
2024-08-09,104.57763671875,106.42459107060563,103.2598090475883,105.46617163856445,290844200,NVDA
2024-08-12,108.8405990600586,110.88722873441804,106.08514625528547,106.14504508504662,325559900,NVDA
2024-08-13,115.94889831542969,116.03875418683985,111.39640394640423,112.25498947976828,312646700,NVDA
2024-08-14,117.88570404052734,118.40484504167927,113.88230026594151,118.33496052966188,339246400,NVDA
2024-08-15,122.65784454345703,123.03721654252207,117.27671395628101,118.56459228097263,318086700,NVDA
2024-08-16,124.375,124.79430704362497,120.98059332504539,121.73934484458584,302589900,NVDA
2024-08-19,129.78607177734375,129.78607177734375,123.21689800857207,124.07548340044629,318333600,NVDA
2024-08-20,127.04061126708984,129.6662885004724,125.68284852553639,128.18871285893894,300087400,NVDA
2024-08-21,128.28854370117188,129.13715105648026,126.45157521398528,127.11048517418402,257883600,NVDA
2024-08-22,123.53639221191406,130.53485987199215,122.89744589722252,129.80606530219129,376189100,NVDA
2024-08-23,129.15711975097656,129.38675225949072,125.01395457447234,125.65290085977209,323230300,NVDA
2024-08-26,126.25190734863281,131.04400430992783,124.16535012958609,129.35679802537265,331964700,NVDA
2024-08-27,128.0889129638672,128.98742611377176,123.67617933536566,124.84426014055718,303134600,NVDA
2024-08-28,125.4033203125,128.11884600848597,122.43820596970414,127.90918484234558,448101100,NVDA
2024-08-29,117.39649200439453,124.22524016378769,116.51794286125214,121.1602924143949,453023300,NVDA
2024-08-30,119.17357635498047,121.54965726206557,117.02711271158417,119.33330911013266,333751600,NVDA
2024-09-03,107.82229614257812,116.01878644458095,107.11346529492099,115.81911857253483,477155100,NVDA
2024-09-04,106.03523254394531,113.0836130103624,103.94867525541761,105.23655349888746,372470300,NVDA
2024-09-05,107.0335922241211,109.4695798052194,104.58762658147727,104.817243866478,306850700,NVDA
2024-09-06,102.66080474853516,107.97205088494898,100.78389323668084,107.86223127024085,413638100,NVDA
2024-09-09,106.2947998046875,106.37466998895037,103.5193756446925,104.7074122640328,273912000,NVDA
2024-09-10,107.92211151123047,109.21997530676359,104.77729355808466,107.63258781478571,268283700,NVDA
2024-09-11,116.71762084960938,116.99715887318843,107.24323176128858,109.20999122026392,441422400,NVDA
2024-09-12,118.95413208007812,120.60155948017247,115.19999582839206,116.6577172050991,366052700,NVDA
2024-09-13,118.91419219970703,119.77285113489948,117.4165323291377,118.89422675312926,238358300,NVDA
2024-09-16,116.59781646728516,117.99563392468083,114.18159360974668,116.60780299971084,248772300,NVDA
2024-09-17,115.40966796875,118.61466685067687,114.65085910577872,117.98564481894722,231925900,NVDA
2024-09-18,113.19313049316406,117.51636932909096,113.04336298957726,115.70919560695407,310318900,NVDA
2024-09-19,117.68611907958984,119.47332749554481,117.06708357128667,117.16692604230532,293506400,NVDA
2024-09-20,115.81903076171875,118.43494609535816,115.2099818009,116.87737463970251,382462400,NVDA
2024-09-23,116.07861328125,116.80747006945717,114.68079603774753,116.36816173734981,206228500,NVDA
2024-09-24,120.68144226074219,121.6099917401929,115.20000132519814,116.33822228484836,354966800,NVDA
2024-09-25,123.31731414794922,124.74508350925583,121.42027681497308,121.82963321276459,284692900,NVDA
2024-09-26,123.84648132324219,127.47081527785902,121.6099781665842,126.60217747362803,302582900,NVDA
2024-09-27,121.21060180664062,123.83649592385486,119.07394109309165,123.77659196922,271009200,NVDA
2024-09-30,121.25054931640625,121.31045327548797,117.96568098439478,118.1254274144435,226553700,NVDA
2024-10-01,116.81745910644531,122.24897417258154,115.60934783662292,121.58001370293499,302094500,NVDA
2024-10-02,118.66458129882812,119.19375323018366,114.96037016184738,116.25834508658102,221845900,NVDA
2024-10-03,122.6583480834961,124.16599456239773,120.15226164035356,120.73135864781146,277118000,NVDA
2024-10-04,124.72511291503906,124.84492844767553,121.63993722019764,124.7450859792245,243678100,NVDA
2024-10-07,127.52073669433594,130.43617917860723,124.75505409102715,124.7949925984476,346250200,NVDA
2024-10-08,132.68267822265625,133.27175410957346,129.2180905372518,130.0567764001493,285722500,NVDA
2024-10-09,132.4430389404297,134.31013180466115,131.17503131034326,133.9007678130665,246191600,NVDA
2024-10-10,134.59967041015625,134.78937641455914,130.79561711338704,131.70420101079952,242311300,NVDA
2024-10-11,134.5897216796875,135.56818866211125,133.45150063299445,133.80094550922416,170209500,NVDA
2024-10-14,137.85459899902344,139.3822107684187,136.0873561782587,136.2570891265267,232347700,NVDA
2024-10-15,131.3946990966797,138.3538265330219,128.5391603262797,137.654906403531,377831000,NVDA
2024-10-16,135.50827026367188,136.40686011825153,131.37472950963348,133.77097927850218,264879700,NVDA
2024-10-17,136.71636962890625,140.6701983777905,136.65646567187503,139.12261346955344,306435900,NVDA
2024-10-18,137.7847137451172,138.6833036103306,137.06583575895257,138.45366668655112,176090200,NVDA
2024-10-21,143.48580932617188,143.48580932617188,137.78471061125512,137.91451267760561,264554500,NVDA
2024-10-22,143.36598205566406,144.194689003585,141.55880826832362,142.68705023422552,226311600,NVDA
2024-10-23,139.34230041503906,142.2078186781856,137.24558530846375,141.80844872502473,285930000,NVDA
2024-10-24,140.1909637451172,141.1294997806309,138.24400879643727,140.6003278006047,172354900,NVDA
2024-10-25,141.31918334960938,143.90515439009727,140.5803475394567,140.71013437273555,205122100,NVDA
2024-10-28,140.30075073242188,142.91665786792092,139.83148285521668,142.77687691949686,173586700,NVDA
2024-10-29,141.02964782714844,142.03806672701694,138.6833077693045,140.0711387385227,157593600,NVDA
2024-10-30,139.1226043701172,140.1110653014331,136.59655278062618,139.32228929215535,179418100,NVDA
2024-10-31,132.55287170410156,137.39531116933003,131.90389188236236,137.38533225522045,270039600,NVDA
2024-11-01,135.18875122070312,137.09577501351765,134.36005954202903,134.48984636430032,207127800,NVDA
2024-11-04,135.83773803710938,138.7432015157854,135.3584911981984,136.99593186321135,187528200,NVDA
2024-11-05,139.6917266845703,140.151000495864,137.11574997671616,137.23555788662173,160537400,NVDA
2024-11-06,145.38282775878906,146.26145970555473,141.73852838547052,142.73696823952852,242043900,NVDA
2024-11-07,148.6477508544922,148.69766066609404,145.9419717733186,146.1616297903136,207323300,NVDA
2024-11-08,147.39967346191406,149.53633403774526,146.03180056765603,148.5378942315628,175665800,NVDA
2024-11-11,145.03338623046875,148.61779734270107,143.3460354590936,148.44804913905642,182325600,NVDA
2024-11-12,148.05865478515625,149.4165337385062,145.7822128979203,146.55101593198214,198634700,NVDA
2024-11-13,146.0417938232422,149.0970171738845,145.67236073742527,148.83742831045777,191903300,NVDA
2024-11-14,146.53102111816406,148.76753177848803,145.32291747893564,147.40965302668107,194463300,NVDA
2024-11-15,141.7584991455078,145.0134231170618,139.86146934373124,144.64398997756967,250132900,NVDA
2024-11-18,139.9313507080078,141.3291757571169,136.93603090489682,139.28237084466085,221205300,NVDA
2024-11-19,146.78062438964844,146.90044752125365,140.77002797265112,141.0995149233474,227834900,NVDA
2024-11-20,145.6623992919922,147.32979212988033,142.50732548898966,147.18003223590216,309871700,NVDA
2024-11-21,146.44117736816406,152.65147472524168,140.4804899844899,149.11700420524105,400946600,NVDA
2024-11-22,141.72853088378906,146.93040910376754,140.87986616890575,145.70231714314025,236406200,NVDA
2024-11-25,135.8077850341797,141.82837577269152,135.60810012239304,141.76847182265374,344941900,NVDA
2024-11-26,136.70639038085938,139.08268223719327,135.45834049580736,137.4851722903331,190287700,NVDA
2024-11-27,135.12887573242188,137.00594794359344,131.59440457977618,134.79938868035538,226370900,NVDA
2024-11-29,138.0343017578125,139.13259162709357,135.83773725423254,136.5665940393106,141863200,NVDA
2024-12-02,138.41372680664062,140.23087948399635,137.60499293345052,138.6134117376161,171682800,NVDA
2024-12-03,140.04116821289062,140.3207301527637,137.7347745914462,138.04428850809262,164414000,NVDA
2024-12-04,144.91354370117188,145.56252344018102,140.07110485324333,141.77844351730124,231224300,NVDA
2024-12-05,144.8436737060547,146.32146235801875,143.73532840807314,144.89360218968224,172621200,NVDA
2024-12-06,142.22756958007812,145.48270218050342,141.09924996942553,144.38435184545514,188505600,NVDA
2024-12-09,138.6029815673828,139.74128080496888,136.92549436926976,138.76274660606958,189308600,NVDA
2024-12-10,134.86859130859375,141.60852572754877,133.59048602384692,138.80270319338828,210020900,NVDA
2024-12-11,139.1022491455078,139.96096726526153,135.00837248215075,137.155160163518,184905200,NVDA
2024-12-12,137.13519287109375,138.2335586289744,135.59749604609573,136.8755860719742,159211400,NVDA
2024-12-13,134.0498046875,139.3918327936691,132.34234795745746,138.73281333743972,231514900,NVDA
2024-12-16,131.80313110351562,134.19954557462145,130.2254857362255,133.9798724705664,237951100,NVDA
2024-12-17,130.19554138183594,131.39374870651014,126.67080709010266,128.89747709842524,259410300,NVDA
2024-12-18,128.71774291992188,136.49611794642954,128.08867764771298,133.66035727519176,277444500,NVDA
2024-12-19,130.485107421875,133.8301176053825,129.3568029702355,131.56349862817564,209719200,NVDA
2024-12-20,134.49911499023438,135.07825184796977,128.02878306565836,129.61640819653473,306528600,NVDA
2024-12-23,139.46170043945312,139.58151660116854,134.91848306333998,136.0767567466981,176053500,NVDA
2024-12-24,140.01087951660156,141.68836668012935,138.44321367436993,139.7912064019445,105157000,NVDA
2024-12-26,139.7213134765625,140.63995487774488,137.52459740894255,139.49166074428362,116205600,NVDA
2024-12-27,136.8056640625,138.81267619141968,134.50910636621433,138.34337590905767,170582600,NVDA
2024-12-30,137.2849578857422,140.06081067569033,133.82013169900247,134.628921256616,167734700,NVDA
2024-12-31,134.08973693847656,137.8641141320975,133.63043143330796,137.82416524884428,155659200,NVDA
2025-01-02,138.10372924804688,138.6728864930968,134.42922472124587,135.79717669922962,198247200,NVDA
2025-01-03,144.25454711914062,144.6838985290199,139.52161059265686,139.8011917981673,229322500,NVDA
2025-01-06,149.20716857910156,151.93310868099036,147.5995839740372,148.3684248105369,265377400,NVDA
2025-01-07,139.93099975585938,152.9016324332477,139.80118875754107,152.80177547515166,351782200,NVDA
2025-01-08,139.90106201171875,143.73533196712347,137.3548616440079,142.36737985085435,227349900,NVDA
2025-01-10,135.7073211669922,139.71133557177419,134.0198390250661,137.24501786219508,207602500,NVDA
2025-01-13,133.03131103515625,133.29093305056014,129.31685741876072,129.79615256902926,204808900,NVDA
2025-01-14,131.56350708007812,136.1766278538369,129.85606565410438,135.84711813885167,195590500,NVDA
2025-01-15,136.03683471679688,136.2465130176968,131.09420431967888,133.45068552943664,185217300,NVDA
2025-01-16,133.37081909179688,138.5430870275282,133.2909365646461,138.43325045720013,209235600,NVDA
2025-01-17,137.504638671875,138.29345383465838,135.25799411499426,136.4861555399997,201188800,NVDA
2025-01-21,140.61997985839844,141.6184885428412,136.88555189361048,138.95247218370304,197749000,NVDA
2025-01-22,146.85069274902344,147.56960504936464,143.45575377479585,144.4442829463215,237651400,NVDA
2025-01-23,147.00047302246094,147.01045262591376,143.5056920734559,144.8337106624021,155915500,NVDA
2025-01-24,142.4073028564453,148.74783905952535,141.66841618539428,148.14872775799392,234657600,NVDA
2025-01-27,118.24340057373047,128.20851331467108,116.52596435964819,124.61389107098998,818830900,NVDA
2025-01-28,128.79763793945312,128.8076175411123,116.0766320864675,121.62833781559046,579666400,NVDA
2025-01-29,123.51553344726562,126.70077890376498,119.87098248262683,126.31136108771855,467120600,NVDA
2025-01-30,124.464111328125,124.81358785050304,117.92387627755191,122.91641979157204,392925500,NVDA
2025-01-31,119.89093780517578,127.6593341751579,119.01225290264883,123.59540412169352,388161100,NVDA
2025-02-03,116.48603057861328,118.39317826666118,112.84147223806173,114.57887527254843,371235700,NVDA
2025-02-04,118.47305297851562,121.01924546805154,116.52595653802958,116.78557092036435,256550000,NVDA
2025-02-05,124.64384460449219,124.8135892575584,120.57991444298676,121.57842315704723,262230800,NVDA
2025-02-06,128.4880828857422,128.57796024161053,125.02326434711814,127.22996749994309,251483600,NVDA
2025-02-07,129.6463623046875,130.17557068191934,124.8135839892709,129.02729180363133,228186300,NVDA
2025-02-10,133.37081909179688,134.79867927002743,129.76620194780145,129.89599772289156,216989100,NVDA
2025-02-11,132.6019744873047,134.27946199343057,130.8246300046561,132.38230132778313,178902400,NVDA
2025-02-12,130.9444122314453,132.0427777442274,128.88748703117295,129.82608751736282,160278600,NVDA
2025-02-13,135.08824157714844,136.29644386397356,130.9743904181038,131.36380821970238,197430000,NVDA
2025-02-14,138.6429443359375,139.04234173663804,135.29793396994222,136.2764682668825,195479600,NVDA
2025-02-18,139.19212341308594,143.2261075780513,137.72431422880837,141.05934526698334,219176600,NVDA
2025-02-19,139.02236938476562,141.14919790373787,137.01537227663152,139.30195061666387,167536000,NVDA
2025-02-20,139.90106201171875,140.45024487315197,136.5860056380014,139.8211794831435,143903600,NVDA
2025-02-21,134.22952270507812,141.24905316966826,133.83012530319377,139.83115735009994,228217600,NVDA
2025-02-24,130.08572387695312,138.38332947991822,129.88602516626045,136.35635785611953,251381100,NVDA
2025-02-25,126.44114685058594,130.0058224050398,124.25441810041912,129.78614928447132,271428700,NVDA
2025-02-26,131.08421325683594,133.53055638167015,128.29838085048883,129.79614381296275,322553800,NVDA
2025-02-27,119.97081756591797,134.8086493121392,119.83102696232622,134.7986697104659,443175800,NVDA
2025-02-28,124.73371124267578,124.90345590188022,116.22642004317107,117.8439993429124,389091100,NVDA
2025-03-03,113.88990020751953,123.51552349340123,112.11255593535711,123.32581202011416,411381400,NVDA
2025-03-04,115.81702423095703,119.13207287466713,109.9457957033308,110.48499132597254,398163300,NVDA
2025-03-05,117.12507629394531,118.10361057672029,114.3392360416895,117.40465751759531,284337900,NVDA
2025-03-06,110.40511322021484,115.17798387118098,110.05563667803439,113.36069823382532,321181900,NVDA
2025-03-07,112.5219497680664,113.31077256873955,107.39959517379882,111.08409477767312,341755500,NVDA
2025-03-10,106.8204574584961,111.6831896506324,105.30272006245755,109.73610085349598,366487400,NVDA
2025-03-11,108.5978012084961,112.0726069900584,104.61374627233778,106.83043665954975,354865700,NVDA
2025-03-12,115.57803344726562,116.59661034457649,112.72203506897391,113.96030532134075,323857500,NVDA
2025-03-13,115.41825103759766,117.59520049683546,113.63075517539951,116.86621875800482,299033100,NVDA
2025-03-14,121.49972534179688,121.70943054003341,117.98465480860956,118.44401014075397,277593500,NVDA
2025-03-17,119.36272430419922,122.71802281178023,117.86482345684047,122.56823120330081,255501500,NVDA
2025-03-18,115.26846313476562,118.85343549406599,114.37970924440411,117.83486627342975,299686900,NVDA
2025-03-19,117.35552978515625,120.2814296141779,115.51810848491796,117.10587965509883,273426200,NVDA
2025-03-20,118.36412048339844,120.03178155242583,116.30700581426807,116.3868956857552,248829700,NVDA
2025-03-21,117.5352783203125,117.82487338576216,115.25847035053427,116.77634740953133,266498500,NVDA
2025-03-24,121.24009704589844,122.04896105750126,119.17298658297102,119.71223179694545,228452500,NVDA
2025-03-25,120.5210952758789,121.12025404464302,118.75356814650013,120.38129181712452,167447200,NVDA
2025-03-26,113.60079956054688,118.6736845133834,112.55226594608844,118.5638454632065,293463300,NVDA
2025-03-27,111.27405548095703,114.28982567832341,110.50513643809545,111.19416561141583,236902100,NVDA
2025-03-28,109.51651763916016,112.71204388720727,108.9173588485005,111.33397028810096,229872500,NVDA
2025-03-31,108.22832489013672,110.80471613819729,103.50494855407659,104.98287310192077,299212700,NVDA
2025-04-01,109.99585723876953,110.04578269736857,106.32100673854832,108.36813339033893,222614000,NVDA
2025-04-02,110.26546478271484,111.82328673498283,106.64054773013802,107.1398479774266,220601200,NVDA
2025-04-03,101.65754699707031,105.48218161280622,101.45782230020173,103.36515315702636,338769400,NVDA
2025-04-04,94.17802429199219,99.9898797349743,91.9811059228115,98.77159334909085,532273800,NVDA
2025-04-07,97.50335693359375,101.60760579690213,86.49878224276449,87.33760304641297,611041300,NVDA
2025-04-08,96.16523742675781,105.70186824827938,94.3278084260022,103.66472218207363,476243400,NVDA
2025-04-09,114.17000579833984,114.9389248904037,97.39351305704149,98.75161045127601,612918300,NVDA
2025-04-10,107.4194564819336,110.70485307181585,99.01124202201945,109.21694044618194,437812400,NVDA
2025-04-11,110.77476501464844,111.39390013023589,107.32959598741144,108.34816524857224,313417300,NVDA
2025-04-14,110.55506896972656,114.13006086401796,108.91736463288024,113.95031245540225,264705000,NVDA
2025-04-15,112.04297637939453,113.46099492172469,110.3453585264742,110.81470199440513,228966900,NVDA
2025-04-16,104.3437728881836,106.64055727885454,100.30942561460589,104.40369410395131,397016900,NVDA
2025-04-17,101.34796905517578,104.32380208660638,99.90998942448081,104.30382580885471,292517500,NVDA
2025-04-21,96.77438354492188,99.3008417327631,94.90699776234818,98.63177356997639,288501100,NVDA
2025-04-22,98.75160217285156,99.67031279819463,97.14385476914264,98.6417555090913,241004800,NVDA
2025-04-23,102.56625366210938,104.65333261230082,101.87721689778672,104.37371808015347,247526000,NVDA
2025-04-24,106.28105163574219,106.39089830035945,102.96569827687256,103.33518320501399,220815000,NVDA
2025-04-25,110.85464477539062,111.76336727797938,105.58203530029881,106.70046299579266,251064700,NVDA
2025-04-28,108.57784271240234,110.21554702841466,105.8716284785824,109.53649833991803,207708500,NVDA
2025-04-29,108.867431640625,110.04578062718967,107.2896485179105,107.51932238432487,170444300,NVDA
2025-04-30,108.76756286621094,108.76756286621094,103.93434018163836,104.32379376082015,235044600,NVDA
2025-05-01,111.45381164550781,114.77915341441685,111.14424790285813,112.92175572108304,236121500,NVDA
2025-05-02,114.33976745605469,115.23850951002053,113.21135153306962,114.02021557227994,190194800,NVDA
2025-05-05,113.66072082519531,114.50952981770942,112.50234808238875,112.75199823422925,133163200,NVDA
2025-05-06,113.38111114501953,114.57942879752297,110.66491633937942,111.32399638135878,158525600,NVDA
2025-05-07,116.89617919921875,117.51531428959993,112.12286973799952,112.89179643623137,206758800,NVDA
2025-05-08,117.20574951171875,118.51391379663416,115.68787240644632,118.08451525459601,198428100,NVDA
2025-05-09,116.48676300048828,118.06455379711826,115.0487756801452,117.1857803819228,132972200,NVDA
2025-05-12,122.82787322998047,122.82787322998047,120.11167839159091,121.79931583574867,225023300,NVDA
2025-05-13,129.7481689453125,131.03637225526788,124.29581818961599,124.8051066300396,330430100,NVDA
2025-05-14,135.15060424804688,135.2504704050171,131.4957223220182,133.01359953083553,281180800,NVDA
2025-05-15,134.64129638671875,136.10924022234616,132.47433530494334,134.10204362723803,226632600,NVDA
2025-05-16,135.21051025390625,136.15919297953724,133.27323795943153,136.02937003025397,226542500,NVDA
2025-05-19,135.3802947998047,135.6798627990254,132.20473687113784,132.20473687113784,193154600,NVDA
2025-05-20,134.1919403076172,134.39165736048994,132.4343936724944,134.10205468200522,161514200,NVDA
2025-05-21,131.61557006835938,137.20772462329396,130.4072565649854,132.87380141479636,270608700,NVDA
2025-05-22,132.64410400390625,134.0621148614722,131.3658966044825,132.0449376190489,187344000,NVDA
2025-05-23,131.1062469482422,132.49430097030302,128.97923834191374,129.8180590665907,198821300,NVDA
2025-05-27,135.31036376953125,135.47014350181522,133.1234263008756,133.96224703921547,192953600,NVDA
2025-05-28,134.62132263183594,137.0579101389624,134.60134635659116,135.83961638539918,304021100,NVDA
2025-05-29,138.99520874023438,143.28919402135628,137.71700129433316,142.0509238917618,369241900,NVDA
2025-05-30,134.94090270996094,139.42460961066672,132.73398869983464,138.5258751739265,333170900,NVDA
2025-06-02,137.187744140625,137.9266987725352,135.21050414256473,135.30038976970178,197663100,NVDA
2025-06-03,141.02236938476562,141.801276586457,137.75694135463795,138.5857816307834,225578800,NVDA
2025-06-04,141.7213897705078,142.19073325311263,139.34471555965237,141.99101618842522,167120800,NVDA
2025-06-05,139.79409790039062,143.79848066110154,138.63571759363617,141.97103980754113,231397900,NVDA
2025-06-06,141.5216827392578,143.0695167658335,141.3119699021351,142.31057053380505,153986200,NVDA
2025-06-09,142.43040466308594,144.7970831461155,141.74136782943543,142.98961854621228,185114500,NVDA
2025-06-10,143.758544921875,144.088069701399,141.33193761060437,142.49031793007975,155881900,NVDA
2025-06-11,142.64002990722656,144.79716064315863,141.6813000562032,144.4176611881815,167694000,NVDA
2025-06-12,144.80714416503906,144.80714416503906,141.66133988719625,141.78117540604916,162365000,NVDA
2025-06-13,141.7811737060547,143.3890329315276,140.6626682408541,142.29048989356696,180820600,NVDA
2025-06-16,144.49754333496094,145.98555166191812,143.00951976951112,143.159329390418,183133700,NVDA
2025-06-17,143.9282989501953,145.02684191909495,143.58875484653294,144.29781716982143,139108000,NVDA
2025-06-18,145.2864990234375,145.45627108510786,142.9296373487004,143.81845298832403,161494100,NVDA
2025-06-20,143.65866088867188,146.00552584195606,142.46024490398213,145.2565234707711,242956200,NVDA
2025-06-23,143.97824096679688,144.58743022935184,141.84108794116847,142.31046402404658,154308900,NVDA
2025-06-24,147.70326232910156,147.76319531946535,145.3064608232896,145.36637857516104,187566100,NVDA
2025-06-25,154.104736328125,154.24454949233478,149.06145072732096,149.0714471780808,269146500,NVDA
2025-06-26,154.81381225585938,156.51154803915952,153.79516469048193,155.77252682686714,198145700,NVDA
2025-06-27,157.54017639160156,158.4989061985097,155.05348286000648,155.83244416127852,263234500,NVDA
2025-06-30,157.77984619140625,158.4489531245615,155.7525477292889,158.18928922556665,194580300,NVDA
2025-07-01,153.09608459472656,156.99089075003695,151.288494680634,156.0820975676339,213143600,NVDA
2025-07-02,157.0408477783203,157.3903883520798,152.76654166200262,152.77652287552658,171224100,NVDA
2025-07-03,159.1280517578125,160.76586971787668,157.56014800239086,158.15934077500395,143716100,NVDA
2025-07-07,158.02951049804688,159.09807923203843,157.13069855849747,157.98955517353815,140139000,NVDA
2025-07-08,159.78717041015625,160.00687898854957,158.17931139836438,159.11806346268276,138133000,NVDA
2025-07-09,162.66334533691406,164.2012901564699,160.9456320255445,161.0055497766517,183656400,NVDA
2025-07-10,163.88172912597656,164.28119097215313,161.3950357038234,164.10143771292147,167704100,NVDA
2025-07-11,164.7006378173828,167.66668863474402,163.25256951238498,163.50223698698784,193633300,NVDA
2025-07-14,163.85177612304688,165.2698855378492,161.80449980139463,165.15003478890583,136975800,NVDA
2025-07-15,170.4729461669922,172.17068192225182,168.97494134085255,170.96229989605533,230627400,NVDA
2025-07-16,171.14205932617188,171.52155877211666,168.67534340451815,170.83247408910898,158831500,NVDA
2025-07-17,172.76988220214844,173.92834287299638,170.60277047944578,171.7911900263939,160841100,NVDA
2025-07-18,172.18067932128906,174.01822826089457,171.03219980516573,173.40903901870553,146456400,NVDA
2025-07-21,171.1520538330078,173.1493936504508,170.77255439137573,172.52022673163836,123126100,NVDA
2025-07-22,166.8078155517578,171.16201649130318,164.36107758832912,171.1120799535818,193114300,NVDA
2025-07-23,170.5528564453125,171.03221376466186,167.7465962646817,169.30451898143798,154082200,NVDA
2025-07-24,173.50892639160156,173.5988030318276,171.07216922217725,172.21065238052367,128984600,NVDA
2025-07-25,173.26922607421875,174.4876045602178,172.72995103806022,173.37908037175941,122316800,NVDA
2025-07-28,176.51490783691406,176.7645753161742,173.73860668662087,173.78854323017163,140023500,NVDA
2025-07-29,175.2765350341797,179.14139760883538,174.7871965738649,177.72328828972238,154077500,NVDA
2025-07-30,179.03155517578125,179.65072563032518,175.80584046425426,176.27521653092245,174312200,NVDA
2025-07-31,177.63340759277344,183.05619299307685,175.69598557745124,182.65671589592668,221685400,NVDA
2025-08-01,173.4889373779297,176.3051785902702,170.66269971388826,173.85844036702034,204529000,NVDA
2025-08-04,179.7605743408203,179.96030526461158,174.28786778877773,174.9270158880054,148174600,NVDA
2025-08-05,178.02288818359375,180.0202279532499,175.6660266458598,179.38107983649965,156407600,NVDA
2025-08-06,179.1813507080078,179.66070799076476,176.01556896990587,176.09546439011424,137192300,NVDA
2025-08-07,180.52957153320312,183.6354356942093,178.5621905082108,181.32851054269395,151878400,NVDA
2025-08-08,182.4569854736328,183.05619350177665,180.16004168373897,181.30852119793246,123396700,NVDA
2025-08-11,181.81784057617188,183.59547178906817,180.01025048518693,181.80785936297346,138323200,NVDA
2025-08-12,182.9163818359375,184.234618174838,179.22130626788388,182.7166509044063,145485700,NVDA
2025-08-13,181.3484649658203,183.72530422356274,179.11145412417423,182.37709375214726,179871700,NVDA
2025-08-14,181.77789306640625,182.7765629312542,179.22130065055427,179.51090820642335,129554000,NVDA
2025-08-15,180.20997619628906,181.658044469753,177.8031781362909,181.6380820439347,156602200,NVDA
2025-08-18,181.7678985595703,182.69666946783065,180.3497891649352,180.359785616326,132008000,NVDA
2025-08-19,175.40638732910156,182.25726371442747,175.25659293377495,182.1873495042791,185229200,NVDA
2025-08-20,175.1667022705078,175.76591033294957,168.57548977611862,174.93701244991922,215142700,NVDA
2025-08-21,174.7472381591797,176.66468235557974,173.57879631630271,174.61742144674352,140040900,NVDA
2025-08-22,177.7532501220703,178.35244288234992,170.97227338198675,172.38040151215634,172789400,NVDA
2025-08-25,179.57083129882812,181.6680441727565,176.33515059315872,178.11278178635797,163012800,NVDA
2025-08-26,181.52822875976562,182.14739921043056,178.57215920342722,179.82049655621498,168688200,NVDA
2025-08-27,181.35845947265625,182.24727507184866,178.86178472902657,181.7379436715125,235518900,NVDA
2025-08-28,179.9303436279297,184.22462699678687,176.17535050737845,180.5794881684096,281787800,NVDA
2025-08-29,173.94830322265625,177.91302365652732,172.91967451951007,177.87308356836775,243257900,NVDA
2025-09-02,170.5528564453125,172.15073449446965,166.997593786357,169.77389508693435,231164900,NVDA
2025-09-03,170.39305114746094,172.18067877773825,168.6553752976972,170.83246833565184,164424900,NVDA
2025-09-04,171.4316864013672,171.6314173426514,169.18467902530818,170.34313981864827,141670100,NVDA
2025-09-05,166.7978515625,168.80517258283567,163.8517783946414,167.8065026792569,224441400,NVDA
2025-09-08,168.0861358642578,170.73262035939155,167.12742125141602,167.32715219255022,163769100,NVDA
2025-09-09,170.53286743164062,170.75257602974241,166.51822538667548,168.86509051949957,157548400,NVDA
2025-09-10,177.09413146972656,179.05151589898875,175.2366048852674,176.4050468150653,226852000,NVDA
2025-09-11,176.94430541992188,180.05034427267074,176.2551819566126,179.45110250300584,151159300,NVDA
2025-09-12,177.593505859375,178.37251110105626,176.22524055900428,177.5435664999128,124911000,NVDA
2025-09-15,177.52357482910156,178.62217970015598,174.28769658655634,175.44622258887705,147061600,NVDA
2025-09-16,174.65724182128906,177.27389957504343,174.15787872389456,176.77453647764895,140737800,NVDA
2025-09-17,170.0730743408203,172.97937117956877,168.1954794867923,172.42008695754546,211843800,NVDA
2025-09-18,176.01551818847656,176.87442336525442,172.73969733735942,173.7583871307785,191763300,NVDA
2025-09-19,176.4449462890625,177.8531538116004,174.95683884616588,175.54609885389235,237182100,NVDA
2025-09-22,183.37612915039062,184.31493427279133,174.48747153493287,175.07671637070237,269637000,NVDA
2025-09-23,178.2027130126953,182.18763613663097,175.9855548133895,181.73821238324945,192559600,NVDA
2025-09-24,176.74456787109375,179.5509859124944,175.17656050171237,179.54100413716742,143564100,NVDA
2025-09-25,177.46365356445312,180.0303718676576,172.90946471941734,174.25773588995062,191586700,NVDA
2025-09-26,177.96302795410156,179.54101721374016,174.70717071687335,177.94304916264082,148573700,NVDA
2025-09-29,181.6183624267578,183.76561762390497,180.09031258631592,180.2001578366391,193063500,NVDA
2025-09-30,186.3423309326172,187.11135435179565,181.2488213615314,181.848063160254,236981000,NVDA
2025-10-01,187.0015106201172,187.9003581593927,183.665753326035,185.00405809785752,173844900,NVDA
2025-10-02,188.64939880371094,190.80665113886596,187.82045419605362,189.35850113919957,136805800,NVDA
2025-10-03,187.38099670410156,190.11751186051177,185.1438598655547,188.94900408551683,137596900,NVDA
2025-10-06,185.3036651611328,186.99151499327596,183.09648864167906,185.26372281570642,157678100,NVDA
2025-10-07,184.80429077148438,188.8191743935438,183.76562222076905,185.99277739696944,140088000,NVDA
2025-10-08,188.86911010742188,189.35849142592937,186.30237648821537,186.33235229407293,130168900,NVDA
2025-10-09,192.32470703125,195.05122522476873,190.816620752273,191.9851285494953,182997200,NVDA
2025-10-10,182.92669677734375,195.37081685366852,181.81811007166195,193.26350393527704,268774400,NVDA
2025-10-13,188.08013916015625,189.86785248459339,185.72314454487463,187.73057886865314,153482800,NVDA
2025-10-14,179.80067443847656,184.56460262310264,179.47109296765566,184.5346420566055,205641400,NVDA
2025-10-15,179.60093688964844,184.63451030281777,177.06416377208902,184.56460739230218,214450500,NVDA
2025-10-16,181.57839965820312,183.04652832403656,179.5410050089342,181.99786281424815,179723300,NVDA
2025-10-17,182.9866180419922,183.86550198639478,179.52103686227596,179.9504818191574,173135200,NVDA
2025-10-20,182.4073486328125,184.96408521149223,181.4985041529273,182.89672994644732,128544700,NVDA
2025-10-21,180.9292449951172,182.55715836486127,179.5709767314294,182.55715836486127,124240200,NVDA
2025-10-22,180.05035400390625,183.20633238125785,176.53483359319367,180.9092591258601,162249600,NVDA
2025-10-23,181.92796325683594,182.7968501503985,179.5609718650331,180.19017423035882,111363700,NVDA
2025-10-24,186.02273559570312,187.23120099697576,183.26625678365264,183.6058200325102,131296700,NVDA
2025-10-27,191.24609375,191.75543864774096,188.18997864549505,189.74800438556454,153452700,NVDA
2025-10-28,200.77392578125,202.8912204382634,191.66554775855593,192.8040950113927,297986200,NVDA
2025-10-29,206.77627563476562,211.9197249544373,204.51915980095313,207.715080745974,308829600,NVDA
2025-10-30,202.63156127929688,205.89740027142088,201.1534507471854,204.88867704045037,178864400,NVDA
2025-10-31,202.23207092285156,207.70508615602077,201.81260775338424,206.18701808603035,179802200,NVDA
2025-11-03,206.61648559570312,211.07079600988305,205.2981596683369,207.8149540137207,180267300,NVDA
2025-11-04,198.43690490722656,203.71017785907821,197.67786326579136,202.7414122562426,188919300,NVDA
2025-11-05,194.9613494873047,202.66152000582164,194.40205001057666,198.51681234435117,171350300,NVDA
2025-11-06,187.84043884277344,197.3682807609907,186.14260723026618,196.16981228388872,223029800,NVDA
2025-11-07,187.91030883789062,188.08010568481336,178.682089465448,184.66444902638756,264942300,NVDA
2025-11-10,198.7964630126953,199.68532876518447,193.5431531870904,194.8614791513322,198897100,NVDA
2025-11-11,192.91395568847656,195.17107140540628,191.05632435423007,194.91140808059743,176483300,NVDA
2025-11-12,193.55313110351562,195.64046510157328,190.8865341091802,195.47068348463264,154935300,NVDA
2025-11-13,186.62197875976562,191.1961465947379,183.61581837719615,190.8066439854392,207423100,NVDA
2025-11-14,189.92774963378906,190.76667594021126,180.34996953708986,182.62706393415107,186591900,NVDA
2025-11-17,186.36231994628906,188.75925679396335,184.08522536919267,185.73311754704963,173628900,NVDA
2025-11-18,181.1289825439453,184.5646030780414,179.42115405263684,183.14641371605563,213598900,NVDA
2025-11-19,186.28240966796875,187.62069907956393,182.5971076589588,184.5546024199349,247246400,NVDA
2025-11-20,180.40989685058594,195.7503316108911,179.62090987236718,195.70039225393623,343504800,NVDA
2025-11-21,178.6521453857422,184.32490281868388,172.70971237567008,181.00913979899244,346926200,NVDA
2025-11-24,182.31747436523438,183.26626122561635,176.25519889972114,179.2613745727385,256618300,NVDA
2025-11-25,177.593505859375,177.9330691207534,169.3340356551,174.68720886729724,320600300,NVDA
2025-11-26,180.03036499023438,182.67699835309762,178.01294919921247,181.39863013804072,183852000,NVDA
2025-11-28,176.7745361328125,179.0616124091028,176.27517303639212,178.7819702942556,121332800,NVDA
2025-12-01,179.69081115722656,180.07033197943204,173.45875435362808,174.5373804488289,188131000,NVDA
2025-12-02,181.22886657714844,185.4235136530611,179.7707195907086,181.52847225165078,182632200,NVDA
2025-12-03,179.3612518310547,182.21760964702736,178.88186747602086,180.84935949817796,165138000,NVDA
2025-12-04,183.15660095214844,184.29521152983364,179.7407692190929,181.39873533031871,167364900,NVDA
2025-12-05,182.1877899169922,184.43504894381925,180.6896172324408,183.66598269849337,143971100,NVDA
2025-12-08,185.323974609375,187.7709870845105,182.17780264974235,182.41751577930148,204378100,NVDA
2025-12-09,184.7446746826172,185.4937610485011,183.09669077375298,185.33395229946427,144719700,NVDA
2025-12-10,183.55612182617188,185.2540478736652,181.8182359713298,184.74467463147755,162785400,NVDA
2025-12-11,180.70957946777344,181.09911899111663,176.40483245042134,180.060377409269,182136600,NVDA
2025-12-12,174.80679321289062,182.59729422559735,174.40727135263347,180.88937065842447,204274900,NVDA
2025-12-15,176.07522583007812,178.20263580820242,174.81676632707214,177.72322484137152,164775600,NVDA
2025-12-16,177.5034942626953,178.27256047932946,174.686922405521,176.04526619844617,148588100,NVDA
2025-12-17,170.73175048828125,175.91543007880585,170.10251312474713,175.88546784627562,222775500,NVDA
2025-12-18,173.9278564453125,175.93540231223645,171.6106906687844,174.3173807251694,176096000,NVDA
2025-12-19,180.76953125,181.22896236326454,176.12518653595592,176.4547863729682,324925900,NVDA
2025-12-22,183.4662322998047,183.935660967629,182.1278683380167,183.6959478478248,129064400,NVDA
2025-12-23,188.97952270507812,189.09937165158402,182.67719635774475,182.74711840334103,174873600,NVDA
2025-12-24,188.38023376464844,188.67987134928,186.36269028434322,187.71105179508496,65528500,NVDA
2025-12-26,190.2978973388672,192.45526970950266,187.7709805748158,189.68863982420257,139740300,NVDA
2025-12-29,187.99070739746094,188.53004285167208,185.68352392965699,187.4813341773615,120006100,NVDA
2025-12-30,187.31153869628906,188.75978454971104,186.70228116711607,188.01069817319677,97687300,NVDA
2025-12-31,186.27279663085938,190.32784810299728,186.26281429981768,189.33906392286715,120100500,NVDA
2026-01-02,188.6199493408203,192.69496568024334,188.03065649528438,189.60873357074172,148240500,NVDA
2026-01-05,187.89083862304688,193.39413642527967,185.9232371396652,191.52640398377517,183529700,NVDA
2026-01-06,187.0119171142578,191.935904267691,186.5924305704924,190.2879203285983,176862600,NVDA
2026-01-07,188.87962341308594,191.13686475404677,186.3327268208183,188.34028795646717,153543200,NVDA
2026-01-08,184.8145751953125,189.31909080925226,183.4862088297309,188.87962438445808,172457000,NVDA
2026-01-09,184.63479614257812,186.1129888751533,183.44624341374129,184.8545293482555,131327500,NVDA
2026-01-12,184.71470642089844,186.89204340473577,182.79704721562317,182.99680052530172,137968500,NVDA
2026-01-13,185.58364868164062,187.88084992986475,183.17658082293008,184.7746378408776,160128900,NVDA
2026-01-14,182.91690063476562,184.2352999433054,180.57975484984624,184.0954710990846,159586100,NVDA
2026-01-15,186.82212829589844,189.46889382188115,186.10300422087673,186.2727952885624,206188600,NVDA
2026-01-16,186.0031280517578,190.20800608356458,185.85331687968656,188.84966224271636,187967200,NVDA
2026-01-20,177.85308837890625,182.15783564218773,177.39364202987932,181.67840938923754,223345300,NVDA
2026-01-21,183.09669494628906,185.15418310637224,178.18267486272933,178.8318922054109,200381000,NVDA
2026-01-22,184.6148223876953,185.94320399708803,183.70592730123704,184.52493568425237,139636600,NVDA
2026-01-23,187.44137573242188,189.3690325020707,186.59242035942677,187.27158465782284,142748100,NVDA
2026-01-26,186.2428436279297,188.88960930416175,185.76343263076708,186.93200550896393,124799600,NVDA
2026-01-27,188.29034423828125,189.76853699604698,185.47377232125424,187.01190478720812,143711600,NVDA
2026-01-28,191.28668212890625,192.1156727976695,189.60872088942648,191.0369866951896,148552700,NVDA
2026-01-29,192.27548217773438,193.244301759811,185.83334250366076,191.10690928022157,171764400,NVDA
2026-01-30,190.8971710205078,194.25307849059112,189.23918956869622,190.97707539362895,179489500,NVDA
2026-02-02,185.38388061523438,190.06816944570554,184.65477420739685,186.97193993484487,165794100,NVDA
2026-02-03,180.12030029296875,186.04308409913696,176.01530661894333,186.01312186532803,204019600,NVDA
2026-02-04,173.97781372070312,179.36124730830178,171.70059231104517,179.241398362594,207014100,NVDA
2026-02-05,171.67062377929688,176.60460839935587,170.8216531377948,174.7168961324724,206312900,NVDA
2026-02-06,185.18414306640625,186.77220252110314,174.38731390455436,176.4747642750831,231346200,NVDA
2026-02-09,189.80848693847656,193.42408742490235,183.7259094221984,184.03552934237337,196387400,NVDA
2026-02-10,188.31031799316406,192.24552080983682,187.89083145679504,191.1468699498802,136764800,NVDA
2026-02-11,189.81849670410156,193.02457795983298,188.54005713468442,192.21556708670826,144192700,NVDA
2026-02-12,186.7122802734375,193.3741533411549,186.28279615580217,192.79485804306626,189932500,NVDA
2026-02-13,182.58729553222656,187.27158453858374,181.36878053627944,187.25160463564347,161888000,NVDA
2026-02-17,184.7446746826172,186.92201173748992,178.9617194034806,181.5285959992061,162276900,NVDA
2026-02-18,187.75099182128906,190.13807962880853,186.53247684939709,188.52005804720127,164749100,NVDA
2026-02-19,187.6710968017578,188.20044994409497,185.43383529156333,186.8321237354349,126554500,NVDA
2026-02-20,189.58877563476562,190.09814888521723,185.71349722992974,186.342734664171,178422300,NVDA
2026-02-23,191.316650390625,193.71372053376285,189.34904909171755,191.1668239815537,171584800,NVDA
2026-02-24,192.61508178710938,193.53395924081437,187.171708627792,191.2567378902843,175123600,NVDA
2026-02-25,195.32176208496094,197.38924768090467,193.5539140704845,194.2131137016724,250637100,NVDA
2026-02-26,184.66476440429688,194.0533071271398,184.09546670933034,194.03334246429932,360807900,NVDA
2026-02-27,176.97415161132812,182.36756729714082,176.1651407824763,181.0292033274304,311636500,NVDA
2026-03-02,182.25770568847656,183.2365228635074,174.42725972943845,174.79680413295333,209095300,NVDA
2026-03-03,179.83065795898438,180.67961330625172,176.70446619030554,178.27256086028186,178099400,NVDA
2026-03-04,182.8170166015625,184.47499807110998,179.84065106191534,180.22019302825058,177731200,NVDA
2026-03-05,183.11663818359375,183.83576224630102,177.6632984882966,180.94928366467312,198779700,NVDA
2026-03-06,177.6033935546875,182.53736302725528,176.6046117177772,179.62092189230134,189021900,NVDA
2026-03-09,182.427490234375,182.68718325690133,175.34613090826778,176.61458806542097,177213600,NVDA
2026-03-10,184.54490661621094,186.21287029543888,181.78825925636124,182.17778352587916,179118500,NVDA
2026-03-11,185.8134307861328,187.40157611978597,184.23526832414757,185.6935753620157,145280400,NVDA
2026-03-12,182.9268035888672,184.72471123223085,181.53842231669145,183.83574790315467,155762700,NVDA
2026-03-13,180.0401611328125,185.87335881208497,179.73052445930352,184.70472270189353,160988400,NVDA
2026-03-16,183.0067138671875,188.66012868968363,181.19882333613754,182.7570048934839,217307400,NVDA
2026-03-17,181.71820068359375,185.1841623368753,181.4684917186082,184.8445618023411,182497800,NVDA
2026-03-18,180.1899871826172,183.16652908726184,180.12007659614625,182.26756764801692,156683100,NVDA
2026-03-19,178.3521270751953,179.77047215436778,175.5853475010711,177.80276430906588,170968500,NVDA
2026-03-20,172.4989471435547,178.05247199547227,171.52009228430225,177.79278016290237,241323500,NVDA
2026-03-23,175.43553161621094,178.16234927411983,174.55655117338722,177.0536408486584,182836300,NVDA
2026-03-24,174.99603271484375,176.01484951930743,173.777451794472,174.6264683383626,147667800,NVDA
2026-03-25,178.47198486328125,181.00903649280792,176.64412864426953,176.89383761026875,162602100,NVDA
2026-03-26,171.04066467285156,176.30451888215924,170.9407749866337,175.86504388946904,186152200,NVDA
2026-03-27,167.32498168945312,170.77096223786808,166.81556566439232,169.80209026823204,196212700,NVDA
2026-03-30,164.97772216796875,169.25273855906806,164.07877596313077,168.58352034150624,185627000,NVDA
2026-03-31,174.1969757080078,174.41672082635512,166.7656493784466,166.77563225072552,226181300,NVDA
2026-04-01,175.54541015625,177.16351944386196,174.54657425208924,175.79511913229018,168132000,NVDA
2026-04-02,177.18348693847656,177.28337661769746,171.170490985778,171.97954556798163,143143200,NVDA
2026-04-06,177.43319702148438,177.58301630024127,175.55538077559635,176.953760088437,107564300,NVDA
2026-04-07,177.89266967773438,178.0225079733855,173.4578360976707,175.52541836668527,132534900,NVDA
2026-04-08,181.8680419921875,185.0443328296099,180.09011531444295,184.28522303450282,147732700,NVDA
2026-04-09,183.69590759277344,183.86570786090292,180.40972906189933,181.6283100364998,116428500,NVDA
2026-04-10,188.41041564941406,189.77881591864653,184.08545448929232,184.09543736125556,160459500,NVDA
2026-04-13,189.08961486816406,189.43921351677633,185.52377876103736,185.81343445538195,133648200,NVDA
2026-04-14,196.28123474121094,196.28123474121094,190.54792650193752,190.61783708872017,161307000,NVDA
2026-04-15,198.63848876953125,200.166706463506,195.5121427945441,196.31119931453722,185338400,NVDA
2026-04-16,198.1190948486328,199.6173486077875,195.58204328148997,197.20015246424893,134012900,NVDA
2026-04-17,201.44520568847656,201.46518667284232,199.03802288778024,199.66727910555997,160324400,NVDA
2026-04-20,201.82476806640625,201.9346406188145,197.6096795882359,199.7471876833392,119381400,NVDA
2026-04-21,199.64732360839844,202.51397775047528,198.76834314349978,201.89470437258373,107945300,NVDA
2026-04-22,202.26426696777344,202.26426696777344,198.76834136586132,200.75603026628932,107501000,NVDA
2026-04-23,199.4075927734375,203.59271751351986,196.99041179336916,202.22431724671497,113561800,NVDA
2026-04-24,208.0275421142578,210.70441481695215,199.57738430538978,199.72721882416832,214134400,NVDA
2026-04-27,216.3578338623047,216.5775789683675,207.13858324348888,209.4059296471886,187172400,NVDA
2026-04-28,212.92184448242188,214.4800260296235,207.95762889823203,209.24613572912838,180275400,NVDA
2026-04-29,209.00640869140625,212.47237042757808,207.33835459433345,212.4523894424142,123711800,NVDA
2026-04-30,199.33767700195312,210.05518135667162,198.46867945247158,209.68560172993963,225239200,NVDA
2026-05-01,198.21897888183594,202.76368521944246,196.89052532216473,201.0456862731779,128647000,NVDA
2026-05-04,198.24893188476562,201.49514834231712,194.51329562325486,199.26774870200734,125368100,NVDA
2026-05-05,196.271240234375,200.00689171848026,195.80178617585554,199.06798360144137,113406600,NVDA
2026-05-06,207.5880584716797,208.0275486883452,198.37879062945476,199.65729931010404,188362800,NVDA
2026-05-07,211.2537841796875,213.95063795079753,206.25960488465944,208.0974592073836,168307900,NVDA
2026-05-08,214.94947814941406,217.5464575316693,212.642169707093,212.7820061205359,136421400,NVDA
2026-05-11,219.18453979492188,222.04121091513153,213.64099781886503,213.79081709888328,160685800,NVDA
2026-05-12,220.52297973632812,223.48952345691538,214.6698009927987,218.29558003818886,159176600,NVDA
2026-05-13,225.56710815429688,227.57476278227756,221.3120728008497,224.6681467194947,150405400,NVDA
2026-05-14,235.465576171875,236.26463268418732,229.03307065698914,229.58243343997336,180782900,NVDA
2026-05-15,225.05770874023438,231.23050718880455,223.97896415639156,229.49252726355346,180977600,NVDA
2026-05-18,222.0612030029297,229.7322553439391,218.1157890335498,229.60240180074675,146280900,NVDA
2026-05-19,220.35317993164062,224.21866983705235,217.6563261548179,219.36432694236115,140948200,NVDA
2026-05-20,223.20985412597656,225.8667612103758,220.2433103590018,222.9201831873553,184201600,NVDA
2026-05-21,219.25445556640625,227.13526994336974,217.6762930684293,222.03121805596584,203381800,NVDA
2026-05-22,215.07933044433594,220.75271088945502,214.54994865072538,220.64283833374193,169275700,NVDA
2026-05-26,214.60987854003906,217.92600574795006,211.75320730356688,216.28791550863897,187202600,NVDA
2026-05-27,212.35250854492188,213.90069192498567,208.53694826896,213.87072806866348,167601200,NVDA
2026-05-28,214.00057983398438,215.2691056248748,210.97410844231206,211.03403615445995,143996000,NVDA
2026-05-29,210.8942108154297,217.6063892667686,210.88422794322287,214.33020874183248,289410600,NVDA
2026-06-01,224.09881591796875,224.60821672379726,215.44889364463796,215.47885750139108,212850700,NVDA
2026-06-02,222.56060791015625,232.00958636747916,221.09231801448135,226.91551751623658,193362900,NVDA
2026-06-03,214.5,222.56061267075634,214.2602739078757,221.46188713313538,160907000,NVDA
2026-06-04,218.66000366210938,221.60000610351562,210.97000122070312,213.91000366210938,169022200,NVDA
2026-06-05,205.10000610351562,214.8699951171875,204.3300018310547,214.52999877929688,219655500,NVDA
2026-06-08,208.63999938964844,210.47000122070312,206.0,210.17999267578125,138372800,NVDA
2026-06-09,208.19000244140625,211.39999389648438,199.33999633789062,210.6199951171875,180962500,NVDA
2026-06-10,200.4199981689453,207.22000122070312,199.9199981689453,204.42999267578125,161746600,NVDA
2026-06-11,204.8699951171875,205.66000366210938,199.5399932861328,201.49000549316406,158643200,NVDA
2026-06-12,205.19000244140625,207.07000732421875,203.44000244140625,204.86000061035156,112001800,NVDA
2026-06-15,212.4499969482422,212.7100067138672,208.33999633789062,208.9199981689453,149936700,NVDA
2026-06-16,207.41000366210938,211.49000549316406,207.2899932861328,211.17999267578125,125694100,NVDA
2026-06-17,204.64999389648438,209.2100067138672,203.0800018310547,208.52999877929688,128363500,NVDA
2026-06-18,210.69000244140625,211.38999938964844,206.5,207.3300018310547,241272000,NVDA
2026-06-22,208.64999389648438,213.99000549316406,207.72000122070312,211.44000244140625,122041400,NVDA
2026-06-23,200.0399932861328,203.77000427246094,200.0,202.1699981689453,153496200,NVDA
2026-06-24,199.0,201.6699981689453,196.5800018310547,200.1199951171875,151810700,NVDA
2026-06-25,195.74000549316406,200.8000030517578,192.1300048828125,200.0800018310547,149550000,NVDA
2026-06-26,192.52999877929688,195.5500030517578,191.22000122070312,193.1199951171875,179304100,NVDA
2026-06-29,194.97000122070312,196.17999267578125,189.8000030517578,193.85000610351562,148835700,NVDA
2026-06-30,200.08999633789062,200.6300048828125,195.11000061035156,197.24000549316406,166476700,NVDA
2026-07-01,197.5800018310547,199.85000610351562,193.4499969482422,196.1999969482422,146147600,NVDA
2026-07-02,194.8300018310547,200.05999755859375,192.35000610351562,197.13999938964844,142068700,NVDA
2026-07-06,195.5500030517578,197.5500030517578,193.99000549316406,194.4199981689453,108999000,NVDA
2026-07-07,196.92999267578125,198.41000366210938,191.13999938964844,192.3699951171875,124154600,NVDA
2026-07-08,204.1199951171875,205.16000366210938,195.05999755859375,195.17999267578125,147419100,NVDA
2026-07-09,202.77999877929688,204.58999633789062,198.9600067138672,204.4600067138672,132037400,NVDA
2026-07-10,210.9600067138672,211.0,201.9199981689453,202.0,148421000,NVDA
2026-07-13,203.52999877929688,210.57000732421875,203.0,208.5399932861328,121411000,NVDA
2026-07-14,211.8000030517578,212.5500030517578,203.8000030517578,208.1999969482422,124379600,NVDA
2026-07-15,212.5,213.80999755859375,206.0399932861328,211.9600067138672,124797200,NVDA
2026-07-16,207.39999389648438,211.0800018310547,205.85000610351562,210.1699981689453,122986100,NVDA
2026-07-17,202.80999755859375,206.64999389648438,197.97000122070312,202.63999938964844,144281900,NVDA
2026-07-20,203.27999877929688,207.74000549316406,202.27999877929688,205.8699951171875,88701500,NVDA
2026-07-21,207.2899932861328,208.64999389648438,204.00999450683594,207.5399932861328,108685600,NVDA
2026-07-22,212.05999755859375,214.38999938964844,204.9499969482422,205.80999755859375,137645600,NVDA
2026-07-23,208.75999450683594,210.8699951171875,205.9600067138672,209.4600067138672,110505300,NVDA
2026-07-24,206.83999633789062,211.91000366210938,204.80999755859375,207.4499969482422,114836800,NVDA
2026-07-27,196.50999450683594,208.75,195.44000244140625,208.1999969482422,154353700,NVDA
2026-07-28,197.00999450683594,198.6999969482422,192.74000549316406,195.0,134111500,NVDA
2026-07-29,190.00999450683594,197.07000732421875,190.00999450683594,195.85000610351562,147680800,NVDA
2026-07-30,195.0399932861328,197.25,191.52000427246094,193.4499969482422,129010200,NVDA
2026-07-31,200.75,202.0,194.9499969482422,198.44000244140625,139961200,NVDA
2026-08-03,206.63999938964844,208.74000549316406,196.85000610351562,197.69000244140625,128406900,NVDA
2026-08-04,211.94000244140625,213.05999755859375,209.0500030517578,211.3000030517578,134922000,NVDA
2026-08-05,219.22000122070312,222.22000122070312,216.39999389648438,216.86000061035156,158187400,NVDA
2026-08-06,218.99000549316406,223.6300048828125,217.0,221.52999877929688,113686000,NVDA
2026-08-07,222.57000732421875,224.75999450683594,220.66000366210938,221.5850067138672,55304036,NVDA
