Date,Close,High,Low,Open,Volume,ticker
2024-08-07,208.01808166503906,211.8052677945223,204.61753049861642,205.12314519344287,63516400,AAPL
2024-08-08,211.47808837890625,212.36044444161047,207.0365669160157,211.27980900719393,47161100,AAPL
2024-08-09,214.38291931152344,214.91827509282652,210.1495861717322,210.2784745623819,42201600,AAPL
2024-08-12,215.9114532470703,217.8767166928247,213.99582080224636,214.46232494953352,38028100,AAPL
2024-08-13,219.62364196777344,220.23902400333975,217.38044783379533,217.38044783379533,44155300,AAPL
2024-08-14,220.0703125,221.37056313371255,218.06533789669703,218.92887503482297,41960600,AAPL
2024-08-15,223.04795837402344,223.67327566716008,221.1025352094067,222.9288560878089,46414000,AAPL
2024-08-16,224.3680877685547,225.1422830006272,221.98593577772976,222.25393109506462,44340200,AAPL
2024-08-19,224.209228515625,224.3084905076418,221.38042834093542,224.04049524539928,40687800,AAPL
2024-08-20,224.82464599609375,225.47973889834265,223.7725353535306,224.0901616619868,30299000,AAPL
2024-08-21,224.71546936035156,226.28371522001356,223.37552309496598,224.8345868015738,34765500,AAPL
2024-08-22,222.859375,226.64102413052154,222.2340576918725,226.09511339685906,43695300,AAPL
2024-08-23,225.15219116210938,226.52192810531062,222.66087229355688,223.98097823318813,38677300,AAPL
2024-08-26,225.48968505859375,225.5889470777534,222.22417060374596,225.07281183958708,30602200,AAPL
2024-08-27,226.33334350585938,227.14724957253156,223.21670725505913,224.31844891527626,35934600,AAPL
2024-08-28,224.8048095703125,228.149730282918,224.00082364270057,226.22416240429726,38052200,AAPL
2024-08-29,228.08023071289062,231.18694665641485,227.17701311839377,228.38793686624163,51906300,AAPL
2024-08-30,227.29612731933594,228.68570457235603,225.78743262658827,228.4772755570311,52990800,AAPL
2024-09-03,221.1125030517578,227.29614502733148,219.52440165721936,226.84949624301046,50190600,AAPL
2024-09-04,219.20675659179688,220.1298295937355,215.86182100754215,220.01072730838987,43840200,AAPL
2024-09-05,220.72537231445312,223.80229748015876,219.87177059333374,219.9809527371486,36615400,AAPL
2024-09-06,219.17698669433594,223.56409767944487,218.13479623481732,222.28368749781316,48423000,AAPL
2024-09-09,219.26634216308594,219.6236642204836,215.09759492361837,219.17701543505086,67180000,AAPL
2024-09-10,218.47227478027344,219.83207646515766,215.1174187834135,217.29112653781655,51591000,AAPL
2024-09-11,221.00328063964844,221.43007391385896,216.2687680395375,219.81221238330573,44587100,AAPL
2024-09-12,221.1125030517578,221.88669831664953,218.18445530425632,220.84450772306226,37455600,AAPL
2024-09-13,220.84449768066406,222.37303270856336,220.25889118684435,221.9164638014437,36766600,AAPL
2024-09-16,214.71047973632812,215.60377723416104,212.32832783334672,214.92882889414335,59357400,AAPL
2024-09-17,215.1769561767578,215.2861383219032,212.90400170360138,214.14470101422842,45519300,AAPL
2024-09-18,219.0479736328125,221.05294820219595,215.92140190435074,215.93133719300198,59894900,AAPL
2024-09-19,227.16708374023438,228.11002736409566,222.95864123060412,223.31596324984213,66781300,AAPL
2024-09-20,226.50204467773438,231.35565937992675,225.92635842704388,228.25887899921625,318679900,AAPL
2024-09-23,224.78494262695312,227.742765583781,224.12984974700805,225.64846451262724,54146000,AAPL
2024-09-24,225.67825317382812,227.64353192764617,224.05045616714196,226.94872814757065,43556100,AAPL
2024-09-25,224.68568420410156,225.59883710649478,222.35317851779175,223.2563961324406,42308700,AAPL
2024-09-26,225.82713317871094,226.7998372114188,223.73283210674714,225.60876888531146,36636700,AAPL
2024-09-27,226.09512329101562,227.81226214161182,225.6087788258606,226.7601514881057,34026000,AAPL
2024-09-30,231.26634216308594,231.26634216308594,227.94126208675945,228.32835965023514,54541900,AAPL
2024-10-01,224.5269012451172,227.94129335648356,222.0752779583648,227.81227091446172,63285000,AAPL
2024-10-02,225.09263610839844,225.67824256269316,221.360617941662,224.20925878310885,32880600,AAPL
2024-10-03,223.99090576171875,225.12242301224842,221.65839996957536,223.4648504260935,34044200,AAPL
2024-10-04,225.11248779296875,226.3035561118749,222.46235586119454,226.20429410810965,37245100,AAPL
2024-10-07,220.04052734375,224.01076551273388,219.68320530273118,222.8296172342201,39505400,AAPL
2024-10-08,224.0901641845703,224.298593199742,221.58890998571715,222.63110049734397,31855700,AAPL
2024-10-09,227.83209228515625,228.0405364361267,223.15714569962594,223.55416342639623,33591100,AAPL
2024-10-10,227.33580017089844,227.7923841625437,225.47971892420364,226.0851807689644,28183500,AAPL
2024-10-11,225.85690307617188,227.7030642360917,225.64845893034402,227.59388209213523,31759200,AAPL
2024-10-14,229.57901000976562,230.0058033150611,226.89910245149323,226.99834931201846,39882100,AAPL
2024-10-15,232.11004638671875,235.7229623804217,230.6410474142004,231.87182665313995,64751400,AAPL
2024-10-16,230.055419921875,230.39288648800354,228.1298522341637,229.87676649695567,34082200,AAPL
2024-10-17,230.4226837158203,232.11004699556463,228.8048220166126,231.69315867439417,32993800,AAPL
2024-10-18,233.25148010253906,234.4226930307779,232.26884075534687,234.4226930307779,46431500,AAPL
2024-10-21,234.720458984375,235.08771628667242,232.7055644739604,232.7055644739604,36254500,AAPL
2024-10-22,234.10507202148438,234.46239402859047,230.8693336731526,232.14972869721714,38846600,AAPL
2024-10-23,229.04302978515625,233.39044533687328,226.0653512199268,232.33833466706656,52287000,AAPL
2024-10-24,228.8544464111328,229.10258628095696,226.71051430099084,228.26882480795348,31109500,AAPL
2024-10-25,229.68820190429688,231.484732210271,227.86189602437614,228.03062932515897,38802300,AAPL
2024-10-28,231.66336059570312,232.983466430484,230.8196941830456,231.58396917060392,36087100,AAPL
2024-10-29,231.93138122558594,232.5864741436605,230.59143496071306,231.36563017470797,35417200,AAPL
2024-10-30,228.38792419433594,231.7328445287285,227.84201349481597,230.87924283818487,47070900,AAPL
2024-10-31,224.22911071777344,228.11994197442104,223.693120129287,227.63358238786932,64370100,AAPL
2024-11-01,221.25143432617188,223.67328184782377,218.6310779402587,219.32586653780092,65276700,AAPL
2024-11-04,220.35812377929688,221.13231895883285,218.0752491010658,219.34572401852256,44944500,AAPL
2024-11-05,221.7873992919922,222.28367900181775,219.49458945583885,220.14968230766976,28111300,AAPL
2024-11-06,221.06285095214844,224.387931303672,219.54423614319148,220.95366880237512,54561100,AAPL
2024-11-07,225.7874298095703,226.18446269494834,222.89909318788202,222.95864433437472,42137700,AAPL
2024-11-08,225.51914978027344,227.20835428792034,224.9726384261151,225.72780810336752,38328800,AAPL
2024-11-11,222.8064727783203,224.26714170400084,220.0938084143074,223.57158868270503,42005600,AAPL
2024-11-12,222.8064727783203,224.15783943194586,221.9420008205612,223.12444853772337,40398300,AAPL
2024-11-13,223.69081115722656,225.21109667354565,221.3457931121334,222.5878574334345,48566200,AAPL
2024-11-14,226.77114868164062,227.41701609796436,223.57158960851197,223.59146688403666,44923900,AAPL
2024-11-15,223.5715789794922,225.4793879673537,222.84621765747355,224.96268496170848,47923700,AAPL
2024-11-18,226.57240295410156,228.28148462394066,223.7404903183321,223.81998425203597,44633700,AAPL
2024-11-19,226.8307647705078,228.6988344551977,225.22105418122663,225.53901477922054,36211800,AAPL
2024-11-20,227.5461883544922,228.47027695087482,224.45593165289552,226.61215353970658,35169600,AAPL
2024-11-21,227.06924438476562,228.69883223369175,224.2770861035494,227.42695953023323,42108300,AAPL
2024-11-22,228.41065979003906,229.25526960886552,226.6121530455377,226.6121530455377,38168300,AAPL
2024-11-25,231.39161682128906,231.7692092379923,228.28149797848934,229.99057974831032,90152800,AAPL
2024-11-26,233.56771850585938,234.07449047305911,231.84870566104107,231.84870566104107,45986200,AAPL
2024-11-27,233.4385223388672,234.19370712659864,232.32563759305353,232.98145117337265,33498400,AAPL
2024-11-29,235.8233184814453,236.3002669685808,232.48464874765904,233.31931239062584,28481400,AAPL
2024-12-02,238.0689697265625,239.26134854667043,235.65440375298792,235.76370602927642,48137100,AAPL
2024-12-03,241.10952758789062,241.21882985808793,237.3833345065081,238.28756099978403,38861000,AAPL
2024-12-04,241.46725463867188,242.56027739454964,239.7184333911867,241.32814402991647,44383900,AAPL
2024-12-05,241.4970703125,242.98754766386446,240.59285890906452,242.44105143123323,40033900,AAPL
2024-12-06,241.29832458496094,243.0769692456264,240.5431549096241,241.36788746709487,36870600,AAPL
2024-12-09,245.18350219726562,245.67039687977774,240.21524480725012,240.29473874492055,44649200,AAPL
2024-12-10,246.197021484375,246.63423054379348,243.78244060146582,245.32260336553807,36914800,AAPL
2024-12-11,244.9251708984375,249.20780656351602,244.69662013013263,246.3858398593606,45205800,AAPL
2024-12-12,246.38583374023438,247.1608807008323,244.12029436088807,245.32261935264157,32777500,AAPL
2024-12-13,246.55474853515625,247.70737273801882,244.67674782957272,246.24671899982582,33155300,AAPL
2024-12-16,249.44627380371094,249.7841268474892,246.07779571830554,246.4156487620838,51694800,AAPL
2024-12-17,251.8707733154297,252.21855739876366,248.19426586582333,248.49236434269267,51356400,AAPL
2024-12-18,246.4752655029297,252.6657103008961,246.1672359539693,250.55917390522964,56774100,AAPL
2024-12-19,248.20420837402344,250.4001849209636,245.52135228225407,245.92875304737495,60882300,AAPL
2024-12-20,252.87437438964844,253.38113119374523,244.13023820234332,246.46531011815415,147495300,AAPL
2024-12-23,253.64942932128906,254.02700659111463,251.84097626600598,253.15260355822258,40858800,AAPL
2024-12-24,256.5608215332031,256.5707374276886,253.66927695641888,253.868019379837,23234700,AAPL
2024-12-26,257.3755798339844,258.44874034869076,255.99442012888886,256.55086249805703,27237100,AAPL
2024-12-27,253.96739196777344,257.05766400729357,251.45345479939442,256.19316170058187,42355300,AAPL
2024-12-30,250.59890747070312,251.890657464443,249.15811581542044,250.6287158030117,35557500,AAPL
2024-12-31,248.8302001953125,251.6720440162376,247.84647977817443,250.83738041728796,39480700,AAPL
2025-01-02,242.30194091796875,247.51861164989126,240.2848294479123,247.34967754084445,55740700,AAPL
2025-01-03,241.8150177001953,242.6298040057451,240.3543488544026,241.8150177001953,40244100,AAPL
2025-01-06,243.44461059570312,245.75982034447205,241.65603491404494,242.75898865424097,45045600,AAPL
2025-01-07,240.67234802246094,243.9911405526811,239.81780708502322,241.4374487975533,40856000,AAPL
2025-01-08,241.15921020507812,242.16280789951685,238.52603985831155,240.3841632667122,37628900,AAPL
2025-01-10,235.3463592529297,238.63534322792128,231.52079498772144,238.48628640867517,61710900,AAPL
2025-01-13,232.9119110107422,233.18020116738663,228.26162915914,232.04743903723335,49630700,AAPL
2025-01-14,231.79904174804688,234.62100862534365,230.99418638589506,233.25971079858908,39435300,AAPL
2025-01-15,236.35987854003906,237.4429702030776,232.94171493841435,233.1503884256181,39832000,AAPL
2025-01-16,226.81088256835938,236.49898454969573,226.58234697208553,235.84318609247865,71759100,AAPL
2025-01-17,228.51995849609375,230.81529094249188,227.0294813062853,230.64637201374376,68488300,AAPL
2025-01-21,221.2265625,222.99526090225285,217.98726416864307,222.57792910461188,98070400,AAPL
2025-01-22,222.40902709960938,222.6971793763667,218.39466636780546,218.39466636780546,64126500,AAPL
2025-01-23,222.24009704589844,225.58869773276695,220.88873040600683,223.3132424800993,60234800,AAPL
2025-01-24,221.3656768798828,224.19758968028435,220.00437919561992,223.35297985225768,54697900,AAPL
2025-01-27,228.40074157714844,230.67619691244207,222.55806572164707,222.59782027357136,94863400,AAPL
2025-01-28,236.7473907470703,238.66514594376807,229.3446904229109,229.38444497187513,75707600,AAPL
2025-01-29,237.84042358398438,238.33724933385383,232.52438199561368,232.6336842670617,45486100,AAPL
2025-01-30,236.0816650390625,239.26134692510684,235.7040877651042,237.1548105184623,55658300,AAPL
2025-01-31,234.5017547607422,245.62071750771995,231.95800933839706,245.62071750771995,100959800,AAPL
2025-02-03,226.56246948242188,230.35822543026035,224.2671369795404,228.52991033796462,73063300,AAPL
2025-02-04,231.32208251953125,231.64998934854387,225.21111642561868,225.80731341689966,45067300,AAPL
2025-02-05,230.99417114257812,231.19289841511937,226.82083777153602,227.0791817096477,39620300,AAPL
2025-02-06,231.73941040039062,232.31573010563136,228.96711414866223,229.8216550685821,29925300,AAPL
2025-02-07,226.1848907470703,232.51444580894437,225.81722939017394,231.1233398047693,39707200,AAPL
2025-02-10,226.45346069335938,229.378010419489,226.00582893863492,228.36338248973718,33115600,AAPL
2025-02-11,231.39732360839844,233.99360582200345,226.93093316445223,227.00055734532324,53718400,AAPL
2025-02-12,235.62501525878906,235.71455375787428,229.4675472393098,229.98481838871234,45243300,AAPL
2025-02-13,240.26051330566406,241.06625350434595,234.33184765944378,235.66480095549997,53614100,AAPL
2025-02-14,243.31439208984375,244.25939586817944,239.72336558929686,239.981993568851,40896200,AAPL
2025-02-18,243.18507385253906,243.8913336127375,240.56889220053384,242.86674847770814,48822500,AAPL
2025-02-19,243.58294677734375,244.7169542759842,241.88194311867716,243.37405904734027,32204200,AAPL
2025-02-20,244.53790283203125,245.4829065325138,243.00598867544505,243.6525813389452,32316900,AAPL
2025-02-21,244.25938415527344,247.38287960480025,243.93111682470231,244.6572756706751,53197400,AAPL
2025-02-24,245.80123901367188,247.551982922016,243.1353173033831,243.64263125957103,51326400,AAPL
2025-02-25,245.7415771484375,248.68602637934882,243.62278252512698,246.69653816831402,48013300,AAPL
2025-02-26,239.09666442871094,243.6923767743236,237.87313357927937,243.04579925662603,44433600,AAPL
2025-02-27,236.0527801513672,241.18566339775504,235.8140361008641,238.15169082894494,41153600,AAPL
2025-02-28,240.56887817382812,240.8175641664438,228.9900589647863,235.70458076540925,56833400,AAPL
2025-03-03,236.77890014648438,242.7473638198223,234.8689935924468,240.51913191748446,47184000,AAPL
2025-03-04,234.68994140625,238.80819608105105,233.44651142335266,236.46059966619734,53798100,AAPL
2025-03-05,234.50096130371094,235.30670153327668,228.0251680036218,234.18263593082168,47227600,AAPL
2025-03-06,234.09312438964844,236.60982567864426,231.93453157387603,233.207802772317,45170400,AAPL
2025-03-07,237.81344604492188,240.10134501237943,233.5260868229449,233.8742532807345,46273600,AAPL
2025-03-10,226.28436279296875,234.91874867921032,223.04150278970278,234.3019970725287,72071200,AAPL
2025-03-11,219.6792755126953,224.65299583409444,216.3070937419303,222.63366659789358,76137400,AAPL
2025-03-12,215.8395538330078,220.58448707211764,213.7804415985268,218.98294858814833,62547500,AAPL
2025-03-13,208.57791137695312,215.70028194858565,207.3245394208188,214.81496040955514,61368300,AAPL
2025-03-14,212.36788940429688,212.82546311709572,208.47843695256688,210.13965751241793,60107600,AAPL
2025-03-17,212.87522888183594,214.08881784956162,208.86641153353526,212.18885305172668,48073400,AAPL
2025-03-18,211.57211303710938,214.019174884069,210.3784232206469,213.0343879953175,42432400,AAPL
2025-03-19,214.10870361328125,217.6101915579757,212.6265295918345,213.0940604852241,54385400,AAPL
2025-03-20,212.97470092773438,216.3468825511506,211.10457731145533,212.86527847830126,48862900,AAPL
2025-03-21,217.12277221679688,217.68976839110027,210.16950634984832,210.4480334492585,94127800,AAPL
2025-03-24,219.56985473632812,220.31591279023903,217.43116105321957,219.83843988574125,44299500,AAPL
2025-03-25,222.573974609375,222.92214108802088,218.92326587520165,219.6096416779903,34493600,AAPL
2025-03-26,220.36563110351562,223.83729303324841,219.31120492080973,222.3352199198642,34466100,AAPL
2025-03-27,222.67344665527344,223.80745418869535,219.40073045135125,220.22636977863218,37094800,AAPL
2025-03-28,216.7547149658203,222.6336557419088,216.5358700680628,220.504904155295,39818600,AAPL
2025-03-31,220.96249389648438,224.43414081005062,215.09349507460487,215.86939419548492,65299300,AAPL
2025-04-01,222.0169219970703,222.50433685640354,217.749461617725,218.65468232589998,36412700,AAPL
2025-04-02,222.71324157714844,224.00641185945875,219.8583310514353,220.15675729790527,35905900,AAPL
2025-04-03,202.12203979492188,206.39944211542388,200.19223396809613,204.4596791341039,103419000,AAPL
2025-04-04,187.389892578125,198.82944937179326,186.35535024633944,192.87092693410324,125910900,AAPL
2025-04-07,180.50625610351562,193.12954493623218,173.70219548773406,176.26863687444822,160466300,AAPL
2025-04-08,171.51376342773438,189.33957458197378,168.32064359895526,185.71870692843436,120859500,AAPL
2025-04-09,197.8048553466797,199.55559936553783,170.98654976711688,171.04623198001363,184395900,AAPL
2025-04-10,189.41915893554688,193.7562435722064,182.0381599544528,188.0762635840202,121880000,AAPL
2025-04-11,197.10853576660156,198.49122944739574,185.0820833366806,185.12188160037283,87435900,AAPL
2025-04-14,201.45555114746094,211.82078139531484,200.10269875392328,210.32866545443895,101352900,AAPL
2025-04-15,201.07754516601562,202.44033954558066,198.74984792281177,200.7990180691496,51343900,AAPL
2025-04-16,193.24893188476562,199.64512887500646,191.35890907242805,197.31743142832593,59732400,AAPL
2025-04-17,195.9446563720703,197.78493872612725,193.39811432307044,196.16350125239885,52164700,AAPL
2025-04-21,192.144775390625,192.78141101209272,188.81237656005126,192.2541978495612,46742500,AAPL
2025-04-22,198.69017028808594,200.53043756485187,194.93998119085117,195.08918671811182,52976400,AAPL
2025-04-23,203.52464294433594,206.9067667134076,201.7341005812904,204.9172785719325,52929200,AAPL
2025-04-24,207.27479553222656,207.73238443559362,201.87334307751462,203.81309077731203,47311000,AAPL
2025-04-25,208.1800079345703,208.64753879478604,205.11619481641537,205.2852994626612,38222300,AAPL
2025-04-28,209.03550720214844,210.38835967290976,206.3696005213303,208.89624364686077,38743100,AAPL
2025-04-29,210.0998992919922,211.12448445804597,207.27481462988695,207.59314001435672,36827600,AAPL
2025-04-30,211.3831024169922,212.4574277707069,205.5837430092506,208.19992461631293,52286500,AAPL
2025-05-01,212.1988067626953,213.43227966302132,207.80202473083082,207.98108655162656,57365700,AAPL
2025-05-02,204.2706756591797,205.90205512568554,201.09744003856807,205.00677646592024,101010600,AAPL
2025-05-05,197.84463500976562,203.02725796650907,197.1682163705072,202.03251395918386,69018500,AAPL
2025-05-06,197.4666290283203,199.59538061408486,195.98447015970467,197.1682179665783,51216500,AAPL
2025-05-07,195.21852111816406,198.3917570874617,192.23428894820486,198.12317194216024,68536700,AAPL
2025-05-08,196.45199584960938,198.99853803284546,193.65675249053749,196.68078271707188,50478900,AAPL
2025-05-09,197.4865264892578,199.48595647897335,196.50172445806652,197.95405738682032,36453900,AAPL
2025-05-12,209.95703125,210.43514541512562,205.9330024837247,210.13632786154514,63775800,AAPL
2025-05-13,212.0885772705078,212.55672123163643,208.17411437678524,209.59845628513955,51909300,AAPL
2025-05-14,211.490966796875,213.09460539099953,209.7478820292828,211.5905625216416,49325800,AAPL
2025-05-15,210.61444091796875,212.11848379882832,208.71198473801002,210.11641669484823,45029500,AAPL
2025-05-16,210.42520141601562,211.73003772257164,208.94109887256835,211.52086084946143,54737900,AAPL
2025-05-19,207.9550018310547,208.65223273202483,203.45285841572866,207.0884445111699,46140500,AAPL
2025-05-20,206.04258728027344,207.64622592622177,204.2198167548668,206.84938410987283,42496600,AAPL
2025-05-21,201.2914276123047,206.22186440009241,199.91689108628387,204.3592586621154,59211800,AAPL
2025-05-22,200.56431579589844,201.94882252859867,198.91087172706415,199.91689038506837,46742400,AAPL
2025-05-23,194.4983673095703,196.91875752656549,192.69552221161257,192.90468385583864,78432900,AAPL
2025-05-27,199.41885375976562,199.94675818770216,196.64982526808055,197.51639769762102,56288500,AAPL
2025-05-28,199.62803649902344,201.9289060786693,199.11008702875665,199.79736291846774,45339700,AAPL
2025-05-29,199.15988159179688,203.0046291598645,197.72556941325453,202.77554227533128,51396800,AAPL
2025-05-30,200.05633544921875,201.1619498266407,196.00241099917397,198.5821728136608,70819900,AAPL
2025-06-02,200.90298461914062,201.3312933884623,199.3292261245183,199.4885975362889,35423300,AAPL
2025-06-03,202.46676635742188,202.9647905668523,200.16589694161215,200.55435521702816,46381600,AAPL
2025-06-04,202.01856994628906,205.42505409163678,201.30141378953226,202.10821066626008,43604000,AAPL
2025-06-05,199.8372039794922,203.94091870107042,199.35908978394463,202.69585814733983,55126100,AAPL
2025-06-06,203.11419677734375,204.8871617909174,201.2515910514923,202.19783403313102,46607700,AAPL
2025-06-09,200.65394592285156,205.18596915505242,199.22960401477,203.58233063284266,72862600,AAPL
2025-06-10,201.869140625,203.54250994980842,199.77744796710627,199.8073282051838,54672600,AAPL
2025-06-11,197.99452209472656,203.69192080198684,197.62598900862739,202.6958722895077,60989900,AAPL
2025-06-12,198.412841796875,198.8909407818671,196.58011635566137,198.29332085025015,43904600,AAPL
2025-06-13,195.67372131347656,199.57822954037988,194.92668495173118,198.94075911963023,51447300,AAPL
2025-06-16,197.63592529296875,197.90486262143017,195.78327462738756,196.52035592822918,43020700,AAPL
2025-06-17,194.86692810058594,197.6060614779548,194.43863454049264,196.4207613301707,38856200,AAPL
2025-06-18,195.80320739746094,196.7893008408277,194.2991796996429,195.16573699325735,45394700,AAPL
2025-06-20,200.20574951171875,200.90298042554332,196.08210930882012,197.45666110928434,96813500,AAPL
2025-06-23,200.70376586914062,201.50060768152076,198.17380945321412,200.83325703321927,55814300,AAPL
2025-06-24,199.50851440429688,202.63610603642124,199.4089034764897,201.78945874554142,54064000,AAPL
2025-06-25,200.76351928710938,202.8651820841085,199.82723133036671,200.65395335177794,39525700,AAPL
2025-06-26,200.20574951171875,201.8392684520338,198.67184150130464,200.63404307360597,50799100,AAPL
2025-06-27,200.28543090820312,202.41697405518968,199.20969672208463,201.09222774816857,73188600,AAPL
2025-06-30,204.3592529296875,206.57048164253425,198.4726031076903,201.211736268348,91912800,AAPL
2025-07-01,206.99879455566406,209.35942450018746,205.3254252695324,205.85332972802502,78788900,AAPL
2025-07-02,211.6005401611328,212.49697770796604,207.31752868499885,208.08449026524102,67941800,AAPL
2025-07-03,212.70616149902344,213.80180573654258,210.97303162710094,211.31168447150716,34955800,AAPL
2025-07-07,209.12039184570312,215.37557557805084,207.9749420826709,211.8396001551979,50229000,AAPL
2025-07-08,209.1801300048828,210.59451698338924,207.6262968509882,209.26978591644843,42848900,AAPL
2025-07-09,210.3056640625,210.49491569520316,206.40115605631001,208.70202548866368,48749400,AAPL
2025-07-10,211.57066345214844,212.63642743345136,209.2000631819418,209.67816220166208,44443600,AAPL
2025-07-11,210.3256072998047,211.29177557167307,209.03074119537857,209.73794232575938,39765800,AAPL
2025-07-14,207.79562377929688,210.07658325197187,206.71988962428105,209.10044482334126,38840100,AAPL
2025-07-15,208.28370666503906,211.05272033528996,208.09445501444372,208.39327261019983,42296300,AAPL
2025-07-16,209.3295440673828,211.5606828488181,207.8155461810567,209.4689902412225,47490500,AAPL
2025-07-17,209.19009399414062,210.96305897069354,208.761785269157,209.7379236663323,48068100,AAPL
2025-07-18,210.3455047607422,210.95309492429405,208.87135730762196,210.0367321724359,48974600,AAPL
2025-07-21,211.64036560058594,214.92732845073886,210.7937335563828,211.2618775331451,51377400,AAPL
2025-07-22,213.5527801513672,214.1006098348481,211.39135685335447,212.29776458434165,46404100,AAPL
2025-07-23,213.3037872314453,214.29983576430007,211.5706725113145,214.15043456376964,46989300,AAPL
2025-07-24,212.91531372070312,214.83769515517375,212.68622683006964,213.05475989741393,46022600,AAPL
2025-07-25,213.03485107421875,214.38947759784276,212.5567368669443,213.85160291428238,40268800,AAPL
2025-07-28,213.2041778564453,214.00101967144602,212.2180844005514,213.18425263148458,37858000,AAPL
2025-07-29,210.43516540527344,213.96117031669576,209.9869466315705,213.33365491441555,51411700,AAPL
2025-07-30,208.2239227294922,211.55072076453234,206.89917652304968,211.06265157316113,45512500,AAPL
2025-07-31,206.74978637695312,209.01080544085684,206.3414028602417,207.66614913739534,80698400,AAPL
2025-08-01,201.58030700683594,212.7360475386617,200.7037794341265,210.03674932642843,104434500,AAPL
2025-08-04,202.54644775390625,207.05854577965718,200.88303355505576,203.70185234439666,75109300,AAPL
2025-08-05,202.11814880371094,204.52858421879685,201.36115745633876,202.59624780213056,44155100,AAPL
2025-08-06,212.4073486328125,214.5289368613384,204.77761325937152,204.81746371165528,108483100,AAPL
2025-08-07,219.16053771972656,219.97730473834642,215.7241736307253,218.01508808955717,90224800,AAPL
2025-08-08,228.44374084472656,230.08721487155407,218.38364441813084,219.95740294972967,113854000,AAPL
2025-08-11,226.53909301757812,228.91238364576833,224.12592192869855,227.27701087414155,61806100,AAPL
2025-08-12,229.0021209716797,230.14888579943394,226.429412881848,227.36674823663387,55626200,AAPL
2025-08-13,232.6717529296875,234.33703985510917,229.77992501054072,230.4181341091737,69878500,AAPL
2025-08-14,232.12330627441406,234.4567012802976,230.19875827485632,233.39969406647393,51916300,AAPL
2025-08-15,230.93667602539062,233.61908991261305,228.6930233233153,233.33988101583648,56038700,AAPL
2025-08-18,230.23863220214844,232.46233685580373,229.46083388892833,231.04634466466607,37476200,AAPL
2025-08-19,229.90957641601562,232.21305735738468,228.70299840660482,230.6275464777077,39402600,AAPL
2025-08-20,225.3723907470703,229.81981519856654,225.13307755654054,229.33119207499826,42263900,AAPL
2025-08-21,224.26551818847656,225.88095827873425,223.14868274098328,225.63166356522294,30621200,AAPL
2025-08-22,227.11746215820312,228.44371192910324,224.77410085849388,225.53195134940427,42477800,AAPL
2025-08-25,226.5191650390625,228.65312729963858,225.59178073979155,225.84107546750252,30983100,AAPL
2025-08-26,228.6630859375,228.84258604761433,224.05612439304167,226.22996704217394,54575100,AAPL
2025-08-27,229.8397674560547,230.24859923631865,227.6160475796746,227.96506627689797,31259500,AAPL
2025-08-28,231.90391540527344,232.7515235304584,228.692998228932,230.16883391080088,38074700,AAPL
2025-08-29,231.485107421875,232.7216147258446,230.71727541448905,231.85405874294378,39418400,AAPL
2025-09-02,229.07192993164062,230.19874691737337,226.3296880547272,228.60325464814514,44075600,AAPL
2025-09-03,237.7972412109375,238.1761740423919,233.69883553511272,236.54080133953738,66427800,AAPL
2025-09-04,239.10354614257812,239.2232027368954,236.0721290991865,237.77729643117493,47549400,AAPL
2025-09-05,239.01380920410156,240.63921565449175,237.8171975861315,239.3229322237051,54870400,AAPL
2025-09-08,237.20892333984375,239.47250850410185,235.6732593017711,238.62491556233425,48999500,AAPL
2025-09-09,233.6888885498047,238.10638391026913,232.70167593051625,236.33140663047269,66313900,AAPL
2025-09-10,226.1501922607422,231.76431424305812,225.31256565050364,231.53496736029473,83440800,AAPL
2025-09-11,229.3810577392578,229.7998710451417,226.010588238333,226.23995033725743,50208600,AAPL
2025-09-12,233.40966796875,233.84841389514688,228.3739115767776,228.5733443098202,55824200,AAPL
2025-09-15,236.03224182128906,237.5180438551372,234.36695488957946,236.33139853346725,42699500,AAPL
2025-09-16,237.4781494140625,240.53949594661788,235.65332541334,236.51088466190768,63421100,AAPL
2025-09-17,238.3157958984375,239.42266510979977,237.05934071942244,238.2958480596019,46508000,AAPL
2025-09-18,237.20892333984375,240.51954939992544,235.98238232851827,239.29302360434258,44249600,AAPL
2025-09-19,244.80740356445312,245.60514967420656,239.53233423145286,240.54944568604057,163741300,AAPL
2025-09-22,255.35755920410156,255.9160073848096,247.42002368458668,247.5995237986898,105517400,AAPL
2025-09-23,253.7122344970703,256.6140289111009,252.86464151383097,255.15815615601056,60275200,AAPL
2025-09-24,251.59820556640625,255.01853710208397,250.33178410429736,254.49999981420794,42303700,AAPL
2025-09-25,256.1453552246094,256.44452717224715,250.99992334214926,252.4956917858775,55202100,AAPL
2025-09-26,254.73931884765625,256.87328100426123,253.06405044687503,253.38315498635407,46076300,AAPL
2025-09-29,253.7122344970703,254.28063380560434,252.29624220529692,253.8418726304012,40127700,AAPL
2025-09-30,253.9116668701172,255.1980209495745,252.39595068950493,254.1410137555297,37704300,AAPL
2025-10-01,254.72933959960938,258.0599285933123,254.21080232618834,254.32049261064776,48713900,AAPL
2025-10-02,256.40460205078125,257.45162766856953,253.43299812845933,255.85613542550084,42630200,AAPL
2025-10-03,257.2920837402344,258.5086431914624,253.23357360959045,253.9515436206674,49155600,AAPL
2025-10-06,255.96585083007812,258.3391414491699,254.33047806472084,257.2621712100349,44664100,AAPL
2025-10-07,255.7564697265625,256.67385732493904,254.7094135633123,256.08552539236376,31955800,AAPL
2025-10-08,257.33197021484375,257.7906639625656,255.3874592951906,255.7963062732735,36496900,AAPL
2025-10-09,253.32330322265625,257.27213808351553,252.42584836214985,257.08267167133846,38322000,AAPL
2025-10-10,244.57806396484375,255.6567217403356,243.3116425485481,254.2207817432353,61999100,AAPL
2025-10-13,246.96131896972656,248.98559082884384,244.86723728717817,248.6764678182016,38142900,AAPL
2025-10-14,247.07101440429688,248.14796941642882,244.00966795095763,245.90431694508948,35478000,AAPL
2025-10-15,248.63658142089844,251.10959602979932,246.77186176083558,248.78616738422895,33893600,AAPL
2025-10-16,246.75192260742188,248.33743345063007,244.43847540742667,247.54966879270205,39777000,AAPL
2025-10-17,251.57826232910156,252.66519891282977,246.57243512001992,247.32031930793073,49147000,AAPL
2025-10-20,261.5001525878906,263.6341297765207,254.90881548292631,255.16807648712648,90483000,AAPL
2025-10-21,262.0286865234375,264.5415968076956,261.0913359303388,261.141213133835,46695900,AAPL
2025-10-22,257.72088623046875,262.1084670888602,254.70938662410154,261.9090191460537,45015300,AAPL
2025-10-23,258.84771728515625,259.88479198943105,257.2821693476752,259.20671755765045,32754900,AAPL
2025-10-24,262.07855224609375,263.3848541030092,258.44880663072195,260.4531458541269,38253700,AAPL
2025-10-27,268.0516357421875,268.3607587413759,263.9033682058253,264.13273028939324,44888200,AAPL
2025-10-28,268.2410888671875,269.12859257872884,267.39348082722177,268.23110734142335,41534800,AAPL
2025-10-29,268.93914794921875,270.6443152614699,266.35642794866993,268.5203194424725,51086700,AAPL
2025-10-30,270.63433837890625,273.36662916750566,267.72259312931254,271.2226702585742,69886500,AAPL
2025-10-31,269.60723876953125,276.53764389728985,268.4006608909581,276.2085578376442,86167100,AAPL
2025-11-03,268.2909851074219,270.08592548154905,265.4988962118729,269.6571458353552,50194600,AAPL
2025-11-04,269.2781982421875,270.72408938596277,266.86501191822913,267.5730004152706,49274800,AAPL
2025-11-05,269.3778991699219,270.93349568379296,266.17693326929896,267.8521863717013,43683100,AAPL
2025-11-06,269.0089416503906,272.6287059365568,267.1342708755924,267.1342708755924,51204000,AAPL
2025-11-07,267.7126159667969,271.5218466038475,266.0173996929098,269.03885049148494,48227400,AAPL
2025-11-10,268.9303283691406,273.2223721938244,266.9639805623884,268.46119877683986,41312400,AAPL
2025-11-11,274.73956298828125,275.3983427074405,269.2996575494418,269.3096487524697,46208300,AAPL
2025-11-12,272.962890625,275.2187095291286,271.19618380015726,274.49005224267427,48398000,AAPL
2025-11-13,272.4438171386719,276.1868626363035,271.58539619817094,273.6016390736082,49602800,AAPL
2025-11-14,271.90484619140625,275.4482508823214,269.10005949599775,270.5473523374902,47431300,AAPL
2025-11-17,266.9639892578125,269.98836893107386,265.237217022597,268.3214829895084,45018300,AAPL
2025-11-18,266.94403076171875,270.20795552947055,264.8279672087311,269.48928956232544,45677300,AAPL
2025-11-19,268.0619812011719,271.70520656667077,265.0076580872151,265.0376012369211,40424500,AAPL
2025-11-20,265.7562561035156,274.91922505965954,265.42688147061517,270.327749378444,45823600,AAPL
2025-11-21,270.98651123046875,272.8230952896135,265.17732758833057,265.4568071090486,59030800,AAPL
2025-11-24,275.4083557128906,276.48633959077114,270.397645153795,270.397645153795,65585800,AAPL
2025-11-25,276.45635986328125,279.8600396675645,274.7395483878858,274.75950033189645,46914200,AAPL
2025-11-26,277.0353088378906,279.0116481613461,276.11703191175064,276.4464065684995,33431400,AAPL
2025-11-28,278.3328857421875,278.4826014787427,275.4781737009374,276.7458380127342,20135600,AAPL
2025-12-01,282.57501220703125,282.89442609469603,275.62792768573877,277.4944549964911,46587700,AAPL
2025-12-02,285.6592712402344,286.86701880065203,282.10587559562896,282.47518456741903,53669500,AAPL
2025-12-03,283.623046875,288.0847586222564,282.77461708045536,285.6692634925469,43538700,AAPL
2025-12-04,280.179443359375,284.20196835267484,278.07334059490756,283.5731318378766,43989100,AAPL
2025-12-05,278.26300048828125,280.6186397013617,277.53434330937836,280.01974631085085,47265800,AAPL
2025-12-08,277.3746643066406,279.15136205700173,275.6378704438954,277.6142094762677,38211800,AAPL
2025-12-09,276.6659851074219,279.5107061083118,276.4064879695729,277.6441787437343,32193300,AAPL
2025-12-10,278.26300048828125,279.2312028389952,275.92734368017386,277.23491184461454,33038300,AAPL
2025-12-11,277.514404296875,279.07150890817053,273.3022288840155,278.5824273392719,33248000,AAPL
2025-12-12,277.763916015625,278.70217518025987,276.30663218031253,277.38461586894516,39532900,AAPL
2025-12-15,273.6016540527344,279.63046152672615,272.33402020742307,279.63046152672615,50409100,AAPL
2025-12-16,274.1007385253906,274.9891026980292,271.2859911871425,272.3140798989353,37648600,AAPL
2025-12-17,271.33587646484375,275.6478724530811,271.13626563598973,274.50001118897205,50138700,AAPL
2025-12-18,271.68524169921875,273.12257373871984,266.4549687260805,273.1025913325419,51630700,AAPL
2025-12-19,273.1625061035156,274.09077415448866,269.399477884542,271.6453053723066,144632000,AAPL
2025-12-22,270.4674987792969,273.37210596231955,270.00836035897595,272.3539780142796,36571800,AAPL
2025-12-23,271.85491943359375,271.99467443806464,269.06012395403746,270.3377490962612,29642000,AAPL
2025-12-24,273.3022155761719,274.9192064044749,271.69521595033444,271.8349404799371,17910600,AAPL
2025-12-26,272.89300537109375,274.8593534534055,272.35399820928086,273.65160578690546,21521800,AAPL
2025-12-29,273.2523498535156,273.8512128461511,271.8449608988494,272.1843267483383,23715200,AAPL
2025-12-30,272.57354736328125,273.57169281796894,271.77504318392386,272.30405905646904,22139600,AAPL
2025-12-31,271.3558349609375,273.17246717497864,271.24605357156486,272.553621806917,27293600,AAPL
2026-01-02,270.5074462890625,277.32476727085935,268.5011639041959,271.7551282774649,37838100,AAPL
2026-01-05,266.764404296875,271.00652312062255,265.64648609237463,270.1381413175191,45647200,AAPL
2026-01-06,261.87347412109375,267.05385240251036,261.63392891626114,266.5048844877732,52352100,AAPL
2026-01-07,259.84722900390625,263.1910228349833,259.3282042611396,262.7119324450406,48309800,AAPL
2026-01-08,258.55963134765625,258.80916773471864,255.22581364132833,256.5433578451618,50419300,AAPL
2026-01-09,258.8890075683594,259.7274461787287,255.74485516422806,258.5995368285105,39997000,AAPL
2026-01-12,259.7673645019531,260.81540508500296,256.32375036738995,258.679389570116,45263800,AAPL
2026-01-13,260.5658874511719,261.3244878277737,257.9108470550362,258.24022168851656,45730800,AAPL
2026-01-14,259.4779052734375,261.33447181199796,256.23393227813756,259.0087756526009,40019400,AAPL
2026-01-15,257.7311706542969,260.55593980217856,256.57331808587395,260.16664839115424,39388600,AAPL
2026-01-16,255.05612182617188,258.41986733264514,254.4572284259222,257.4217218192236,72142800,AAPL
2026-01-20,246.2425079345703,254.31750190322293,242.9685916985444,252.26132447540706,80267500,AAPL
2026-01-21,247.1907501220703,251.09350304772093,244.72532928784554,248.23880604127606,54641700,AAPL
2026-01-22,247.8894500732422,250.53452965267718,247.68980878155546,248.737864640942,39708300,AAPL
2026-01-23,247.58001708984375,248.94748685874615,244.22624741136653,246.86136630134166,41689000,AAPL
2026-01-26,254.93637084960938,256.08423219515316,249.33677343540953,251.01365072947274,55969200,AAPL
2026-01-27,257.7910461425781,261.4642450011371,257.73115984508394,258.6894015269614,49648300,AAPL
2026-01-28,255.96444702148438,258.3799421919039,254.03801819206552,257.1721946066941,41288000,AAPL
2026-01-29,257.801025390625,259.16847988830324,253.93820707645818,257.52154586161765,67253000,AAPL
2026-01-30,258.99884033203125,261.4143357105436,251.71235892004358,254.6968198516284,92443400,AAPL
2026-02-02,269.50927734375,269.98836769074944,258.72928762151224,259.5477742456141,73913400,AAPL
2026-02-03,268.98028564453125,271.3758289780004,267.11372779647115,268.70080609664296,64394700,AAPL
2026-02-04,275.97723388671875,278.432693698261,271.7850411492978,271.7850411492978,90545700,AAPL
2026-02-05,275.3983459472656,278.98168486317746,272.72332314901723,277.6142303156022,52977400,AAPL
2026-02-06,277.6042175292969,280.3890519626743,276.4164219647768,276.6060720438839,50453400,AAPL
2026-02-09,274.3672180175781,277.9439398399519,271.4499228389202,277.6541982366954,44623400,AAPL
2026-02-10,273.4280700683594,275.11651686144285,272.68876099546605,274.6369782150198,34376900,AAPL
2026-02-11,275.24639892578125,279.92208361183503,274.1973776592452,274.44714753122867,51931300,AAPL
2026-02-12,261.4891052246094,275.46621856633783,259.94051360693726,275.3363333447182,81077200,AAPL
2026-02-13,255.5445556640625,261.9886306947134,255.21485759663088,261.7688319830923,56290700,AAPL
2026-02-17,263.6371154785156,266.0449008431299,255.30478047881587,257.8124646511843,58469100,AAPL
2026-02-18,264.106689453125,266.57441720150126,262.20844437502524,263.35737977838915,34203300,AAPL
2026-02-19,260.3401184082031,264.2365527856389,259.81060750150084,262.35827847824623,30845300,AAPL
2026-02-20,264.3364562988281,264.5063132392292,257.9223826043077,258.73163460792017,42070500,AAPL
2026-02-23,265.9349670410156,269.1819753311392,263.13755670993424,263.24744081710827,37308200,AAPL
2026-02-24,271.8895263671875,274.6369951599546,267.46358073991865,267.61343657617186,47014600,AAPL
2026-02-25,273.97760009765625,274.6869380517792,270.8005039088116,271.5298429675081,33714300,AAPL
2026-02-26,272.6987609863281,275.8558253670768,270.55071567552415,274.6969199809464,32345100,AAPL
2026-02-27,263.93682861328125,272.5588900215503,262.6480379442022,272.5588900215503,72366500,AAPL
2026-03-02,264.476318359375,266.2846497598317,259.960490133898,262.16844722421786,41827900,AAPL
2026-03-03,263.5072326660156,265.31556422164516,259.8905695547566,263.23749216234586,38568900,AAPL
2026-03-04,262.2783508300781,265.9050144519466,261.179387723623,264.4063951364299,39803100,AAPL
2026-03-05,260.0504150390625,261.3192350446657,257.01320478174756,260.54995479568396,49658600,AAPL
2026-03-06,257.2229919433594,258.53178361058343,254.13584003818684,258.39192833924307,41120000,AAPL
2026-03-09,259.6407775878906,260.9095975388004,253.44647267699952,255.45463216869055,38218500,AAPL
2026-03-10,260.58990478515625,262.2384104290217,256.71350175461305,257.4128391437035,30590800,AAPL
2026-03-11,260.5699157714844,261.888707997661,259.3110658747261,260.8496568052655,26218900,AAPL
2026-03-12,255.52456665039062,258.71164792954545,253.94601921584928,258.4219063383753,40794000,AAPL
2026-03-13,249.8897705078125,256.0940459350445,249.29033192864068,255.24483747003174,36930000,AAPL
2026-03-16,252.58729553222656,253.6563027081548,249.6499992581203,251.87794235419486,32074200,AAPL
2026-03-17,253.99598693847656,254.89516767044782,251.94787083452104,252.72716690012706,32361600,AAPL
2026-03-18,249.70994567871094,254.70534343896443,248.7708084606242,252.3974721128864,35757900,AAPL
2026-03-19,248.73085021972656,251.5982036354298,247.0723745163624,249.17043241392184,34864100,AAPL
2026-03-20,247.76173400878906,248.97061168291066,245.77356028907465,247.7517334570195,88331100,AAPL
2026-03-23,251.25851440429688,254.3656523266213,250.0496214753341,253.73622734962268,40546100,AAPL
2026-03-24,251.4083709716797,254.5954370944537,249.32029842391177,250.1195650925759,45152300,AAPL
2026-03-25,252.38746643066406,254.76528059453105,251.3684162845015,253.86611511385965,28476700,AAPL
2026-03-26,252.6572265625,256.76344411909713,250.53918279672283,251.88793104116345,41796700,AAPL
2026-03-27,248.57098388671875,255.2548282141602,247.8416601166152,253.666280215245,47900000,AAPL
2026-03-30,246.40298461914062,250.63907198816298,245.28400520065438,249.83982057534305,39446200,AAPL
2026-03-31,253.55638122558594,255.24482803058763,246.87255213324852,247.6818040942864,49598100,AAPL
2026-04-01,255.3946990966797,255.94418062939917,253.096813183035,253.8461228128272,40059400,AAPL
2026-04-02,255.68443298339844,255.89424639361263,250.4192795609811,253.96601496217014,31289400,AAPL
2026-04-06,258.6217041015625,261.9186847371787,256.2239194053331,256.27389167390277,29329900,AAPL
2026-04-07,253.26666259765625,255.96418954301222,245.47383916108728,255.92421782448065,62148000,AAPL
2026-04-08,258.66168212890625,259.51090582044134,256.29386854025813,258.2121146377317,41032800,AAPL
2026-04-09,260.2502136230469,260.879638597066,255.8342992320816,258.7615948993736,28121600,AAPL
2026-04-10,260.240234375,261.94865175168746,258.78155637925676,259.7406946341393,31291500,AAPL
2026-04-13,258.96142578125,259.9405042051452,256.4237552437805,259.49093671136296,36234700,AAPL
2026-04-14,258.59173583984375,261.68888841493145,256.9532612999924,259.01136264890187,48370700,AAPL
2026-04-15,266.18475341796875,266.3146386359468,257.57269269729437,257.92237663273806,49913500,AAPL
2026-04-16,263.15753173828125,266.91408037974617,261.0294875448873,266.55439590858066,43323100,AAPL
2026-04-17,269.98126220703125,272.0493335842862,266.47448343207725,266.7142527536172,61436200,AAPL
2026-04-20,272.79864501953125,274.0275237795767,270.04120633500696,270.08114756253855,36590200,AAPL
2026-04-21,265.9250183105469,272.5488901425708,265.1557075406741,271.250098918132,50209800,AAPL
2026-04-22,272.9185791015625,273.48803128351057,266.62435952726383,267.5734973129919,43249200,AAPL
2026-04-23,273.1783142089844,275.5161566987003,271.39995382845746,274.79681820267325,33399600,AAPL
2026-04-24,270.81048583984375,272.80864483253174,269.4017800912603,272.50893317942314,38157100,AAPL
2026-04-27,267.3636474609375,268.1129570778125,264.8260075108844,265.84505761361925,41466800,AAPL
2026-04-28,270.4608154296875,272.97851539952296,268.4127145556596,272.0893199684016,40018900,AAPL
2026-04-29,269.92132568359375,270.7905199823619,266.7942019267937,267.3037117460274,30047900,AAPL
2026-04-30,271.1002502441406,275.7459641951834,267.893213328058,270.25102650288807,91848200,AAPL
2026-05-01,279.88214111328125,286.95561044034525,278.1137509144006,278.6032901046287,79915400,AAPL
2026-05-04,276.5751647949219,280.3716851917065,274.60697695873915,279.4025768563376,46668400,AAPL
2026-05-05,283.9184265136719,284.30808218316156,276.2455026895375,276.6750995896243,49311700,AAPL
2026-05-06,287.245361328125,287.76487170009636,280.8112868075762,281.66051049385584,58336100,AAPL
2026-05-07,287.1754150390625,291.8611003514943,285.5169394038565,289.00371711581823,45224300,AAPL
2026-05-08,293.0500183105469,294.4886952888782,289.7330669166447,289.7430674686918,52692800,AAPL
2026-05-11,292.67999267578125,293.8800048828125,290.2300109863281,291.9800109863281,42247300,AAPL
2026-05-12,294.79998779296875,295.2699890136719,292.55999755859375,292.55999755859375,45748100,AAPL
2026-05-13,298.8699951171875,300.9200134277344,293.5,293.5,52684300,AAPL
2026-05-14,298.2099914550781,300.45001220703125,295.3800048828125,299.82000732421875,35324900,AAPL
2026-05-15,300.2300109863281,303.20001220703125,296.5199890136719,297.8999938964844,54862800,AAPL
2026-05-18,297.8399963378906,300.6600036621094,294.9100036621094,300.239990234375,34483000,AAPL
2026-05-19,298.9700012207031,300.510009765625,296.3500061035156,296.9700012207031,42243600,AAPL
2026-05-20,302.25,302.79998779296875,298.0799865722656,298.17999267578125,38229800,AAPL
2026-05-21,304.989990234375,305.5400085449219,300.3999938964844,301.05999755859375,42965100,AAPL
2026-05-22,308.82000732421875,311.3999938964844,305.8399963378906,306.1199951171875,43670200,AAPL
2026-05-26,308.3299865722656,311.82000732421875,307.6700134277344,309.55999755859375,48000500,AAPL
2026-05-27,310.8500061035156,313.260009765625,308.29998779296875,308.3299865722656,50430900,AAPL
2026-05-28,312.510009765625,312.79998779296875,309.57000732421875,310.67999267578125,48220400,AAPL
2026-05-29,312.05999755859375,315.0,309.5299987792969,311.7799987792969,70026800,AAPL
2026-06-01,306.30999755859375,310.94000244140625,305.0199890136719,309.6300048828125,48849900,AAPL
2026-06-02,315.20001220703125,315.45001220703125,306.69000244140625,307.4599914550781,44534700,AAPL
2026-06-03,310.260009765625,316.94000244140625,308.8500061035156,314.17999267578125,50836700,AAPL
2026-06-04,311.2300109863281,313.5400085449219,309.6499938964844,313.2300109863281,44869100,AAPL
2026-06-05,307.3399963378906,315.1700134277344,307.1499938964844,312.8599853515625,65310500,AAPL
2026-06-08,301.5400085449219,317.3999938964844,301.1700134277344,308.739990234375,77949100,AAPL
2026-06-09,290.54998779296875,300.75,287.7799987792969,300.2799987792969,70108800,AAPL
2026-06-10,291.5799865722656,294.75,287.3800048828125,290.739990234375,52793300,AAPL
2026-06-11,295.6300048828125,297.0,289.5899963378906,293.7200012207031,42572500,AAPL
2026-06-12,291.1300048828125,297.1400146484375,289.6199951171875,296.0299987792969,38742100,AAPL
2026-06-15,296.4200134277344,297.7799987792969,291.70001220703125,294.1199951171875,45732600,AAPL
2026-06-16,299.239990234375,300.4800109863281,293.9700012207031,295.25,39874400,AAPL
2026-06-17,295.95001220703125,302.07000732421875,294.3599853515625,300.8500061035156,42745100,AAPL
2026-06-18,298.010009765625,300.57000732421875,295.6199951171875,298.1099853515625,85962200,AAPL
2026-06-22,297.010009765625,302.4200134277344,296.760009765625,297.30999755859375,44879900,AAPL
2026-06-23,294.29998779296875,301.6400146484375,294.17999267578125,297.5400085449219,52010900,AAPL
2026-06-24,293.0799865722656,299.70001220703125,292.94000244140625,295.3599853515625,53081900,AAPL
2026-06-25,275.1499938964844,288.79998779296875,273.75,287.3999938964844,107013700,AAPL
2026-06-26,283.7799987792969,285.95001220703125,274.2099914550781,275.0,261775500,AAPL
2026-06-29,281.739990234375,288.3699951171875,279.8500061035156,286.7300109863281,66427000,AAPL
2026-06-30,289.3599853515625,289.94000244140625,280.70001220703125,281.1700134277344,65100200,AAPL
2026-07-01,294.3800048828125,296.5899963378906,289.20001220703125,293.44000244140625,50164200,AAPL
2026-07-02,308.6300048828125,309.4200134277344,293.67999267578125,294.1199951171875,75352800,AAPL
2026-07-06,312.6600036621094,314.20001220703125,307.0,307.3599853515625,53590000,AAPL
2026-07-07,310.6600036621094,315.4800109863281,310.1499938964844,315.2900085449219,42490000,AAPL
2026-07-08,313.3900146484375,314.82000732421875,307.04998779296875,311.9100036621094,41323500,AAPL
2026-07-09,316.2200012207031,316.5299987792969,308.1600036621094,310.510009765625,48124500,AAPL
2026-07-10,315.32000732421875,316.9100036621094,312.1700134277344,314.7200012207031,34132300,AAPL
2026-07-13,317.30999755859375,323.45001220703125,315.7799987792969,317.0199890136719,43257800,AAPL
2026-07-14,314.8599853515625,316.19000244140625,311.9100036621094,313.760009765625,36336800,AAPL
2026-07-15,327.5,328.7300109863281,317.32000732421875,317.6199951171875,60957600,AAPL
2026-07-16,333.260009765625,334.67999267578125,326.7900085449219,328.010009765625,62970600,AAPL
2026-07-17,333.739990234375,334.989990234375,329.0,331.9800109863281,63407100,AAPL
2026-07-20,326.5899963378906,333.7099914550781,323.67999267578125,333.510009765625,53468000,AAPL
2026-07-21,327.739990234375,329.6000061035156,322.2200012207031,323.1300048828125,41338900,AAPL
2026-07-22,325.8900146484375,329.0,323.3399963378906,327.8699951171875,38755900,AAPL
2026-07-23,321.6600036621094,323.29998779296875,319.3500061035156,321.7300109863281,40840800,AAPL
2026-07-24,333.0199890136719,334.3699951171875,321.6199951171875,321.7900085449219,47489400,AAPL
2026-07-27,336.9100036621094,339.57000732421875,334.0199890136719,334.5400085449219,49604300,AAPL
2026-07-28,340.0799865722656,342.8900146484375,335.6000061035156,340.0299987792969,51859000,AAPL
2026-07-29,338.19000244140625,344.57000732421875,337.3500061035156,339.7300109863281,56090800,AAPL
2026-07-30,333.42999267578125,334.75,329.5899963378906,333.1000061035156,74817800,AAPL
2026-07-31,308.9100036621094,310.69000244140625,300.0,304.80999755859375,132489100,AAPL
2026-08-03,303.4200134277344,311.79998779296875,302.55999755859375,309.5799865722656,75052000,AAPL
2026-08-04,309.3800048828125,310.4200134277344,301.32000732421875,302.7300109863281,68001000,AAPL
2026-08-05,311.0,311.7099914550781,305.6700134277344,309.3599853515625,49438800,AAPL
2026-08-06,312.4100036621094,316.2900085449219,309.2300109863281,314.3399963378906,46076800,AAPL
2026-08-07,312.06500244140625,314.80999755859375,310.739990234375,311.32000732421875,15065766,AAPL
2024-08-07,392.2652587890625,403.7349973998657,391.32012086399686,402.3173055349637,20650900,MSFT
2024-08-08,396.4593505859375,399.58028569311574,393.7519001712231,396.2132187300544,20203000,MSFT
2024-08-09,399.73785400390625,401.7364436734394,396.0360509489269,397.7786538479972,19276700,MSFT
2024-08-12,400.5155944824219,402.43543495594565,397.98535182009545,400.76172633567404,16762900,MSFT
2024-08-13,407.60418701171875,408.5296451452922,403.23288307516907,403.2525628062739,19414300,MSFT
2024-08-14,410.41009521484375,411.2568044389076,406.0683556338293,408.38197108714223,18267000,MSFT
2024-08-15,415.2626953125,415.34158622213624,411.9388626649199,414.0495331175792,20752100,MSFT
2024-08-16,412.73779296875,415.56847485047064,411.58380640221424,414.8386210132459,22775600,MSFT
2024-08-19,415.7558288574219,415.97281647426513,410.7552711189502,413.22102581055816,15234000,MSFT
2024-08-20,418.9810485839844,420.0265262237166,415.86436096713305,415.92353667507666,16387600,MSFT
2024-08-21,418.330078125,420.5590998224222,415.9432144212139,418.27087232284174,16067300,MSFT
2024-08-22,409.8576965332031,420.943749113419,408.93057044323126,418.5470128895962,19361900,MSFT
2024-08-23,411.0807800292969,413.51694694228206,406.4451490290269,411.2681797994915,18493800,MSFT
2024-08-26,407.8259582519531,411.5640508373135,405.7054152115458,410.6665125068156,13152800,MSFT
2024-08-27,408.17120361328125,408.68406980179446,404.6303831532702,407.2046168469379,13492900,MSFT
2024-08-28,404.9755859375,409.3153084895278,401.7306441001557,409.1969570716752,14882700,MSFT
2024-08-29,407.4610595703125,416.26872882049446,404.975589475056,409.2561363555491,17045200,MSFT
2024-08-30,411.426025390625,411.7712070065085,406.48464280287084,409.9071119024553,24308300,MSFT
2024-09-03,403.83148193359375,414.1284769320411,401.4544905684809,412.1854608426902,20313600,MSFT
2024-09-04,403.2988586425781,405.6068015782242,398.830912042889,400.3498254636215,15135800,MSFT
2024-09-05,402.7958068847656,407.4412799387572,400.5667551830583,402.036335234427,14195500,MSFT
2024-09-06,396.1974792480469,405.02486305915306,395.3097834719027,403.4566466739337,19609500,MSFT
2024-09-09,400.1624450683594,403.0523026786457,396.64133973593033,401.6616132591262,15295100,MSFT
2024-09-10,408.5262451171875,410.62704280907684,402.1152829853601,402.6084339185776,19594300,MSFT
2024-09-11,417.24517822265625,418.1821469994098,403.9695325309428,409.8084532189213,19266900,MSFT
2024-09-12,421.1509094238281,421.5158363092752,414.0002206806835,417.51145302107784,17395700,MSFT
2024-09-13,424.6917724609375,425.9147773030141,419.63203841011375,419.9969653323754,15874600,MSFT
2024-09-16,425.43145751953125,427.5914610863902,422.3542004104568,424.70160374609685,13834700,MSFT
2024-09-17,429.18927001953125,435.79750485485505,426.3487157034463,434.1997005769437,18874200,MSFT
2024-09-18,424.9087219238281,430.05721907964937,424.5142071811442,429.04132931995406,18898000,MSFT
2024-09-19,432.6807861328125,435.452292084435,430.91529729082623,435.1860014052933,21706600,MSFT
2024-09-20,429.3076171875,433.22323693457605,428.27201223229315,431.23091793236443,55167100,MSFT
2024-09-23,427.57177734375,430.48135010026584,424.4945200082598,428.33121902605126,15128900,MSFT
2024-09-24,423.29119873046875,427.4139334394583,420.2632446802758,427.0687217553129,17015800,MSFT
2024-09-25,426.1908874511719,427.18706197372046,422.6994004960537,423.94212038705155,13396400,MSFT
2024-09-26,425.40185546875,429.33719028271923,423.2517246244965,429.1300753187062,14492000,MSFT
2024-09-27,422.1569519042969,425.9345052473445,421.61449786891575,425.60900874647825,14896100,MSFT
2024-09-30,424.4057312011719,424.5241127227398,419.54326964937644,422.34436366886086,16807300,MSFT
2024-10-01,414.9273986816406,422.61069983568314,413.0731460704372,422.58111197910216,19092900,MSFT
2024-10-02,411.4161071777344,417.02816727140424,411.00184714518315,416.79143435299875,16582300,MSFT
2024-10-03,410.834228515625,413.8029769595959,408.6150490966078,411.9092940444477,13686400,MSFT
2024-10-04,410.36077880859375,414.00023534021534,409.28571331626097,412.5109097932594,19169700,MSFT
2024-10-07,403.93011474609375,411.39639773757887,403.3975032576847,410.3016170053712,20919800,MSFT
2024-10-08,409.02923583984375,409.9662346464486,402.5788433485802,405.2714281620606,19229300,MSFT
2024-10-09,411.7416076660156,414.62162263212304,408.6248898614367,410.1635185105957,14974300,MSFT
2024-10-10,410.1437683105469,411.63309377445904,407.49061385739407,409.5421386142519,13848400,MSFT
2024-10-11,410.6171875,411.4160895790265,407.58923364023417,410.4396603934482,14144900,MSFT
2024-10-14,413.39862060546875,418.2314942204609,411.8007861364326,412.0473616280092,16653100,MSFT
2024-10-15,413.00408935546875,416.6928792987612,409.57177766327413,416.39697063938524,18900200,MSFT
2024-10-16,410.419921875,410.65662468764714,404.85719508098555,409.4829531752425,15508900,MSFT
2024-10-17,411.0117492675781,416.7125733271007,409.89722324961605,416.57447660649984,14820000,MSFT
2024-10-18,412.4319763183594,413.9015564113299,410.5580088636597,411.42595928887886,17145300,MSFT
2024-10-21,413.0434875488281,413.22101465794185,408.08239044719204,410.41992101582053,14206100,MSFT
2024-10-22,421.6539611816406,424.68188532771023,412.3136804024992,412.75749822543423,25482200,MSFT
2024-10-23,418.7838134765625,425.17503084101816,416.74216121867397,424.9580432083023,19654400,MSFT
2024-10-24,418.91204833984375,420.1449258075998,416.61394788419994,419.5038054447286,13581600,MSFT
2024-10-25,422.28515625,426.5952907757042,420.72681247783265,420.9142122484759,16899100,MSFT
2024-10-28,420.74652099609375,426.02324214447043,420.46048501920137,425.7470788183642,14882400,MSFT
2024-10-29,426.03314208984375,427.2364316805858,419.9673609785876,422.1372373224,17644100,MSFT
2024-10-30,426.605224609375,432.49344905360795,426.1811219516409,431.44797128826104,29749100,MSFT
2024-10-31,400.78375244140625,410.459370932655,400.734419290451,409.6703114132585,53971000,MSFT
2024-11-01,404.74871826171875,409.80845197934053,401.9180365381017,403.40736208449033,24230400,MSFT
2024-11-04,402.8648986816406,404.7980722358363,400.01450160866744,404.18653972407174,19672300,MSFT
2024-11-05,405.8238220214844,409.21670338911827,402.4901163672762,402.77615238186627,17626000,MSFT
2024-11-06,414.4243469238281,414.69066771455005,404.8966664565658,406.77066424480597,26681800,MSFT
2024-11-07,419.6024169921875,421.0029789570154,414.12845339700306,415.5092700597973,19901800,MSFT
2024-11-08,416.75201416015625,420.65776126477715,416.0024150826717,419.4939322441371,16891400,MSFT
2024-11-11,412.2840881347656,418.99092936118404,410.301611581567,416.7322894657105,24503300,MSFT
2024-11-12,417.23529052734375,418.6259798148705,411.485163708279,412.5207686609151,19401200,MSFT
2024-11-13,419.3756408691406,423.4490430245243,412.4813691184813,415.86440800280457,21502200,MSFT
2024-11-14,421.04241943359375,422.304884622317,414.24678510633004,419.17829445283394,30246900,MSFT
2024-11-15,409.3153076171875,417.0084507566798,407.9739514183208,414.06929022111444,28247600,MSFT
2024-11-18,410.0649108886719,412.6687324009395,406.4550421174999,409.18708769998454,24727000,MSFT
2024-11-19,412.06707763671875,412.2150169012381,405.912533336808,407.4511618868994,18133500,MSFT
2024-11-20,409.7985534667969,411.57391488876465,404.9558076834049,411.1596548604422,19191700,MSFT
2024-11-21,408.029541015625,414.85853235917494,405.47980199521203,414.5818162626976,20780200,MSFT
2024-11-22,412.1111755371094,412.50647998528166,406.2408124943726,406.54717570369087,24814600,MSFT
2024-11-25,413.88018798828125,416.1433187151558,409.9863774439722,413.474991137145,27691100,MSFT
2024-11-26,422.9723205566406,424.0100286609721,413.93949178519347,414.67080652096905,23458900,MSFT
2024-11-27,418.0308837890625,422.2211948203964,417.0722547980022,420.12602422483343,18332400,MSFT
2024-11-29,418.49542236328125,419.8987878079345,412.90177557031507,415.16493646523105,16271900,MSFT
2024-12-02,425.9272766113281,427.92358362660957,416.37063273208213,416.62759418862754,20207200,MSFT
2024-12-03,426.1446533203125,427.3997530713115,422.7251964040861,424.80058218242306,18302000,MSFT
2024-12-04,432.291748046875,434.5153692878957,427.5578970490266,427.95320145991604,26009400,MSFT
2024-12-05,437.4307861328125,439.44687793021666,431.0564230401268,432.7859063083414,21697800,MSFT
2024-12-06,438.3696594238281,440.8699968788184,436.5907442566123,437.1145294101148,18821000,MSFT
2024-12-09,440.7909240722656,443.0738395996816,435.33565050126293,437.41103647885797,19144400,MSFT
2024-12-10,438.1324462890625,444.34871163189086,436.42274787532307,439.1800467406791,18469500,MSFT
2024-12-11,443.7261047363281,445.0701760009867,438.84401807874156,438.84401807874156,19200200,MSFT
2024-12-12,444.2893981933594,450.81202644259827,443.8446618873549,443.8446618873549,20834800,MSFT
2024-12-13,442.0262756347656,446.13750815775296,440.3560864798084,443.1825720342727,20177800,MSFT
2024-12-16,446.2956237792969,446.8787030896928,440.0596036741231,442.02626356510217,23598800,MSFT
2024-12-17,449.1319580078125,449.95224407864544,444.2993034538041,445.72242348242105,22733500,MSFT
2024-12-18,432.2620849609375,447.34315728839636,431.89639748062007,446.02876338491484,24444500,MSFT
2024-12-19,431.9063415527344,437.98423408144293,431.2046739034814,436.4425256398133,22963700,MSFT
2024-12-20,431.48138427734375,438.5376604876813,423.6048219518138,428.03227991601136,64263700,MSFT
2024-12-23,430.147216796875,432.5190736490341,427.755575118412,431.619738686297,19152500,MSFT
2024-12-24,434.1793212890625,434.4461751355928,429.09959787026054,429.5541964268554,7164500,MSFT
2024-12-26,432.9736633300781,435.7705018127553,431.5110338839644,433.9322924323696,8194200,MSFT
2024-12-27,425.48248291015625,430.11749995724284,421.35149629533174,429.5047736371233,18117700,MSFT
2024-12-30,419.8493347167969,422.53744699473475,416.95369289645987,421.0649252132939,13158700,MSFT
2024-12-31,416.55841064453125,421.72710593306806,415.72826227096317,421.1044871129431,13246500,MSFT
2025-01-02,413.672607421875,421.0748161119684,409.98635677531166,420.54113855935236,16896500,MSFT
2025-01-03,418.38671875,419.0587393010629,414.62138898974536,416.1433125624827,16662900,MSFT
2025-01-06,422.833984375,429.2281326887413,420.491774572373,422.9822197752049,20573600,MSFT
2025-01-07,417.418212890625,425.6011386030249,415.8666120215368,423.9704889084133,18139100,MSFT
2025-01-08,419.5825500488281,421.96429936103294,416.5979667184096,418.49544017357744,15054600,MSFT
2025-01-10,414.0382995605469,419.73074959963856,410.15435142162687,419.651700779007,20201100,MSFT
2025-01-13,412.2989196777344,413.5935589908242,407.456372689251,410.3717691669062,17604800,MSFT
2025-01-14,410.7967834472656,414.8190446806072,405.90480416806594,412.9116788431012,16935900,MSFT
2025-01-15,421.3120422363281,423.13046690209615,413.3662928073742,414.21622605843163,19637800,MSFT
2025-01-16,419.6022644042969,424.45470380326,419.4145196873236,423.67398737859014,15300000,MSFT
2025-01-17,424.0001220703125,429.386239236107,423.1502190446997,429.0007970548674,26197500,MSFT
2025-01-21,423.4763488769531,425.84820570918225,420.61035394801814,425.1564304696716,26085700,MSFT
2025-01-22,440.9688415527344,442.0262741390286,430.888412499157,432.430120920086,27803800,MSFT
2025-01-23,441.47283935546875,441.5123788470024,436.3239289556834,436.81806704057095,18389300,MSFT
2025-01-24,438.85394287109375,441.4135747027248,436.225124464603,439.94105276246916,15549500,MSFT
2025-01-27,429.46527099609375,430.0977821935737,418.53493945291683,419.0389699284215,35647800,MSFT
2025-01-28,441.9571228027344,443.1232814648123,426.3225862891417,429.50483681704293,23491700,MSFT
2025-01-29,437.14422607421875,441.6409011660454,435.2368601252781,441.4531262633209,23581400,MSFT
2025-01-30,410.12469482421875,417.9024230144378,408.31616280623206,413.86037732807745,54586300,MSFT
2025-01-31,410.1938781738281,415.7578774765854,410.04564278987584,414.06793377994285,34161900,MSFT
2025-02-03,406.10247802734375,410.5398286087579,403.8689641166184,406.77449861931177,25679100,MSFT
2025-02-04,407.5354309082031,409.0672770356713,404.9362598096777,407.8516865143663,20532100,MSFT
2025-02-05,408.4446716308594,408.97831905399164,405.5885389886856,407.515689607161,16316700,MSFT
2025-02-06,410.9450378417969,413.2971401442444,409.14636782700785,409.14636782700785,16309800,MSFT
2025-02-07,404.9461669921875,413.7418190108213,403.31551731813784,411.59727657785896,22886800,MSFT
2025-02-10,407.38720703125,410.5892121947109,406.10246006462063,408.85972888435845,20817900,MSFT
2025-02-11,406.6163635253906,407.65404147500567,404.50143797348676,404.83747842325164,18140600,MSFT
2025-02-12,404.2444763183594,405.93442005448907,399.6292135248499,402.435914112503,19121700,MSFT
2025-02-13,405.7268981933594,406.1814967766394,401.5958809737979,402.2283921851393,23891700,MSFT
2025-02-14,403.6416015625,404.1159849495273,401.1215095634391,403.00912053959007,22758500,MSFT
2025-02-18,404.8374328613281,405.78616946504144,401.7342314553049,403.2166455935164,21423100,MSFT
2025-02-19,409.90728759765625,410.61884763156144,402.8707662400353,403.09808061190597,24114200,MSFT
2025-02-20,412.07598876953125,415.2250013636158,408.52096684547683,411.24417583261857,23508700,MSFT
2025-02-21,404.2331237792969,413.97725680128366,403.91626425407014,413.27418223243296,27524800,MSFT
2025-02-24,400.0641174316406,405.38179653354615,395.4297185716828,404.5301894031576,26443700,MSFT
2025-02-25,394.0235900878906,398.004445961788,392.8352988072402,397.192427276834,29387400,MSFT
2025-02-26,395.83575439453125,399.66804717869115,390.40913086553707,394.13250979931917,19619000,MSFT
2025-02-27,388.70587158203125,401.78716793671936,388.3493932994261,397.3607146060961,21127400,MSFT
2025-02-28,393.1224365234375,393.7562160246685,382.8039671137811,388.83463352266693,32845700,MSFT
2025-03-03,384.70526123046875,394.93464171120144,382.39797374435835,394.93464171120144,23007700,MSFT
2025-03-04,384.82403564453125,388.75535997703025,377.2881889484286,379.6648014174362,29342900,MSFT
2025-03-05,397.1131591796875,397.7568509049982,385.02212029604283,385.54695570418704,23433100,MSFT
2025-03-06,393.0234069824219,398.2321421191711,388.8544001591339,390.43881857931865,23304600,MSFT
2025-03-07,389.4783020019531,390.95377648794664,381.7840095954452,388.49795642753014,22034100,MSFT
2025-03-10,376.4563903808594,382.6355890788174,373.5450301742595,382.08104715568106,32840100,MSFT
2025-03-11,376.7435607910156,382.23947903620126,373.2380400086461,375.3076750122287,30380200,MSFT
2025-03-12,379.5360412597656,381.46705577871995,375.2581511495961,379.2191817769769,24253600,MSFT
2025-03-13,375.0799255371094,381.5661320778761,373.7728082450696,379.4271716632625,20473000,MSFT
2025-03-14,384.7745361328125,386.42827981726157,375.8127158813028,376.08007458561946,19952800,MSFT
2025-03-17,384.9132385253906,388.884151955574,381.8137266185015,382.9327228246585,22474300,MSFT
2025-03-18,379.7836608886719,383.59615946585757,377.38725393405446,383.29909421372145,19486900,MSFT
2025-03-19,384.04180908203125,385.8836741890137,380.2590168181109,381.77411012943475,19185500,MSFT
2025-03-20,383.07135009765625,387.97313863322194,379.5460345045817,381.98206039861145,18470500,MSFT
2025-03-21,387.4482421875,387.92354654843615,379.0706401827953,379.4865617188815,39675900,MSFT
2025-03-24,389.2505187988281,391.54792412450786,386.012386704804,391.54792412450786,21004500,MSFT
2025-03-25,391.3102722167969,392.4985634335279,388.81483346341923,390.08236222676067,15775000,MSFT
2025-03-26,386.1708068847656,391.4587795188397,384.784452111458,391.1518020411883,16108400,MSFT
2025-03-27,386.77490234375,388.41873402068063,383.6258895962636,386.3293044381274,13766800,MSFT
2025-03-28,375.109619140625,385.3389984995421,373.2578420054409,384.2992097422753,21632000,MSFT
2025-03-31,371.7328796386719,373.3965054432232,363.6622546184452,368.91063894364476,35184700,MSFT
2025-04-01,378.46661376953125,379.120187514209,369.59391274714585,371.00006183577835,19689500,MSFT
2025-04-02,378.4171447753906,381.3284750168948,372.95090216784337,374.2877562933966,16092600,MSFT
2025-04-03,369.4750671386719,373.80251903809335,365.7517184220645,371.13872318254886,30198000,MSFT
2025-04-04,356.3343505859375,370.94065262193254,355.97787229621173,360.5825648601157,49209900,MSFT
2025-04-07,354.3736267089844,367.3856281525139,341.43098078163547,347.4616469003483,50425000,MSFT
2025-04-08,351.1058044433594,370.00982228854286,346.8377957272636,364.6723484414274,35868900,MSFT
2025-04-09,386.6857604980469,389.3990874327872,349.6600368937789,350.09575274548115,50199700,MSFT
2025-04-10,377.6347961425781,380.1599412978202,364.21678559967916,378.33787067807094,38024400,MSFT
2025-04-11,384.6656494140625,386.25003769690613,375.1987873888056,376.93173851590154,23839200,MSFT
2025-04-14,384.0318603515625,390.8052198187617,380.46692636349223,389.38915847164185,19251200,MSFT
2025-04-15,381.97216796875,388.0721598970285,380.41745590518724,384.7250835584995,17199900,MSFT
2025-04-16,367.98968505859375,377.892263018399,364.4148689208335,376.9614484928254,21967800,MSFT
2025-04-17,364.1969909667969,370.6732850580017,363.31567729138493,370.10883089247193,21120200,MSFT
2025-04-21,355.62139892578125,360.92919678600947,352.2050274305898,359.28536510699473,20807300,MSFT
2025-04-22,363.246337890625,364.1870645763753,356.3541225187108,359.83984897446516,19485000,MSFT
2025-04-23,370.74261474609375,376.68416126561135,369.38593623911186,372.3963282706759,20545500,MSFT
2025-04-24,383.52679443359375,384.6656149627633,371.53478821384334,372.0398293104223,22232300,MSFT
2025-04-25,388.0325012207031,388.33947870228997,380.8531326101871,383.2297451406492,18973200,MSFT
2025-04-28,387.3492431640625,388.91383718504306,382.8732888048125,388.1414373128656,16579400,MSFT
2025-04-29,390.2012023925781,391.2508732709842,386.5768551213708,387.4878753983452,14974000,MSFT
2025-04-30,391.4092712402344,392.79562598704683,380.69467558939255,386.49757125114587,36461100,MSFT
2025-05-01,421.255615234375,432.73269823374693,420.7604863894309,426.90997818196183,58938100,MSFT
2025-05-02,431.0393981933594,435.1588741169636,425.80092616148227,427.533877248033,30757400,MSFT
2025-05-05,431.9207458496094,435.2182909345157,427.9002714913439,428.652877068793,20136100,MSFT
2025-05-06,429.08856201171875,433.4655143471482,426.9694262460728,427.98939046931366,15104200,MSFT
2025-05-07,429.1282043457031,433.8517229596541,426.9100064238295,429.61342097536215,23295300,MSFT
2025-05-08,433.9012451171875,439.3476626606329,431.41568853142036,433.66356271096413,23491300,MSFT
2025-05-09,434.4557800292969,436.4461774951318,431.6335394854884,435.7133964534002,15324200,MSFT
2025-05-12,444.8832092285156,444.9921230759706,435.4955548202822,441.5955462250109,22821900,MSFT
2025-05-13,444.7643737792969,446.27946690563454,441.0211705280613,443.4176075446257,23618800,MSFT
2025-05-14,448.52734375,449.4779827199474,443.7741186799948,443.7741186799948,19902800,MSFT
2025-05-15,449.5392761230469,452.57502540604634,446.860659567107,447.1979616790238,21992300,MSFT
2025-05-16,450.67022705078125,450.7595102326154,445.17414935289,448.4678177382938,23849800,MSFT
2025-05-19,455.2337646484375,455.9480603525366,447.2277066057748,447.3070896149787,21336500,MSFT
2025-05-20,454.53936767578125,454.7080036018212,450.719869916101,451.9797952414424,15441800,MSFT
2025-05-21,448.9837341308594,454.1524403651085,448.22974686474834,450.967885651573,19216900,MSFT
2025-05-22,451.25555419921875,456.6028569421555,450.30316997101943,451.3448676580097,18025600,MSFT
2025-05-23,446.6126403808594,450.0948358464348,445.3527151156796,446.4142434023006,16883500,MSFT
2025-05-27,457.03936767578125,457.29731705224054,452.5055743512772,452.86273735527834,20974300,MSFT
2025-05-28,453.7357482910156,458.8548627693229,453.3091629867606,457.56517641086623,17086300,MSFT
2025-05-29,455.0453186035156,458.0612374989779,451.702028016876,457.89257129241645,13974800,MSFT
2025-05-30,456.71197509765625,458.0215223462663,451.9301930198663,456.07706236471586,34770500,MSFT
2025-06-02,458.3092346191406,458.44810948050275,453.2695031394806,453.51752207653715,16626500,MSFT
2025-06-03,459.3013000488281,460.4620419695056,457.20800452370844,457.8131864599202,15743800,MSFT
2025-06-04,460.19415283203125,461.9997378828715,459.35088242690273,460.3231275179124,14162700,MSFT
2025-06-05,463.9739685058594,465.92835889810493,460.35289815926444,461.2755213187348,20131700,MSFT
2025-06-06,466.652587890625,469.58912358157227,465.0652606634985,466.3648774509946,15285600,MSFT
2025-06-09,469.0038146972656,469.67841894667356,464.90653697170796,465.9779957450024,16469900,MSFT
2025-06-10,467.1883239746094,469.0534009468453,463.25968221899245,467.45617352695865,15375900,MSFT
2025-06-11,468.87481689453125,471.7022387212418,465.93828127215454,466.29541399515057,16399200,MSFT
2025-06-12,475.0752868652344,476.6130223697302,469.7676758011157,471.2557893550323,18950600,MSFT
2025-06-13,471.1962585449219,475.38281914376,469.0137102048777,472.63478039747713,16814500,MSFT
2025-06-16,475.34320068359375,476.88090602233666,471.2359924486289,471.44431988386987,15626100,MSFT
2025-06-17,474.2519226074219,474.94635750006523,470.3232806516652,471.63282797025073,15414100,MSFT
2025-06-18,476.4344482421875,477.1884355000323,470.70025162122124,474.21220825159133,17526500,MSFT
2025-06-20,473.616943359375,479.62891980922967,473.09114443804276,478.4086860483398,37576200,MSFT
2025-06-23,482.1488037109375,483.884936234588,468.76571183115124,474.42052531416374,24864000,MSFT
2025-06-24,486.2262268066406,487.952459183197,482.9424585265478,485.075445589935,22305600,MSFT
2025-06-25,488.369140625,490.64100267238626,485.5119877675007,488.14098256866794,17495100,MSFT
2025-06-26,493.5080871582031,494.09340820956044,488.9048412091741,489.0735074056833,21578900,MSFT
2025-06-27,492.0100402832031,495.3434002058453,489.12309627390664,493.60726767719865,34539200,MSFT
2025-06-30,493.4683837890625,496.79184348109624,491.404849352638,493.1013206195562,28369000,MSFT
2025-07-01,488.15081787109375,494.1032718491211,487.0893199212463,492.5358056229024,19945400,MSFT
2025-07-02,487.198486328125,489.5893925672679,484.82744098086494,486.107196925814,16319600,MSFT
2025-07-03,494.8870849609375,496.16687121115365,489.52988173373706,489.89694493303733,13984800,MSFT
2025-07-07,493.77593994140625,494.7977767455099,491.3056810299541,493.4386378219278,13981600,MSFT
2025-07-08,492.68463134765625,494.25212791462184,490.1945116420166,493.2997134401056,11846600,MSFT
2025-07-09,499.52008056640625,502.76415743455226,495.77993553758444,496.33549554664154,18659500,MSFT
2025-07-10,497.5061340332031,500.4426696344743,493.8056807647675,499.06366987607214,16492100,MSFT
2025-07-11,499.3315734863281,501.0280145407016,493.85529597280816,494.5200000462786,16459500,MSFT
2025-07-14,499.033935546875,499.9764196247383,497.0597144820079,497.5458219138798,12058800,MSFT
2025-07-15,501.811767578125,504.2720960834484,498.80577924001653,499.03393728805895,14927200,MSFT
2025-07-16,501.6133728027344,502.7046622632316,497.91294935926595,501.17685701853543,15154400,MSFT
2025-07-17,507.6451721191406,509.3019216630888,501.61333461976557,501.67285674255714,17503100,MSFT
2025-07-18,506.0082092285156,510.5618634291492,503.40897568442307,510.4030974050004,21209700,MSFT
2025-07-21,506.0181579589844,508.03210080948105,501.54388660874696,502.69469811942383,14066800,MSFT
2025-07-22,501.2660827636719,507.1491147296819,501.2660827636719,506.92092641726225,13868600,MSFT
2025-07-23,501.861328125,502.77405108780124,496.7323137246232,502.7343595827018,16396600,MSFT
2025-07-24,506.8316650390625,509.59953458867506,503.28001689239056,504.73836945889843,16107000,MSFT
2025-07-25,509.6392517089844,514.1829150146133,506.3157616392057,508.409026924469,19125700,MSFT
2025-07-28,508.43878173828125,510.91897091749235,506.07763679555273,510.0062782539609,14308000,MSFT
2025-07-29,508.50823974609375,513.5182098314434,507.50623361872493,511.4448055642593,16469200,MSFT
2025-07-30,509.1729431152344,511.86149016920456,505.4030674134904,511.08764202727673,26380400,MSFT
2025-07-31,529.2723999023438,551.0484742016899,527.6851029610986,550.8301860551579,51617300,MSFT
2025-08-01,519.956787109375,531.5541546097426,516.7325410439772,530.7605061500977,28977600,MSFT
2025-08-04,531.3953857421875,533.9846885103634,523.944888342453,524.0837934579807,25349000,MSFT
2025-08-05,523.5679931640625,533.0423047576313,523.0620248277625,532.9232605080902,19171600,MSFT
2025-08-06,520.7802734375,527.486715540996,519.8775111011839,526.6930670104376,21355700,MSFT
2025-08-07,516.7127075195312,523.9052559727172,513.4487398823029,522.6254396329194,16079100,MSFT
2025-08-08,517.9032592773438,520.5024931820143,515.2940949258492,518.4588193359411,15531000,MSFT
2025-08-11,517.6353759765625,523.4092640243366,515.6015722772428,518.1611446296885,20194400,MSFT
2025-08-12,525.046142578125,526.7723446368122,518.5579891899393,519.5996565820958,18667000,MSFT
2025-08-13,516.4547729492188,528.478725311786,515.2543395813665,527.8933740196283,19619200,MSFT
2025-08-14,518.3396606445312,521.7821945996749,516.0182375574066,518.4190436500928,20269100,MSFT
2025-08-15,516.0480346679688,521.9310366989816,514.9667059909838,518.6274679925785,25213300,MSFT
2025-08-18,513.0023803710938,518.6770855269226,509.94683045407294,517.4568516493948,23760600,MSFT
2025-08-19,505.73040771484375,511.0776798784135,504.5200741760794,510.9189744125155,21481000,MSFT
2025-08-20,501.7125244140625,506.9506829011106,500.44266872858867,505.8296325155463,27723000,MSFT
2025-08-21,501.06658935546875,504.435269171935,499.5561662916726,500.5200628741361,18443300,MSFT
2025-08-22,504.037841796875,507.5158151187978,499.2481684011306,501.0765850227361,24324200,MSFT
2025-08-25,501.0865173339844,504.9917771303553,500.9473838488724,503.44159720621536,21638600,MSFT
2025-08-26,498.8804931640625,501.801993130018,495.3727099158942,501.1858695359189,30835700,MSFT
2025-08-27,503.5508728027344,504.09742962807053,496.7539232974875,498.8407132226862,17277900,MSFT
2025-08-28,506.4326477050781,507.87350408410515,502.3186878124423,503.89867767213724,18015600,MSFT
2025-08-29,503.501220703125,506.39291066950057,501.3150539612025,505.4588240002719,20961600,MSFT
2025-09-02,501.9410705566406,502.81553721257154,493.68337117589067,497.32034095368414,18128000,MSFT
2025-09-03,502.1696472167969,504.5942937991858,499.1587173668126,500.6194673133705,16345100,MSFT
2025-09-04,504.7731628417969,504.95202275876863,499.983489561643,501.1262461318779,15509500,MSFT
2025-09-05,491.8847961425781,508.7479993566889,489.27134277765646,505.86625611105876,31994800,MSFT
2025-09-08,495.06463623046875,498.04575600626316,491.91457299081776,494.97517595073856,16771000,MSFT
2025-09-09,495.2733459472656,499.08917592804124,494.5678227014102,498.27432917901325,14410500,MSFT
2025-09-10,497.2209777832031,500.06299449245154,493.5939546766565,499.81456783685906,21611800,MSFT
2025-09-11,497.8569641113281,500.00337405269875,494.7466575341409,499.08915061774627,18881600,MSFT
2025-09-12,506.6910095214844,509.32432605160386,500.67909648146514,503.4614629424367,23624900,MSFT
2025-09-15,512.1166381835938,512.2259313574772,503.80926524972944,505.58800862213144,17143800,MSFT
2025-09-16,505.83642578125,513.9748550906477,505.3991924428879,513.6270820344445,19711900,MSFT
2025-09-17,506.81024169921875,508.07226852063866,502.74598524416496,507.4064717390096,15816600,MSFT
2025-09-18,505.2501525878906,509.84107240669834,504.4651158521554,508.270998935228,18913700,MSFT
2025-09-19,514.67041015625,516.0317832353262,507.09837133283605,507.34679796260957,52474100,MSFT
2025-09-22,511.21234130859375,514.4816139887456,509.31432785382,512.3451813197225,20009300,MSFT
2025-09-23,506.0252685546875,511.35155218118825,504.1173383670773,510.5664850795932,19799600,MSFT
2025-09-24,506.9394226074219,509.2547456727144,503.72976965544393,507.16798604562155,13533700,MSFT
2025-09-25,503.8390808105469,506.8003375404676,501.8616142840625,505.10107733704126,15786500,MSFT
2025-09-26,508.2411804199219,510.70558375978015,503.4316440082871,506.849997214163,16213100,MSFT
2025-09-29,511.36138916015625,513.5972289973041,505.67741655332713,508.28092297827857,17617800,MSFT
2025-09-30,514.6903686523438,514.8990082310244,506.45253207823936,510.0099885223437,19728200,MSFT
2025-10-01,516.4393310546875,517.2342842847302,508.4697839098333,511.5601971915601,22632300,MSFT
2025-10-02,512.4942626953125,518.3173691617891,507.4661094259624,514.3823296081488,21222900,MSFT
2025-10-03,514.0940551757812,517.2143082734997,511.75886906280147,513.8456285403139,15112300,MSFT
2025-10-06,525.2435302734375,527.6880704621805,514.9387971845453,515.3461902238155,21388600,MSFT
2025-10-07,520.682373046875,526.4657528279373,518.1583800775612,524.9652461341774,14615200,MSFT
2025-10-08,521.546875,523.6336952116123,519.7980023635643,519.9868090400763,13363400,MSFT
2025-10-09,519.1123657226562,521.0302122328587,514.1438325922749,519.0527457511332,18343600,MSFT
2025-10-10,507.74432373046875,520.2849266906686,506.42270727517143,516.3697201998212,24133800,MSFT
2025-10-13,510.81488037109375,513.1600134586593,508.45980051307464,513.1600134586593,14284200,MSFT
2025-10-14,510.337890625,512.0371506947121,502.815524609146,507.0189143190136,14684300,MSFT
2025-10-15,510.1987609863281,513.935107423202,506.7903547024341,511.71916116293283,14694700,MSFT
2025-10-16,508.3902282714844,513.597241245564,504.93214864922606,509.3541552294708,15559600,MSFT
2025-10-17,510.347900390625,512.2359067167633,504.1173400169688,505.8364635131052,19867800,MSFT
2025-10-20,513.53759765625,515.4356111738924,510.19875812962454,511.37132460679527,14665600,MSFT
2025-10-21,514.4021606445312,515.4257076122852,509.81124074780416,514.2431942660954,15586200,MSFT
2025-10-22,517.2640380859375,521.9245247034462,514.4518919333965,517.8702452376143,18962700,MSFT
2025-10-23,517.283935546875,520.6526156742948,515.3461954332505,519.1720024577996,14023500,MSFT
2025-10-24,520.314697265625,522.0437370421222,517.4329845218087,519.499850577073,15532400,MSFT
2025-10-27,528.1749877929688,531.2157277722118,525.6807743511338,528.4333612309177,18734700,MSFT
2025-10-28,538.6585693359375,550.2352153811122,537.366762825241,546.5386557673307,29986700,MSFT
2025-10-29,538.141845703125,542.8321728172806,533.3521721804118,541.510525937623,36023000,MSFT
2025-10-30,522.451171875,531.6031704966998,518.8340654321457,527.1414377363435,41023100,MSFT
2025-10-31,514.5512084960938,525.9887810857076,511.85824179468614,525.5515477587454,34006400,MSFT
2025-11-03,513.776123046875,521.6562086548496,511.3514766558802,516.5385956979154,22374700,MSFT
2025-11-04,511.0931701660156,512.3054631947169,504.64399323613884,508.53933673798264,20958700,MSFT
2025-11-05,503.9682312011719,511.58997398954807,503.39186440425516,510.0695738143288,23024300,MSFT
2025-11-06,493.9715576171875,502.51744045426454,492.6896676102462,502.47768369906356,27406500,MSFT
2025-11-07,493.6933288574219,496.2372153715257,490.1457889557352,493.8225155697467,24019800,MSFT
2025-11-10,502.8155212402344,503.6601778844964,495.66082185127294,496.8930386116327,26101500,MSFT
2025-11-11,505.4786682128906,506.39289163210333,499.18851875070465,501.6230817360039,17980000,MSFT
2025-11-12,507.9232177734375,508.4498810705414,495.9788447581273,506.1543908722183,26574900,MSFT
2025-11-13,500.1225891113281,510.26832472026865,498.1351759673349,507.098398329558,25273100,MSFT
2025-11-14,506.96923828125,508.38031503091224,494.30942559248354,495.0944623167857,28505700,MSFT
2025-11-17,504.296142578125,508.8970088955905,501.7323929449627,505.2501227292945,19092800,MSFT
2025-11-18,490.6824035644531,499.8145698875434,483.71651040889276,492.2524466910109,33815100,MSFT
2025-11-19,484.0543518066406,492.0735713081103,479.79134202204426,487.0156083775533,23245300,MSFT
2025-11-20,476.3088684082031,491.3817596467919,473.39186588492817,490.5255566668064,26802500,MSFT
2025-11-21,470.0268249511719,476.796695003642,466.19388806310616,476.3785437287191,31769200,MSFT
2025-11-24,471.8985290527344,474.7856658755464,465.9450303435204,472.8940955697233,34421000,MSFT
2025-11-25,474.8752136230469,477.0256407210385,462.82888433135173,471.9681767111092,28019800,MSFT
2025-11-26,483.3475036621094,486.14504291080743,479.06658014921754,484.1539100429923,25709100,MSFT
2025-11-28,489.82867431640625,490.44592067381114,484.49242217644115,485.4382224868377,14386700,MSFT
2025-12-01,484.5820007324219,487.68816317334665,482.5012705124726,486.27447583839387,23964000,MSFT
2025-12-02,487.82757568359375,491.312058367048,484.16389832530854,484.56211884124775,19562700,MSFT
2025-12-03,475.6119689941406,482.09308589504883,473.0931871020635,474.2082166599713,34615100,MSFT
2025-12-04,478.7081604003906,479.186043226252,474.3774403367437,477.6329620200481,22318200,MSFT
2025-12-05,481.01788330078125,481.2568095233099,476.7568601661199,480.3807061976695,22608700,MSFT
2025-12-08,488.8430480957031,490.11737199051475,482.2325023858298,482.74025101921535,21965900,MSFT
2025-12-09,489.8385925292969,489.93815525049575,486.33420957194573,486.93155551686203,14696100,MSFT
2025-12-10,476.4382629394531,482.10303829287767,472.973680864489,481.88401246545567,35756200,MSFT
2025-12-11,481.3265075683594,483.8751552220924,473.750231167373,474.51683677020293,24669200,MSFT
2025-12-12,476.4084167480469,480.31105063829824,474.22812377070755,477.69270598810584,21248100,MSFT
2025-12-15,472.7148742675781,478.588710310573,470.42505317808707,477.97146396596463,23727700,MSFT
2025-12-16,474.2779235839844,475.7712732838117,468.79234263095657,469.8177748762136,20705600,MSFT
2025-12-17,474.00909423828125,477.8718969329872,472.8940646732686,474.79560024235434,24527200,MSFT
2025-12-18,481.8342590332031,487.4293375934554,475.7712630284666,476.06992080908344,28573500,MSFT
2025-12-19,483.7656555175781,485.68709144559693,480.35083955461556,485.1992432324443,70836100,MSFT
2025-12-22,482.7701110839844,486.5632169440421,480.5499868948874,483.9647726311972,16963000,MSFT
2025-12-23,484.6915588378906,485.66719456773416,482.5908977144131,482.829854335465,14683600,MSFT
2025-12-24,485.8563232421875,486.99128356758627,482.680463867149,483.5267014178325,5855900,MSFT
2025-12-26,485.5477294921875,485.95591540329985,483.8054881161676,484.5521629916047,8842200,MSFT
2025-12-29,484.9404296875,486.1848877649252,482.0333622504328,482.71034015280554,10893400,MSFT
2025-12-30,485.3187561035156,487.5089841188462,483.3475235456682,483.77560983811236,13944500,MSFT
2025-12-31,481.4758605957031,485.97584057107747,481.15727202744546,485.6771523949816,15601600,MSFT
2026-01-02,470.84320068359375,482.5112407273309,468.07552715971417,482.24244872265706,25571600,MSFT
2026-01-05,470.75360107421875,473.95932625248497,467.41844739653146,471.95822796941724,25250300,MSFT
2026-01-06,476.3885192871094,476.617480129593,467.6673473241013,471.69937935780575,23037700,MSFT
2026-01-07,481.3265075683594,487.5288974221053,475.83099176167434,477.63296458601815,25564200,MSFT
2026-01-08,475.9902648925781,480.5201105081445,473.7502403609407,479.10639276886474,18162600,MSFT
2026-01-09,477.15509033203125,477.6927047258898,470.106493184136,471.9582322108041,18491000,MSFT
2026-01-12,475.06439208984375,478.85749783991434,473.57104241242143,474.5566738594685,23519900,MSFT
2026-01-13,468.5832824707031,473.6706125344443,463.88420753037366,472.57548334410274,28545800,MSFT
2026-01-14,457.3433532714844,466.12425727832346,455.14315976714454,464.3919508718589,28184300,MSFT
2026-01-15,454.6354064941406,462.191752665677,453.8787662235596,462.06232415810086,23225800,MSFT
2026-01-16,457.8211975097656,461.13645097900303,454.4562082505655,455.8001987238622,34246700,MSFT
2026-01-20,452.5048522949219,454.77474258752966,447.28809381488645,449.2194951600843,26130000,MSFT
2026-01-21,442.1409912109375,450.6829681667298,436.73507280530305,450.5933708341933,37980500,MSFT
2026-01-22,449.1398620605469,450.8323067932568,442.7284117030413,445.6354487179439,25349400,MSFT
2026-01-23,463.8841857910156,469.01134678020316,448.5325382185013,449.8665935761158,38000200,MSFT
2026-01-26,468.1949768066406,472.14737672642065,459.9516880286902,463.2470104625561,29291200,MSFT
2026-01-27,478.4493408203125,480.72919663912324,471.06225431764057,471.59986874099184,29213900,MSFT
2026-01-28,479.4946594238281,481.59528998521284,475.8807484603396,481.0676409982362,36875400,MSFT
2026-01-29,431.57806396484375,440.5381621786467,419.1533835040837,438.0392806211351,128855300,MSFT
2026-01-30,428.3822937011719,437.65101486434605,424.55932220203715,437.2229285851671,58566800,MSFT
2026-02-02,421.49298095703125,428.8303011436502,420.37795134689077,428.33251789753194,42219900,MSFT
2026-02-03,409.3868713378906,420.178808008447,406.7486263222299,420.1390072256922,61424100,MSFT
2026-02-04,412.35369873046875,417.93881231579195,407.4256323109538,409.17783910585314,45012400,MSFT
2026-02-05,391.9246520996094,406.4897635323938,390.5806313349955,405.6335909812077,66289200,MSFT
2026-02-06,399.3615417480469,400.0086538663787,391.17798428483076,397.4002746193236,53515300,MSFT
2026-02-09,411.76629638671875,413.05058563481117,399.0927243377603,403.0550898097971,45480500,MSFT
2026-02-10,411.437744140625,421.80159473973595,410.8702943432265,417.75959730190846,44857900,MSFT
2026-02-11,402.5771789550781,414.61357304478975,399.2320904458023,414.33481566901673,42491000,MSFT
2026-02-12,400.05841064453125,404.3990960787573,396.24540458526855,403.20440420967,40802400,MSFT
2026-02-13,399.5407409667969,403.7420326637702,396.2852191820681,402.65686886295305,34091600,MSFT
2026-02-17,395.1004943847656,398.7442713079252,392.78083787972264,397.45004705087115,32078800,MSFT
2026-02-18,397.8283386230469,400.77520665339193,394.56288205367116,396.3648548030424,23223400,MSFT
2026-02-19,397.5988464355469,403.55594539020564,395.8127368785549,399.82403795970674,28234000,MSFT
2026-02-20,396.37152099609375,399.2552593187824,394.3059873534157,395.2539159508346,34015200,MSFT
2026-02-23,383.6390686035156,394.50551684604494,382.27203437696886,394.14630950985264,43238300,MSFT
2026-02-24,388.1593017578125,388.5185091169527,380.88504821898124,383.30981969967445,33884700,MSFT
2026-02-25,399.7342224121094,400.60233728073825,389.31678308531696,389.68597856263057,43625500,MSFT
2026-02-26,400.851806640625,406.6093255926281,397.8782360341113,403.8353349281015,34405900,MSFT
2026-02-27,391.8912048339844,395.9624042352165,389.0374004516944,390.03523926255787,51367200,MSFT
2026-03-02,397.6886291503906,400.32293811697235,389.78576315389057,392.01092411942045,35474900,MSFT
2026-03-03,403.0570068359375,405.82103971635513,391.82136299902305,392.2903484387299,38199200,MSFT
2026-03-04,404.32427978515625,410.14166638677375,399.44483360720756,400.4027502952161,35808000,MSFT
2026-03-05,409.79241943359375,410.72040218284053,403.525993165685,403.54596943015656,39001300,MSFT
2026-03-06,408.0761413574219,412.1572983375802,407.6271321747383,408.31564337314285,31123900,MSFT
2026-03-09,408.5251770019531,409.3234358422322,402.62794618065146,404.044890641513,30131900,MSFT
2026-03-10,404.8830871582031,409.31349393117443,402.05918625996463,409.1438479339772,31706400,MSFT
2026-03-11,404.0049743652344,408.1260534422115,400.7220762180728,404.6934855668013,25512100,MSFT
2026-03-12,400.9914855957031,405.2422886286942,400.84181586601125,403.7555185610488,27263900,MSFT
2026-03-13,394.69512939453125,403.9251383935716,393.3979511212616,400.13336309353434,26848000,MSFT
2026-03-16,399.08563232421875,399.7641553863696,393.9367805641587,397.209690545171,27733700,MSFT
2026-03-17,398.5467834472656,403.5259891234105,396.8903674487218,399.4049101655112,26228300,MSFT
2026-03-18,390.9432678222656,397.13983817793417,390.1549666521916,396.271723303423,25908500,MSFT
2026-03-19,388.1792297363281,391.6417315076428,386.2234742615233,389.2569126674818,25138800,MSFT
2026-03-20,381.0447082519531,386.16362631018524,379.29849030352204,385.95408868282834,50853200,MSFT
2026-03-23,382.1722717285156,386.3731646745857,380.85511716508233,383.07032058481127,29680100,MSFT
2026-03-24,371.9344177246094,381.6434000325674,371.04635704379217,381.53362193174286,42733600,MSFT
2026-03-25,370.2381286621094,376.2451074667104,368.831172255135,376.10542586510894,31181200,MSFT
2026-03-26,365.1790771484375,373.9101668945663,364.4007640805619,370.01860155518807,36836600,MSFT
2026-03-27,355.9989318847656,361.6666793192034,355.73951450811694,361.11784971721505,37883400,MSFT
2026-03-30,358.1842041015625,364.5703662773937,355.51000344849933,361.1178525849577,44797000,MSFT
2026-03-31,369.3699951171875,372.09407550142714,362.28533367877645,363.7621155862403,45244400,MSFT
2026-04-01,368.57171630859375,373.1817267376728,367.4042619540212,372.682807332766,29417200,MSFT
2026-04-02,372.6528625488281,372.83249667260446,363.3629859357669,366.41637016886637,24099100,MSFT
2026-04-06,372.0741271972656,372.92229624611906,368.70142726638517,372.682794233078,16146600,MSFT
2026-04-07,371.48541259765625,371.64507045865594,365.7677853538718,369.5396147715723,21443300,MSFT
2026-04-08,373.52099609375,384.167949815935,370.6073237610428,384.148004001906,33064800,MSFT
2026-04-09,372.26373291015625,372.6927962909368,366.2567237727329,371.6949574789129,30435300,MSFT
2026-04-10,370.0684814453125,374.8281921461914,369.23030048358606,372.17393720824543,28111100,MSFT
2026-04-13,383.539306640625,383.70895264062807,370.2181521550117,372.8025510733858,35745800,MSFT
2026-04-14,392.2604064941406,393.83700889302276,385.684652281273,387.0816509997633,37504500,MSFT
2026-04-15,410.3312683105469,413.47445440771634,395.8725939925935,397.1398382929036,45063400,MSFT
2026-04-16,419.35174560546875,419.9105328997013,411.2492993874727,418.95258572248235,41642400,MSFT
2026-04-17,421.87628173828125,430.64726300981,419.78081413338697,423.9018933176335,48568200,MSFT
2026-04-20,417.1664733886719,422.4150847565369,415.40027922801784,420.2398034863272,27582200,MSFT
2026-04-21,423.2433166503906,426.25677891783357,416.2983670043314,419.33177508554746,32048500,MSFT
2026-04-22,431.984375,432.7626880248645,422.7543663498755,425.2689090952171,29378200,MSFT
2026-04-23,414.8514709472656,422.7443793162959,410.5208543154444,418.9825380949446,38308000,MSFT
2026-04-24,423.7023010253906,424.0316048781353,414.9013556123021,416.0688403922519,27457400,MSFT
2026-04-27,423.9018859863281,426.1869149113369,416.1686352924954,421.46715688013995,30867300,MSFT
2026-04-28,428.3222961425781,428.99086152362304,420.9881750222059,423.6524179624475,30438100,MSFT
2026-04-29,423.5426330566406,425.8975483734993,419.38166246548025,423.6623688360089,38288300,MSFT
2026-04-30,406.8987121582031,413.5243765293071,397.1498378648014,409.92216255995794,70909400,MSFT
2026-05-01,413.5443115234375,416.2085240460113,409.5529563541748,411.9078412872606,31372400,MSFT
2026-05-04,412.72607421875,419.87060358807366,409.91216153093814,410.6505829404435,28066500,MSFT
2026-05-05,410.4909362792969,415.8792597859335,407.916495085617,414.42242364358015,25700900,MSFT
2026-05-06,413.0653381347656,417.51572107575487,404.23445872829495,407.11822745622237,30285900,MSFT
2026-05-07,419.8606262207031,427.05506598481406,417.8549909144547,419.2020489501835,34942400,MSFT
2026-05-08,414.22283935546875,417.7252633012779,413.105264767488,416.48795292910256,33383800,MSFT
2026-05-11,411.7681579589844,411.79809190456297,404.6236285818644,406.9885016374445,35657900,MSFT
2026-05-12,406.8887023925781,414.6020070114768,405.76117016707224,413.58422243338293,38594200,MSFT
2026-05-13,404.3342590332031,405.4318878236479,400.1633000811369,402.3286237155428,29667100,MSFT
2026-05-14,408.5451354980469,410.94993067744383,400.013625877668,403.6058516736889,27077500,MSFT
2026-05-15,421.0081481933594,427.24464052002446,412.01761111071977,413.3746572242232,50771200,MSFT
2026-05-18,422.6246643066406,424.2012362508279,414.7117792841577,415.71960624154525,32564100,MSFT
2026-05-19,416.51788330078125,431.7648588737268,415.58987007798993,428.9708919761278,33018700,MSFT
2026-05-20,420.1499938964844,421.18775475321456,410.4110776678385,413.2749005432513,27864000,MSFT
2026-05-21,419.0899963378906,426.3399963378906,415.7099914550781,424.75,31393500,MSFT
2026-05-22,418.57000732421875,424.3999938964844,416.3299865722656,419.5400085449219,22390300,MSFT
2026-05-26,416.0299987792969,419.7699890136719,413.0199890136719,416.42999267578125,30398000,MSFT
2026-05-27,412.6700134277344,415.94000244140625,409.5799865722656,411.010009765625,28901500,MSFT
2026-05-28,426.989990234375,429.489990234375,412.6700134277344,412.9800109863281,47250500,MSFT
2026-05-29,450.239990234375,450.3299865722656,432.3599853515625,432.54998779296875,79654400,MSFT
2026-06-01,460.5199890136719,466.32000732421875,458.2699890136719,464.8399963378906,53628900,MSFT
2026-06-02,441.30999755859375,453.5,440.42999267578125,446.8800048828125,37036800,MSFT
2026-06-03,427.3399963378906,440.3900146484375,424.25,438.45001220703125,39037000,MSFT
2026-06-04,428.04998779296875,436.1499938964844,426.4100036621094,435.80999755859375,26899500,MSFT
2026-06-05,416.6700134277344,429.4700012207031,414.3999938964844,428.3399963378906,34782200,MSFT
2026-06-08,411.739990234375,417.1600036621094,408.55999755859375,414.1400146484375,32086700,MSFT
2026-06-09,403.4100036621094,411.9800109863281,398.4800109863281,409.0299987792969,35317300,MSFT
2026-06-10,397.3599853515625,405.0400085449219,397.1600036621094,398.54998779296875,32576000,MSFT
2026-06-11,390.3399963378906,396.8500061035156,384.0,395.2099914550781,47224100,MSFT
2026-06-12,390.739990234375,391.739990234375,382.2699890136719,391.42999267578125,34865800,MSFT
2026-06-15,399.760009765625,401.75,392.8500061035156,396.79998779296875,32266400,MSFT
2026-06-16,393.8299865722656,396.8399963378906,390.69000244140625,395.7900085449219,31506800,MSFT
2026-06-17,378.9100036621094,390.3699951171875,377.32000732421875,390.25,41987800,MSFT
2026-06-18,379.3999938964844,381.3699951171875,373.2799987792969,377.82000732421875,59714200,MSFT
2026-06-22,367.3399963378906,381.6300048828125,367.07000732421875,375.739990234375,45171100,MSFT
2026-06-23,373.94000244140625,377.2200012207031,370.6700134277344,372.3800048828125,40647600,MSFT
2026-06-24,365.4599914550781,378.8800048828125,364.7799987792969,371.57000732421875,44509900,MSFT
2026-06-25,352.8299865722656,364.2300109863281,349.20001220703125,362.7699890136719,66179000,MSFT
2026-06-26,372.9700012207031,376.6099853515625,355.42999267578125,357.1499938964844,186201600,MSFT
2026-06-29,368.57000732421875,380.5,359.8999938964844,377.5,51229900,MSFT
2026-06-30,373.0199890136719,374.1499938964844,367.45001220703125,371.0299987792969,44945700,MSFT
2026-07-01,384.2799987792969,388.8299865722656,374.8900146484375,380.8299865722656,48065800,MSFT
2026-07-02,390.489990234375,392.20001220703125,383.70001220703125,384.4800109863281,42128900,MSFT
2026-07-06,386.739990234375,389.1499938964844,381.2200012207031,387.0400085449219,34224500,MSFT
2026-07-07,388.8399963378906,395.57000732421875,388.2200012207031,392.489990234375,29297500,MSFT
2026-07-08,383.3399963378906,385.30999755859375,381.3299865722656,384.0299987792969,25908300,MSFT
2026-07-09,384.3599853515625,384.6499938964844,373.3500061035156,374.45001220703125,31083200,MSFT
2026-07-10,385.1000061035156,391.9100036621094,381.5,387.79998779296875,24644600,MSFT
2026-07-13,390.989990234375,393.6499938964844,384.1499938964844,387.75,28914900,MSFT
2026-07-14,384.92999267578125,388.19000244140625,378.6499938964844,382.82000732421875,27863900,MSFT
2026-07-15,395.6300048828125,398.9599914550781,386.3999938964844,387.79998779296875,36253700,MSFT
2026-07-16,401.1000061035156,405.989990234375,392.04998779296875,398.30999755859375,37047400,MSFT
2026-07-17,393.82000732421875,398.3900146484375,389.3900146484375,394.8599853515625,33049800,MSFT
2026-07-20,402.2900085449219,403.17999267578125,389.6499938964844,391.4100036621094,27915800,MSFT
2026-07-21,397.75,401.4700012207031,396.32000732421875,398.80999755859375,24126600,MSFT
2026-07-22,390.3399963378906,401.0,386.9599914550781,399.5799865722656,28142500,MSFT
2026-07-23,381.5799865722656,391.7799987792969,377.3900146484375,389.9700012207031,30351800,MSFT
2026-07-24,381.70001220703125,389.0299987792969,380.6499938964844,387.04998779296875,27659400,MSFT
2026-07-27,389.1000061035156,394.20001220703125,387.989990234375,390.0799865722656,27856200,MSFT
2026-07-28,393.3500061035156,400.32000732421875,391.29998779296875,393.1600036621094,32367500,MSFT
2026-07-29,390.5400085449219,401.25,388.739990234375,393.3999938964844,47209000,MSFT
2026-07-30,451.1000061035156,458.69000244140625,432.44000244140625,437.8999938964844,110160700,MSFT
2026-07-31,464.7200012207031,466.8399963378906,449.3299865722656,450.0,60846000,MSFT
2026-08-03,487.6499938964844,491.6499938964844,475.0,476.1300048828125,66762100,MSFT
2026-08-04,492.80999755859375,499.44000244140625,479.1700134277344,480.8999938964844,50455500,MSFT
2026-08-05,487.4599914550781,498.239990234375,485.67999267578125,496.3599853515625,33388900,MSFT
2026-08-06,499.8599853515625,501.55999755859375,488.5199890136719,488.54998779296875,36397900,MSFT
2026-08-07,502.7900085449219,505.17999267578125,499.1199951171875,499.2099914550781,11818532,MSFT
2024-08-07,157.7238311767578,161.73291139086032,157.25742629410797,160.0161531809976,25138600,GOOGL
2024-08-08,160.79019165039062,162.4374934400702,158.9841256428161,159.28181801513983,25578800,GOOGL
2024-08-09,162.4176483154297,162.53672526881738,157.84292193770273,158.78564981676743,28602300,GOOGL
2024-08-12,161.04820251464844,163.638232240746,160.60164879815585,163.09245277727376,15895300,GOOGL
2024-08-13,162.9038848876953,163.46951549041373,161.72298810159427,162.1596237343071,18551700,GOOGL
2024-08-14,159.1428985595703,161.97109738750262,156.50326348113867,161.1573644799167,40591100,GOOGL
2024-08-15,160.0657958984375,160.40319071181239,158.388724722145,159.27191417011724,31524300,GOOGL
2024-08-16,161.7130889892578,163.79701137732062,159.8970897454957,160.23448454041534,24208600,GOOGL
2024-08-19,165.3946990966797,165.4145503036196,163.0031359185699,164.01533548402497,22416200,GOOGL
2024-08-20,165.90077209472656,167.34960719285812,165.5435412633864,165.62291579788476,18341500,GOOGL
2024-08-21,164.58096313476562,165.57331138365288,163.40998432722168,163.88630724691845,22902000,GOOGL
2024-08-22,162.54664611816406,166.30763931714822,162.06039002531082,165.9801625781286,22493300,GOOGL
2024-08-23,164.35272216796875,164.9084347985432,162.57642535652303,163.4596147462646,13955700,GOOGL
2024-08-26,164.88861083984375,166.26797448558267,163.20162161831215,165.1069286953162,14190400,GOOGL
2024-08-27,163.41990661621094,165.16644927065664,163.20160392643822,164.5710342489987,11821900,GOOGL
2024-08-28,161.6039276123047,164.33288545251102,160.2940205808296,163.77715768210635,16407400,GOOGL
2024-08-29,160.5421142578125,164.70005625165825,159.02382249929119,163.05275436266322,19699800,GOOGL
2024-08-30,162.12989807128906,162.40775443186422,160.4528267322231,161.37570354226852,22123800,GOOGL
2024-09-03,156.15594482421875,160.61159459119546,155.28267338679814,160.48258445374879,38945300,GOOGL
2024-09-04,155.25291442871094,157.78340604462628,154.76667337142607,155.46131426900152,19353800,GOOGL
2024-09-05,156.03684997558594,158.2299312085826,154.78648144405375,155.1040401638185,18688700,GOOGL
2024-09-06,149.7652130126953,156.62234382988387,149.39804896411633,156.09640040925774,37912100,GOOGL
2024-09-09,147.7679443359375,152.4282209390493,146.2873778721235,151.54385960268255,39260500,GOOGL
2024-09-10,147.71824645996094,150.3117127852872,147.40026637370062,149.49690018583888,31118800,GOOGL
2024-09-11,150.20240783691406,150.54025030429756,146.5854677760219,148.97025775559644,29607700,GOOGL
2024-09-12,153.71005249023438,153.839233801539,151.68296725155358,152.8256911821986,29621500,GOOGL
2024-09-13,156.46250915527344,157.37667920350046,154.2267627397466,154.44535510677574,29591200,GOOGL
2024-09-16,157.05873107910156,157.2475299074587,155.607988267114,156.31348212219416,18379800,GOOGL
2024-09-17,158.31072998046875,159.53293380012653,157.3766823666018,158.0126274199818,20715600,GOOGL
2024-09-18,158.79762268066406,159.48325404924594,157.59529635899653,158.84730896980255,23677300,GOOGL
2024-09-19,161.11285400390625,162.7523953061902,160.31791891468873,162.67291544318158,26587700,GOOGL
2024-09-20,162.55364990234375,162.69276239259926,161.03334370093557,162.464223693349,40896400,GOOGL
2024-09-23,160.82467651367188,164.44161628675883,160.64580894026784,163.30883886227895,24150900,GOOGL
2024-09-24,161.26190185546875,162.18601827960998,159.67204679818846,161.9972194853163,23332100,GOOGL
2024-09-25,160.46697998046875,161.77861000791742,160.27818118844277,160.44710243338025,18869200,GOOGL
2024-09-26,161.69912719726562,163.0405812277503,161.2519809078131,162.6033661315293,20319300,GOOGL
2024-09-27,162.911376953125,164.6502907376612,161.5997470113798,161.77859943711212,21101300,GOOGL
2024-09-30,164.7993621826172,165.09744958161895,162.22575806160205,162.2853907035285,20413900,GOOGL
2024-10-01,165.93212890625,168.08838020304094,163.53739254376728,166.62769139519463,28338100,GOOGL
2024-10-02,164.80929565429688,166.4587833748385,163.68644922877587,165.36574568962988,17760200,GOOGL
2024-10-03,164.80929565429688,165.5843532266716,162.88158291608877,163.3684842780683,15073100,GOOGL
2024-10-04,166.00169372558594,167.16428010496523,164.4317010051406,166.99535885279488,19047400,GOOGL
2024-10-07,161.94752502441406,167.41268277986842,161.7189863091265,166.65750280293437,22463100,GOOGL
2024-10-08,163.3386688232422,163.68644249996592,161.83822486594266,162.90145376713176,23072700,GOOGL
2024-10-09,160.8346405029297,163.7957583809211,158.72807525360884,162.41456443992033,31181800,GOOGL
2024-10-10,161.05323791503906,162.03697180217182,159.38387269706766,159.85089649743236,14144100,GOOGL
2024-10-11,162.20590209960938,162.86170956550862,160.21857182956228,161.10293319324816,15344300,GOOGL
2024-10-14,163.91500854492188,165.17695235890986,162.36487818674945,162.60336327926677,19016100,GOOGL
2024-10-15,164.4118194580078,166.61774183416674,163.58707567908868,164.73971556910084,20247200,GOOGL
2024-10-16,164.11375427246094,164.749699418007,162.70275145459712,163.4877403209242,16406000,GOOGL
2024-10-17,161.89784240722656,165.31605267037628,161.72892116495908,164.6801076327293,21453400,GOOGL
2024-10-18,162.38475036621094,163.66658684818702,162.0469078679096,162.1562116364337,19757700,GOOGL
2024-10-21,163.03062438964844,163.45789306330104,161.58979800498344,161.91770927556843,20946500,GOOGL
2024-10-22,164.09385681152344,164.71987068710104,161.9475365199372,161.9475365199372,16568100,GOOGL
2024-10-23,161.7488250732422,164.76957586597575,160.9042035621243,163.71627798503206,18280500,GOOGL
2024-10-24,161.68917846679688,162.29531475497333,159.9900045566217,161.79848222899673,22412500,GOOGL
2024-10-25,164.22303771972656,164.54100267206263,162.38475119304076,162.63316747166715,19828900,GOOGL
2024-10-28,165.6638641357422,167.68100328825437,162.91140727340738,167.68100328825437,32138600,GOOGL
2024-10-29,168.60507202148438,169.3006496598447,166.0314832783505,166.66742827978365,42169000,GOOGL
2024-10-30,173.3548126220703,180.86691803166593,172.95733750175077,179.5353953312524,68890800,GOOGL
2024-10-31,170.02603149414062,175.69986574053596,169.91672772946706,172.03323918990733,44769000,GOOGL
2024-11-01,170.20486450195312,171.22835336095886,167.81014346910678,168.9926071986616,31796500,GOOGL
2024-11-04,168.16787719726562,169.6484284063568,166.94565827865142,168.85349334018605,21492700,GOOGL
2024-11-05,168.66470336914062,169.44969205157926,167.7703957675669,168.35665448147515,18242100,GOOGL
2024-11-06,175.39181518554688,175.81909904785277,172.40088879790804,172.69899134986846,33695500,GOOGL
2024-11-07,179.60496520996094,179.93287650946746,176.06751991171046,176.2861274447148,25352900,GOOGL
2024-11-08,177.22019958496094,179.75403378817845,176.95190572784412,179.50561748102942,22006200,GOOGL
2024-11-11,179.20750427246094,179.40623425717754,177.3394090594478,177.44871282536081,17450400,GOOGL
2024-11-12,180.4694366455078,181.3339355258592,178.25356788936566,178.6808517336083,25134900,GOOGL
2024-11-13,177.746826171875,179.8136514950511,177.4089684990119,179.31681892204128,23184000,GOOGL
2024-11-14,174.46771240234375,177.68719264307913,173.21569988978717,177.15060502189382,31007500,GOOGL
2024-11-15,171.3972930908203,173.03683438867833,170.1353342086739,172.62942807176185,32504600,GOOGL
2024-11-18,174.18951416015625,174.32862668292316,171.80470856141605,172.32141871546224,20135300,GOOGL
2024-11-19,176.99160766601562,177.7368564274597,172.46049762237553,172.6194876637269,23434900,GOOGL
2024-11-20,174.8651885986328,176.55441631876369,172.67912830422068,176.2165738071629,18997100,GOOGL
2024-11-21,166.56809997558594,173.02692368437366,162.662987910428,172.79836977486937,59734400,GOOGL
2024-11-22,163.7162628173828,165.40550568311707,162.8617101914929,164.79936934193785,38604600,GOOGL
2024-11-25,166.5879669189453,167.5617697445597,164.56089655546532,165.03785161237923,33135300,GOOGL
2024-11-26,168.0486297607422,168.74420743105776,166.51839224272408,166.56807852805025,20486700,GOOGL
2024-11-27,168.157958984375,168.40637528649307,166.95563257291508,167.92942023182215,19266500,GOOGL
2024-11-29,167.87973022460938,168.3566852687276,166.10107621213314,167.43258392311557,14257200,GOOGL
2024-12-02,170.40362548828125,170.98988423095403,167.50212535142776,167.70085532970873,23789100,GOOGL
2024-12-03,170.2545623779297,171.58606987747282,169.7676762176285,170.40362122950918,22248700,GOOGL
2024-12-04,173.26539611816406,173.80198381709815,169.97636673123043,170.06579296034354,31615100,GOOGL
2024-12-05,171.54635620117188,174.94468929994056,171.23832242107443,174.24912670582898,21356200,GOOGL
2024-12-06,173.60324096679688,173.97089221181594,170.77128929069295,170.9402105427862,21462400,GOOGL
2024-12-09,174.45877075195312,175.34414569527965,172.74770667593938,173.05610866341627,25389600,GOOGL
2024-12-10,184.2078399658203,185.39165905883286,180.10925267461994,181.89990276575224,54813000,GOOGL
2024-12-11,194.38467407226562,194.59358956818772,183.88950517431252,184.3471064632806,67894100,GOOGL
2024-12-12,190.96255493164062,194.16580938373951,190.71385396756912,193.9867519757691,34817500,GOOGL
2024-12-13,188.83367919921875,191.7285469445743,188.65460660803555,190.01748306194702,25143500,GOOGL
2024-12-16,195.63812255859375,197.9659598504381,191.61910663196343,191.86780758654942,44934900,GOOGL
2024-12-17,194.40457153320312,200.37339478634232,193.96685539925252,196.22506444695088,43504000,GOOGL
2024-12-18,187.42103576660156,195.97635478856293,186.7644767742897,194.2056051830061,34166100,GOOGL
2024-12-19,187.53048706054688,192.02700516266594,187.40117286917095,190.63428570513082,32265200,GOOGL
2024-12-20,190.41543579101562,191.88774144921763,184.2575966505468,184.81468445746083,63462900,GOOGL
2024-12-23,193.6186981201172,194.08625719212253,189.16196548395996,191.6191324608379,25675000,GOOGL
2024-12-24,195.0910186767578,195.0910186767578,192.77312346833173,193.82761331003957,10403300,GOOGL
2024-12-26,194.5836639404297,195.7276824419866,193.37000187433253,194.1359900072514,12046600,GOOGL
2024-12-27,191.75839233398438,194.3051030426647,189.65935551931798,193.9370152813754,18891400,GOOGL
2024-12-30,190.2462921142578,191.54948271791056,188.13729764820343,188.81377215376864,14264700,GOOGL
2024-12-31,188.3163604736328,190.96254219798286,187.53045697905083,190.08711000538557,17466900,GOOGL
2025-01-02,188.44570922851562,191.00236272405684,186.52574484771176,189.65937128935172,20370800,GOOGL
2025-01-03,190.79344177246094,192.20607673113864,188.9928490622425,190.37562593745199,18596200,GOOGL
2025-01-06,195.8470458984375,197.19003728298551,192.8427489428689,192.9720631324044,29563600,GOOGL
2025-01-07,194.47421264648438,199.95557646710608,193.58883781557628,196.08579004713673,26487200,GOOGL
2025-01-08,192.94219970703125,195.27003702511843,191.38036558796483,191.5693807443013,24864800,GOOGL
2025-01-10,191.04214477539062,195.49887742154428,189.32113818407666,193.29041142782185,26665200,GOOGL
2025-01-13,190.01748657226562,190.1866014129224,186.38645842630518,189.08238366148746,21823700,GOOGL
2025-01-14,188.67449951171875,190.98243652196967,187.33150825894856,190.2462913969121,17174900,GOOGL
2025-01-15,194.53392028808594,195.33970907887064,190.86309119272985,192.0866958313472,21776000,GOOGL
2025-01-16,191.9076385498047,194.4642768734046,191.8081520804567,193.13124318936406,17815400,GOOGL
2025-01-17,194.9815673828125,196.2051719482703,192.74325857357104,195.50881224351804,27735100,GOOGL
2025-01-21,197.02093505859375,201.23889429991502,196.8418624454126,198.03563938794179,29971300,GOOGL
2025-01-22,197.33924865722656,199.43828553458843,196.5036170079127,198.02566579041408,26200600,GOOGL
2025-01-23,196.9512939453125,199.25924653814067,194.18574000771966,197.11046623023265,26951400,GOOGL
2025-01-24,199.16970825195312,199.85611023612495,196.97118481318788,197.07067128135972,23877500,GOOGL
2025-01-27,190.81332397460938,195.85698677854776,189.73893399543607,191.41021235620636,41728900,GOOGL
2025-01-28,194.28521728515625,194.46427471258818,189.68921264751984,191.7484641400102,24157900,GOOGL
2025-01-29,194.39463806152344,195.7674571519655,192.4249153665142,194.54385257803781,18218300,GOOGL
2025-01-30,199.82626342773438,200.3535083038363,196.6428938419765,196.97118096512546,24354700,GOOGL
2025-01-31,202.9599151611328,204.41232049224394,200.75144907949408,200.95040684244714,32001100,GOOGL
2025-02-03,200.18438720703125,202.6912973186069,199.06026910715457,199.6471997728737,27838300,GOOGL
2025-02-04,205.3076171875,205.97413392522495,201.75616026465778,202.33314830168123,43856400,GOOGL
2025-02-05,190.33584594726562,191.74846576717462,187.05298980095407,190.0772023789456,70373900,GOOGL
2025-02-06,190.60443115234375,191.10183309670842,187.73939109536238,188.51533691421105,29297400,GOOGL
2025-02-07,184.37696838378906,190.18662005870158,182.2878891065967,190.05730586169955,49315000,GOOGL
2025-02-10,185.5010986328125,187.22210526115876,184.8942676002274,186.37653098919859,23105600,GOOGL
2025-02-11,184.35707092285156,185.96864842614565,183.3224663388948,184.0685692836796,21239500,GOOGL
2025-02-12,182.6559600830078,184.14816605879201,180.88521020610418,182.26798713648407,22072600,GOOGL
2025-02-13,185.1728057861328,185.3120777313061,182.18839394998832,183.36227049888035,21402500,GOOGL
2025-02-14,184.2675323486328,185.43145115453234,183.36227228593566,184.0984174978102,20448400,GOOGL
2025-02-18,182.8151092529297,184.99373213088467,180.79565863535095,184.6356021347893,29916700,GOOGL
2025-02-19,184.3073272705078,184.4963424448096,182.63604878465782,183.11356559747395,19549400,GOOGL
2025-02-20,183.6009979248047,184.34710081960932,181.77056246596453,183.839756315763,20441500,GOOGL
2025-02-21,178.72645568847656,184.37693402859801,178.14946765861885,184.1879188764634,35199200,GOOGL
2025-02-24,178.318603515625,182.16848984705686,177.96047349552646,181.04437173412518,29854200,GOOGL
2025-02-25,174.50851440429688,177.81127094293745,173.7823117406095,177.11489600513676,41913400,GOOGL
2025-02-26,171.8324737548828,175.16507289862997,170.68845533929954,174.16032642215686,35431300,GOOGL
2025-02-27,167.6244659423828,173.65297546387492,167.06737815788244,173.08594510447406,39991000,GOOGL
2025-02-28,169.39523315429688,169.72352031376127,165.90347638827518,167.80354059559173,48130600,GOOGL
2025-03-03,166.1422119140625,172.46916601222185,165.0678217638651,171.03664581195866,40770500,GOOGL
2025-03-04,170.03189086914062,172.38957139478455,164.93849945595062,165.37621562667857,45388000,GOOGL
2025-03-05,172.12098693847656,172.87703249017144,168.18155654289944,169.6339770163835,30954900,GOOGL
2025-03-06,171.4544677734375,173.9016770030345,169.61407438427003,169.64391728856972,28302000,GOOGL
2025-03-07,172.9566192626953,174.06085227932917,169.38527664457013,170.3701228624436,27385800,GOOGL
2025-03-10,165.19815063476562,167.77767157580016,163.0269878624875,167.57846950382446,43604000,GOOGL
2025-03-11,163.37557983398438,166.074610170201,160.71639599552714,164.24206639490993,39587400,GOOGL
2025-03-12,166.43316650390625,166.9610186657123,162.86766450728123,165.90531434210018,28372400,GOOGL
2025-03-13,162.1007537841797,165.45711431897539,161.4533926135524,165.36746730396223,31756200,GOOGL
2025-03-14,164.8197021484375,165.8156517325666,161.79200690237369,162.60869285591215,31995900,GOOGL
2025-03-17,163.6245574951172,165.6264259709924,163.00707358955603,164.36156568984055,31184300,GOOGL
2025-03-18,160.01922607421875,163.5847275921019,156.08522805432327,163.01702900544848,42074800,GOOGL
2025-03-19,163.2261962890625,165.19817244671944,160.34790225399752,161.10481855769754,34275600,GOOGL
2025-03-20,162.14060974121094,164.22214090970084,160.30806599087495,160.91559589904986,28138500,GOOGL
2025-03-21,163.32579040527344,163.57477782056455,160.2383403768693,160.55705156299513,36625800,GOOGL
2025-03-24,167.0008087158203,167.63823099962073,164.47110361416807,166.39329409591747,30879100,GOOGL
2025-03-25,169.86917114257812,169.93889491315255,167.63825363596857,168.29556886017417,24174400,GOOGL
2025-03-26,164.39144897460938,168.92302298152063,164.17233883294872,168.31549307909538,28901600,GOOGL
2025-03-27,161.58287048339844,164.74998295425303,161.3438371056606,163.96318944763343,24508300,GOOGL
2025-03-28,153.7049102783203,161.1645785777556,153.0077485673884,159.8399637284922,48669300,GOOGL
2025-03-31,154.01365661621094,154.91000524190235,150.04978117819655,152.489854834344,54603500,GOOGL
2025-04-01,156.43382263183594,157.45964958057314,152.99778409802235,152.99778409802235,30672900,GOOGL
2025-04-02,156.40390014648438,157.7683612723421,154.07338200320004,154.52155623121885,25041700,GOOGL
2025-04-03,150.1095428466797,152.16119683607278,149.78087761580798,150.49796262916686,46883400,GOOGL
2025-04-04,145.01028442382812,150.4581305746649,144.7911742710094,147.41051168463707,62259500,GOOGL
2025-04-07,146.15560913085938,152.23090799124293,139.96080117715204,140.9766740613606,76794100,GOOGL
2025-04-08,144.11390686035156,151.62337549950988,142.45067281990836,150.60750263275938,52200200,GOOGL
2025-04-09,158.06716918945312,158.90376321404577,143.32711193141117,143.8350407612742,70406200,GOOGL
2025-04-10,152.20103454589844,157.0811818078422,149.322725435418,155.90595330498695,48022000,GOOGL
2025-04-11,156.50352478027344,157.03137687020202,152.2010302665367,152.28069286385934,33636200,GOOGL
2025-04-14,158.42572021484375,161.06498074344722,156.92182649738766,159.35194610703772,30333000,GOOGL
2025-04-15,155.67689514160156,159.00336349160088,154.58135959003184,158.48548058954378,27551500,GOOGL
2025-04-16,152.7089385986328,155.25856688611364,150.89630321479305,152.47987446887817,28187400,GOOGL
2025-04-17,150.54774475097656,154.0534763910807,147.8985151753075,153.66505665607545,33046600,GOOGL
2025-04-21,147.0718994140625,148.34671389265077,145.50826619139812,148.27700531179954,26049100,GOOGL
2025-04-22,150.8564910888672,151.5735760354548,147.93835078181212,148.2869392297591,26971800,GOOGL
2025-04-23,154.72079467773438,156.8919577671247,153.18702360261742,154.9797361333446,31128800,GOOGL
2025-04-24,158.6348419189453,158.9435838456132,155.15897254458986,155.5175149877812,45894000,GOOGL
2025-04-25,161.30401611328125,165.42724716152773,160.38772903857225,164.4014202116321,56034000,GOOGL
2025-04-28,159.95947265625,162.48917806099573,157.9576193461597,161.7720931027873,29745800,GOOGL
2025-04-29,159.5113067626953,160.0889594093041,156.88200017636458,159.6706623611363,26809000,GOOGL
2025-04-30,158.15679931640625,158.62489684356424,154.7705615625615,157.34011335090173,34981100,GOOGL
2025-05-01,160.6466827392578,161.29404393761732,158.26636366652554,159.80011945187778,30203200,GOOGL
2025-05-02,163.36561584472656,164.3018109241553,161.21436100650547,162.7481319399907,25715000,GOOGL
2025-05-05,163.54489135742188,164.72010459701127,162.06092097475153,162.3397856484502,21341800,GOOGL
2025-05-06,162.56884765625,164.13249581033162,160.53711717512775,161.51314352018753,21277200,GOOGL
2025-05-07,150.76686096191406,164.33169015930102,147.24119073545722,163.41541831659652,127490100,GOOGL
2025-05-08,153.6551055908203,155.29841637896206,152.28069025725696,154.37219053033292,57498700,GOOGL
2025-05-09,152.1313018798828,154.42198900650553,151.58352655875794,153.5455484927057,32435300,GOOGL
2025-05-12,157.8181915283203,158.45559870977985,155.61713606908535,156.85211913184455,44138800,GOOGL
2025-05-13,158.88385009765625,159.9196462677562,155.52750456311006,158.14684186881533,42382100,GOOGL
2025-05-14,164.7001953125,166.32359816964652,158.9635305710967,159.3121190412647,48755900,GOOGL
2025-05-15,163.29591369628906,165.53680044166376,161.71234217984835,165.1682887318073,33146700,GOOGL
2025-05-16,165.51687622070312,168.66408078965867,164.94917762065725,167.0506320085185,42846900,GOOGL
2025-05-19,165.86544799804688,165.96504904182535,163.55485271284547,163.84367142462605,30426100,GOOGL
2025-05-20,163.31582641601562,167.817523283891,162.24019892385144,165.75590012466307,46607700,GOOGL
2025-05-21,167.8772735595703,172.43872486137178,162.89752522096424,163.02700354080346,73416000,GOOGL
2025-05-22,170.1779022216797,176.05401394301808,170.0185618363875,171.15394376538748,74864400,GOOGL
2025-05-23,167.7876434326172,169.27161392343552,167.20999079586213,168.37525009523515,35211400,GOOGL
2025-05-27,172.19967651367188,172.4685871557562,169.31142880693562,169.4707843872067,37995700,GOOGL
2025-05-28,171.66188049316406,174.56009759174123,171.21370619473115,172.45864324425892,34784000,GOOGL
2025-05-29,171.16390991210938,173.71353862116436,169.93889608019336,173.29524158580244,29317300,GOOGL
2025-05-30,171.04440307617188,171.51250064033223,166.76181642373982,170.65598330984582,52639900,GOOGL
2025-06-02,168.3453826904297,169.18197682154243,166.71202573097702,167.1602000728598,38612300,GOOGL
2025-06-03,165.50689697265625,167.79758408844376,164.61054841286258,166.8116037120677,45084900,GOOGL
2025-06-04,167.3693389892578,167.5386486033552,165.68618167672102,166.0646474005772,26900800,GOOGL
2025-06-05,167.52870178222656,170.23767092126516,166.9112026488037,169.65006425936653,36379100,GOOGL
2025-06-06,172.97653198242188,173.79321800916722,170.1380845314093,170.1380845314093,35731800,GOOGL
2025-06-09,175.58908081054688,175.96800471005412,173.87397240224888,174.04348698482235,28935900,GOOGL
2025-06-10,178.0919647216797,180.59481935710423,174.41245877453574,175.69878257607027,61766100,GOOGL
2025-06-11,176.84548950195312,179.85688739895457,176.24719026638135,179.25860337876443,31646800,GOOGL
2025-06-12,175.2001953125,176.2172980493167,174.25290075490625,175.6788256293735,20941900,GOOGL
2025-06-13,174.17312622070312,176.6261351195968,171.8996131999643,171.9494740114175,27663100,GOOGL
2025-06-16,176.26715087890625,176.43666545813562,174.15317124562452,174.23294549738824,27389200,GOOGL
2025-06-17,175.44947814941406,176.85547082344988,174.08338020939252,175.20018931566514,24973000,GOOGL
2025-06-18,172.8269805908203,176.0577543370001,172.70731159680278,175.50931582595604,28707500,GOOGL
2025-06-20,166.16595458984375,173.84404717223623,164.98931866750593,173.4551572231979,75659900,GOOGL
2025-06-23,164.7200927734375,166.86397066469698,161.53916480969883,165.79702236468145,57671000,GOOGL
2025-06-24,166.2956085205078,167.74148079179992,165.65742968002243,166.4451757427373,40524300,GOOGL
2025-06-25,170.1944580078125,171.86968681108624,167.0733722889804,167.15314653822034,35479000,GOOGL
2025-06-26,173.0463409423828,173.19592338119924,169.4565906415466,171.9394978428303,31796700,GOOGL
2025-06-27,178.0221405029297,178.17170771682706,171.241481190895,173.046329910377,108140200,GOOGL
2025-06-30,175.7286834716797,180.7144602330707,174.08338322657394,180.26574336762212,63378900,GOOGL
2025-07-01,175.33978271484375,175.58907153758963,173.03635642713306,175.24007631497474,35904500,GOOGL
2025-07-02,178.1318359375,178.35121133766924,174.57199915363273,175.04064818266679,29128900,GOOGL
2025-07-03,179.01930236816406,179.15890351135596,176.54636131074304,177.9922335542414,21689700,GOOGL
2025-07-07,176.28707885742188,178.78994839919216,175.1802358653973,178.550625649566,34175600,GOOGL
2025-07-08,173.86399841308594,177.44378228214464,172.31840465770773,177.34407588154812,40442500,GOOGL
2025-07-09,176.11758422851562,178.92956979741228,172.27854501653255,174.75148618121452,43025600,GOOGL
2025-07-10,177.11473083496094,177.92242424511252,173.88395719435462,175.1304013990042,29252400,GOOGL
2025-07-11,179.6774139404297,180.91387676081473,175.97796112386152,176.28707682895777,34282900,GOOGL
2025-07-14,181.04351806640625,183.14751640721383,179.16886118965368,180.49507959550706,32536600,GOOGL
2025-07-15,181.48226928710938,183.69595532751242,181.08341324296114,182.28996266650833,33448300,GOOGL
2025-07-16,182.44952392578125,183.80565587223137,181.5121954195811,182.71876014286474,33104200,GOOGL
2025-07-17,183.05776977539062,183.53640005379035,179.96658229342344,181.6218637248093,31992600,GOOGL
2025-07-18,184.5335693359375,185.88970124039062,183.1874187229756,184.87259850820493,34014500,GOOGL
2025-07-21,189.55923461914062,189.74868135121883,185.62045888710102,185.720180506412,45803100,GOOGL
2025-07-22,190.7957000732422,191.10481579575136,186.9267476808465,190.9552485801447,44660200,GOOGL
2025-07-23,189.68885803222656,191.9823183810532,188.64184187130752,190.95524958744798,58681900,GOOGL
2025-07-24,191.6233367919922,197.38689334762466,190.45666688872916,196.46951227536783,74881700,GOOGL
2025-07-25,192.63046264648438,193.77720042486192,190.71592620592727,191.43387927305906,39785900,GOOGL
2025-07-28,192.0321807861328,193.49800038051387,190.29712498462092,193.0991291078416,38139500,GOOGL
2025-07-29,195.1931610107422,195.36267559548023,191.53360267868564,191.88259792418754,41389200,GOOGL
2025-07-30,195.970947265625,197.0379108346005,194.13618500265545,195.04360005779435,32445400,GOOGL
2025-07-31,191.35411071777344,195.43248777249184,190.54641729704366,195.15328548422434,51329200,GOOGL
2025-08-01,188.59201049804688,190.28717167835873,187.2857393250735,188.49228886934085,34832200,GOOGL
2025-08-04,194.4851837158203,194.7145404143055,189.57918094353215,189.7486955367273,31547400,GOOGL
2025-08-05,194.11622619628906,197.2971541323202,193.33844625639603,194.1561209300893,31602300,GOOGL
2025-08-06,195.53219604492188,196.0706684741306,193.11908183595835,193.94672263242092,21562900,GOOGL
2025-08-07,195.96096801757812,196.9780554903085,193.77719542929833,196.49942519635405,26321800,GOOGL
2025-08-08,200.84701538085938,202.03363260270996,196.60910542589713,196.65896623314958,39161800,GOOGL
2025-08-11,200.42822265625,200.90685295750995,198.50372015999918,200.36839577051538,25832400,GOOGL
2025-08-12,202.7615509033203,203.91825467935456,200.01937388440479,200.79715378526663,30397900,GOOGL
2025-08-13,201.385498046875,203.94817934449617,196.94814463612107,203.5493232968563,28342900,GOOGL
2025-08-14,202.3627166748047,203.85844975532365,200.65757426824428,200.9268104830451,25230400,GOOGL
2025-08-15,203.31996154785156,205.85274455493158,200.70741950553764,203.270115954676,34931400,GOOGL
2025-08-18,202.92111206054688,204.68608127587706,201.91399064284568,203.61911775674488,18526600,GOOGL
2025-08-19,200.9966278076172,202.86130359723919,199.39120695287482,202.45246621827235,24240200,GOOGL
2025-08-20,198.7530059814453,200.70742189093835,196.04074228977996,200.15898342104597,28955500,GOOGL
2025-08-21,199.18179321289062,201.90402322277677,198.8626961782015,199.18179321289062,19774600,GOOGL
2025-08-22,205.5037384033203,207.9467659198768,200.7273710651735,202.15329588435108,42827000,GOOGL
2025-08-25,207.89691162109375,209.92113563994843,204.69603644956018,205.84275894542606,29928900,GOOGL
2025-08-26,206.55075073242188,207.258737698756,205.11484464858782,206.91969332896332,28464100,GOOGL
2025-08-27,206.88978576660156,208.31572581537765,205.0649896678173,205.11485047791405,23022900,GOOGL
2025-08-28,211.03794860839844,211.61630051242363,206.31142697470574,206.66043741838072,32339300,GOOGL
2025-08-29,212.30435180664062,214.03939239893296,209.60205408045064,209.91116980825524,39728400,GOOGL
2025-09-02,210.74879455566406,211.0778424398192,205.61343524607918,207.84706876322787,47523000,GOOGL
2025-09-03,230.0038604736328,230.65200537566233,224.15054812619755,225.5665221360729,103336100,GOOGL
2025-09-04,231.63917541503906,231.70896837288984,225.46678177531555,228.99670478436465,51684200,GOOGL
2025-09-05,234.33152770996094,235.08936036459093,231.2403397689098,231.5394894431058,46588900,GOOGL
2025-09-08,233.5829620361328,237.66498669397225,233.21368944217105,235.01017746372742,32474700,GOOGL
2025-09-09,239.16204833984375,240.00040430810463,232.7745373112583,233.71270408816554,38061000,GOOGL
2025-09-10,238.7029571533203,241.18810026950004,237.38554271234008,238.4334801337364,35141100,GOOGL
2025-09-11,239.90060424804688,241.77693788592924,235.78865459463688,239.41157085914617,30599300,GOOGL
2025-09-12,240.32977294921875,241.60727216892423,237.53523769524105,239.90060472674395,26771600,GOOGL
2025-09-15,251.11865234375,251.91709313601174,244.18222746714693,244.18222746714693,58383800,GOOGL
2025-09-16,250.66954040527344,252.54585880051692,248.98283818718852,251.58774200911427,34109700,GOOGL
2025-09-17,249.04270935058594,251.10867430438276,245.7990560449756,250.7294115061419,34108000,GOOGL
2025-09-18,251.537841796875,253.49402106561863,249.31220074129322,251.18851917528045,31239500,GOOGL
2025-09-19,254.22259521484375,255.5000944688687,251.31827407979023,252.7554645478164,55571400,GOOGL
2025-09-22,252.036865234375,255.28051872493555,249.81122418035432,253.93314887572123,32290500,GOOGL
2025-09-23,251.16856384277344,253.8632882566711,249.9908602190898,252.54585863312587,26628000,GOOGL
2025-09-24,246.6573944091797,251.85722723296598,245.95876438662486,251.16857220037895,28201000,GOOGL
2025-09-25,245.3100128173828,246.0086580355356,240.26988667693965,243.92272782855147,31020400,GOOGL
2025-09-26,246.05853271484375,248.9329133223502,245.48965376985265,246.58751170438376,18503200,GOOGL
2025-09-29,243.57342529296875,250.6595513653868,242.2959260790964,247.36600774683615,32505800,GOOGL
2025-09-30,242.6252899169922,242.8149061000678,238.78280195485732,242.33584768941728,34724300,GOOGL
2025-10-01,244.42176818847656,245.81904349162184,238.14405761597214,240.27987814588698,31658200,GOOGL
2025-10-02,245.21022033691406,246.32802833371,241.82684091969116,244.67126631775048,25483300,GOOGL
2025-10-03,244.87088012695312,245.8190218960462,241.18808361984188,244.01255894852343,30249600,GOOGL
2025-10-06,249.94094848632812,250.82922509816828,244.10238160883648,244.30198799944458,28894700,GOOGL
2025-10-07,245.2800750732422,249.95094390133718,245.04055349112926,247.78518329877946,23181300,GOOGL
2025-10-08,244.14230346679688,245.52958847857047,243.3438778825467,244.4816510919942,21307100,GOOGL
2025-10-09,241.05833435058594,244.28202248032238,238.68297718710045,243.99259549865826,27892100,GOOGL
2025-10-10,236.10801696777344,243.61332042411627,235.37943159764913,240.9585114020794,33180300,GOOGL
2025-10-13,243.6732177734375,244.02254038501275,239.2419009980627,239.74092459803205,24995000,GOOGL
2025-10-14,244.97068786621094,246.63742490132327,240.04033214741565,240.75892736637323,22111600,GOOGL
2025-10-15,250.539794921875,251.6176877577252,245.50964358356617,246.76717761089535,27007700,GOOGL
2025-10-16,250.9689483642578,256.4581925767255,249.61160360230107,251.27834055068328,27997200,GOOGL
2025-10-17,252.80535888671875,253.72356048353365,247.32607427452788,250.27031046967195,29671600,GOOGL
2025-10-20,256.04901123046875,256.82748687148535,253.73354951664797,254.19265795496185,22350200,GOOGL
2025-10-21,249.9709014892578,254.38226816359625,243.6732110393333,254.24254216862593,47312100,GOOGL
2025-10-22,251.19850158691406,255.85936494298178,248.8031791754094,253.87326076642051,35029400,GOOGL
2025-10-23,252.58578491210938,254.54194887812838,251.35819113136333,252.48597410141812,19901400,GOOGL
2025-10-24,259.4124450683594,261.16898745224296,254.82142179583195,256.07894057309267,28655100,GOOGL
2025-10-27,268.744140625,269.61246721569535,263.76389517627246,264.3028491565017,35235200,GOOGL
2025-10-28,266.94769287109375,270.20133657580493,265.9795858431389,269.1633589320839,29738600,GOOGL
2025-10-29,274.0338439941406,274.802329420885,267.14732397902117,267.2271543584551,43580300,GOOGL
2025-10-30,280.93035888671875,291.02060225143094,279.51311834988803,291.02060225143094,74876000,GOOGL
2025-10-31,280.640869140625,285.44147330040244,276.48898951038876,282.65691333682474,39267900,GOOGL
2025-11-03,283.16595458984375,284.97241759660864,279.25359613963377,281.62895336390585,29786000,GOOGL
2025-11-04,276.9980163574219,280.7207127582489,275.72051721535576,276.20955057551157,30078400,GOOGL
2025-11-05,283.7547912597656,285.86068664735006,276.79840119805726,278.32541216487215,31010300,GOOGL
2025-11-06,284.1939392089844,287.78691520805194,280.59100344938025,284.77279318145315,37173600,GOOGL
2025-11-07,278.28546142578125,283.22580678831247,274.6525857946798,282.656912627443,34479600,GOOGL
2025-11-10,289.5334777832031,290.2320924976737,282.30759586857965,283.8645774088431,29557300,GOOGL
2025-11-11,290.7411193847656,291.34994399814246,286.75892091303916,287.18807388729897,19842100,GOOGL
2025-11-12,286.15008544921875,291.43975353768866,283.1359940674285,291.11038092678234,24829900,GOOGL
2025-11-13,278.0260314941406,282.2876823136169,276.69861158680555,281.7886586854728,29494000,GOOGL
2025-11-14,275.8702087402344,278.01600396166356,270.1713681999226,270.8799731285475,31647200,GOOGL
2025-11-17,284.46337890625,293.3759628274161,283.01622885841863,285.22190446328057,52670200,GOOGL
2025-11-18,283.724853515625,288.236015842567,277.65674001133203,287.3577599014325,49158700,GOOGL
2025-11-19,292.2381896972656,303.21670857801746,286.07026549054086,286.5992292728396,68198900,GOOGL
2025-11-20,288.884765625,305.8216273232207,288.1062900504894,303.94529376978943,62025200,GOOGL
2025-11-21,299.0747985839844,303.32648898994427,293.2761473513388,295.84113571634185,74137700,GOOGL
2025-11-24,317.9578552246094,318.85612204740676,308.9954110970811,310.52242205466104,85165100,GOOGL
2025-11-25,322.8083801269531,328.187838552192,317.0296784660599,325.5729598317621,88632100,GOOGL
2025-11-26,319.3252258300781,323.86632857763385,316.1713929045335,320.053780820363,51373400,GOOGL
2025-11-28,319.55474853515625,326.2117368304371,316.1713843298485,322.73852157316225,26018600,GOOGL
2025-12-01,314.2751159667969,319.2254218425781,313.27706870792247,317.0796263275952,41183000,GOOGL
2025-12-02,315.1932678222656,317.75825630619534,313.29698432996054,316.1214443613123,35854700,GOOGL
2025-12-03,319.0058288574219,320.9520026070636,313.4866291038915,315.2731421058358,41838300,GOOGL
2025-12-04,316.999755859375,321.73048997615604,314.0854750084747,321.6007694211511,31240900,GOOGL
2025-12-05,320.6426086425781,322.52893244489843,318.5467339173106,318.86608586892413,28851700,GOOGL
2025-12-08,313.3121643066406,320.02342950621124,310.8154143139121,319.63392187795114,33909400,GOOGL
2025-12-09,316.66778564453125,317.57660631064704,311.4945269093235,311.96391713296777,30194000,GOOGL
2025-12-10,319.7937316894531,320.8923078304596,314.27092168020465,315.4194206321133,33428900,GOOGL
2025-12-11,312.02386474609375,320.70257104825845,308.19885677560706,319.66391441105065,42353700,GOOGL
2025-12-12,308.887939453125,314.46067218572114,305.1627773855729,313.29221022339095,35940200,GOOGL
2025-12-15,307.8193359375,311.0151883437652,304.4836813703359,310.91531224146183,29151900,GOOGL
2025-12-16,306.1714782714844,310.3660001485481,302.1966411442108,304.55358908476643,30585000,GOOGL
2025-12-17,296.3342590332031,307.6894729197007,295.7350329501308,307.60959033164653,43930400,GOOGL
2025-12-18,302.0668029785156,303.56485302569047,298.8410213827925,301.32777470817274,33518000,GOOGL
2025-12-19,306.7607116699219,306.85059101726483,300.5787559089981,301.33777770154796,59943200,GOOGL
2025-12-22,309.3773193359375,309.7268704705607,304.90313186415943,309.4771954426739,26429900,GOOGL
2025-12-23,313.94134521484375,314.5305745464577,308.91788552805923,309.2274800840275,25478700,GOOGL
2025-12-24,313.6816711425781,314.67037436380235,311.5145092668577,314.360779810128,10097400,GOOGL
2025-12-26,313.10247802734375,314.6804107746781,311.8740659325972,314.0712183432231,10899000,GOOGL
2025-12-29,313.15240478515625,313.6117983030154,310.2162240166622,310.9652491009125,19621800,GOOGL
2025-12-30,313.4420166015625,316.5379928503015,312.0538089034933,312.09376543928346,17380900,GOOGL
2025-12-31,312.5931091308594,314.17104176667254,311.03513952358344,312.4433102220648,16377700,GOOGL
2026-01-02,314.74029541015625,322.0807464242433,309.9265541489014,316.4880203907529,32009400,GOOGL
2026-01-05,316.1285095214844,318.60526603903236,314.2209888461081,317.2470486555906,30195600,GOOGL
2026-01-06,313.9313659667969,320.5227923064431,311.3746963103618,315.9886856047422,31212100,GOOGL
2026-01-07,321.56146240234375,325.72602466406613,313.78158025326775,313.9513421990662,35104400,GOOGL
2026-01-08,325.0169372558594,329.8905982345552,321.08205673508803,328.54234711069296,31896100,GOOGL
2026-01-09,328.14288330078125,330.3999246926398,325.37646465172014,326.6647962522232,26214200,GOOGL
2026-01-12,331.4285888671875,333.6057781716088,324.5775210522192,325.37646891287716,33923900,GOOGL
2026-01-13,335.5332336425781,340.04734658205444,333.18628259299794,334.5145706345901,33517600,GOOGL
2026-01-14,335.4034118652344,336.08252056576845,330.05039437456895,334.62442706687915,28525600,GOOGL
2026-01-15,332.347412109375,337.25103316994193,330.3100554080323,337.2110766328429,28442400,GOOGL
2026-01-16,329.5710144042969,334.2149635116852,327.27401649506595,333.97528525413946,40341600,GOOGL
2026-01-20,321.5814208984375,327.30398324237245,320.01345448184367,320.4528849486331,35361000,GOOGL
2026-01-21,327.953125,332.0478012719212,318.9348648307384,320.50283121296127,35386600,GOOGL
2026-01-22,330.11029052734375,334.7142826747097,328.3226090802118,334.0152109953496,26253600,GOOGL
2026-01-23,327.5036926269531,333.2562145369407,327.0243361197249,332.05776231305794,27280000,GOOGL
2026-01-26,332.8267822265625,335.4034148973675,326.5749102768944,327.3838548641184,26042100,GOOGL
2026-01-27,334.1150817871094,337.4707297257924,333.04649592160257,334.93402312381306,21636200,GOOGL
2026-01-28,335.57318115234375,337.10119086219134,331.5084650266126,335.6231039588608,27434400,GOOGL
2026-01-29,337.810302734375,341.8450595994438,326.11553330804276,339.857625711299,39785600,GOOGL
2026-01-30,337.56060791015625,339.5580079569619,331.8580393103398,339.5580079569619,31024000,GOOGL
2026-02-02,343.2431945800781,344.38169669555197,335.193675272949,335.7829045969607,32006100,GOOGL
2026-02-03,339.26837158203125,348.5463032010534,337.0312933144156,346.8884575284791,36506700,GOOGL
2026-02-04,332.6070861816406,342.8637251238478,328.0929422734009,342.51417399710857,70618400,GOOGL
2026-02-05,330.81939697265625,332.2575275064077,306.06161379445837,311.81413592946416,88205800,GOOGL
2026-02-06,322.4402770996094,329.95052083207565,319.50412705068965,326.75466854448496,56380500,GOOGL
2026-02-09,323.8984069824219,327.2740180221729,316.84758707958963,320.5127991892576,39640100,GOOGL
2026-02-10,318.16583251953125,321.25184233940706,314.2009923012897,320.5527401483992,39170000,GOOGL
2026-02-11,310.55572509765625,320.6426005966259,309.25742736560915,318.5553213774315,45406400,GOOGL
2026-02-12,308.59832763671875,315.82890653132813,306.80067966689137,311.684307255737,47761300,GOOGL
2026-02-13,305.32257080078125,308.2287915112591,303.31517401115394,307.32996759040856,38499700,GOOGL
2026-02-17,301.6273498535156,304.0442171582303,295.86486207725466,299.6499434457439,39247600,GOOGL
2026-02-18,302.9356689453125,304.983022308801,300.8583862777236,301.6972906518214,28482100,GOOGL
2026-02-19,302.456298828125,305.0728879320441,299.64995428739604,301.42763905495286,25834400,GOOGL
2026-02-20,314.570556640625,316.0885697634931,303.5049428811186,303.9244103176242,53210800,GOOGL
2026-02-23,311.0850524902344,319.1046122516075,309.4671633706354,318.6352220336332,31423000,GOOGL
2026-02-24,310.495849609375,311.8640638461802,305.53230897934316,310.11633870149166,25615600,GOOGL
2026-02-25,312.4932556152344,313.23231441520727,309.03776179839537,311.65435118745364,29963600,GOOGL
2026-02-26,306.98040771484375,312.73292940852764,301.95694798569707,312.2335794136705,36431200,GOOGL
2026-02-27,311.354736328125,311.9639287272481,303.4050620118916,303.7446468483449,44640600,GOOGL
2026-03-02,306.12152099609375,308.0889612664211,300.908305641281,302.83581985466094,34790200,GOOGL
2026-03-03,303.1853332519531,303.5448811012492,296.3242691134317,298.2018299939976,35497000,GOOGL
2026-03-04,302.7359619140625,305.07291645770977,300.3590508331652,302.49628364637806,29536200,GOOGL
2026-03-05,300.4888916015625,302.90572878105803,297.60263367704704,302.6460874794852,35752300,GOOGL
2026-03-06,298.1319274902344,300.1393243405422,294.7962729857715,295.7050936872067,25576900,GOOGL
2026-03-09,306.1770935058594,306.6168332730834,293.9044256827884,294.1842573074437,29312100,GOOGL
2026-03-10,306.8567199707031,309.3252467158022,305.3875962722132,305.98724420005084,23239700,GOOGL
2026-03-11,308.5157470703125,311.23412470378855,305.7374076911934,306.56689883882945,24125700,GOOGL
2026-03-12,303.3687744140625,308.7555713296518,300.8502897843219,306.636841807898,24928300,GOOGL
2026-03-13,302.09954833984375,307.50632242162294,300.26065041451466,306.8267356773544,23693100,GOOGL
2026-03-16,305.3775939941406,306.3070315122431,302.8391017033621,304.16832484157635,23519700,GOOGL
2026-03-17,310.7344055175781,311.2341070358109,305.3176276402165,305.67739809365116,21955200,GOOGL
2026-03-18,307.5063171386719,312.28346234614037,306.74676108497374,309.0853604878573,20009800,GOOGL
2026-03-19,306.9466552734375,307.8760927647981,302.16951004441273,303.8285227221892,25075800,GOOGL
2026-03-20,300.8203125,305.8173276578073,298.0919312440676,305.2776414809433,44364100,GOOGL
2026-03-23,301.87969970703125,305.7973733016039,300.75036931754545,301.92965766257777,29326900,GOOGL
2026-03-24,290.2666320800781,299.7409842283802,290.15668188195673,299.02141279307426,36864300,GOOGL
2026-03-25,290.7563171386719,295.82329783701033,289.0673235725591,293.2648285118823,29460700,GOOGL
2026-03-26,280.7523193359375,287.7781215852462,278.33375052565475,287.7381369232671,39080600,GOOGL
2026-03-27,274.1762390136719,279.203235317384,273.7864876697142,277.1144865271076,35890600,GOOGL
2026-03-30,273.33673095703125,276.9245842043685,271.9475460941929,276.2550012483934,35141200,GOOGL
2026-03-31,287.3883361816406,287.9080147834651,276.9245851168754,277.87403020607053,43875400,GOOGL
2026-04-01,297.2124938964844,300.34059988895723,290.23664948178913,290.6663854824321,37684500,GOOGL
2026-04-02,295.59344482421875,297.90206355243157,289.2772403921399,290.5164904801884,21666500,GOOGL
2026-04-06,299.8109130859375,300.4405418912755,295.0037868253031,295.69337737406744,16945500,GOOGL
2026-04-07,305.27764892578125,305.4475608650088,297.5422790326475,302.54929810267237,23205400,GOOGL
2026-04-08,317.1305847167969,321.88772251879675,314.8319393907938,320.25872115869026,33547100,GOOGL
2026-04-09,318.29986572265625,319.3492572184689,310.8743084256086,315.72141928886384,23739200,GOOGL
2026-04-10,317.0506286621094,321.6378852163977,316.1311948927162,319.8289680511782,19152600,GOOGL
2026-04-13,321.1181945800781,321.43801087893695,315.28168437302884,316.9507009019676,18866400,GOOGL
2026-04-14,332.7112731933594,333.09105123243734,323.5567375910905,324.59612530340485,27721400,GOOGL
2026-04-15,336.91876220703125,337.278563176308,330.70247381548376,332.69130668872015,24918800,GOOGL
2026-04-16,335.81939697265625,339.67710854893676,334.3202924195682,338.5477782390461,20541500,GOOGL
2026-04-17,341.4760437011719,342.1156763245155,336.0392884001999,337.4484504303517,25581900,GOOGL
2026-04-20,337.2185974121094,341.1962021124509,336.40905286572576,340.55660000710446,18784200,GOOGL
2026-04-21,332.0916442871094,339.13742351057505,331.1522029907326,337.48841459650436,23123800,GOOGL
2026-04-22,339.1174621582031,339.6171637007564,334.96994545488326,336.818816762841,20293000,GOOGL
2026-04-23,338.6877136230469,341.7558578013153,335.97930940305434,340.9763246437424,18650300,GOOGL
2026-04-24,344.19439697265625,345.06387272769797,335.1897964239415,338.5277988797623,26426100,GOOGL
2026-04-27,350.130859375,352.9691603649003,342.5254168368208,345.77347673538645,28576900,GOOGL
2026-04-28,349.5711975097656,352.20963620070955,345.91337868788094,348.34192077884484,27824100,GOOGL
2026-04-29,349.7311096191406,355.5776236260777,344.0045190996302,347.36252924438134,35376300,GOOGL
2026-04-30,384.5702819824219,385.6096696957082,365.60163158627074,373.8467067603946,72040000,GOOGL
2026-05-01,385.45977783203125,386.52914645154755,378.82372671588394,381.4022037517389,30105200,GOOGL
2026-05-04,383.0212097167969,387.14874909409923,379.56328378663693,385.39979379858875,26298600,GOOGL
2026-05-05,388.1981201171875,392.58551415458055,383.79074899852696,385.99945170269467,23878600,GOOGL
2026-05-06,397.8023986816406,399.61131576273664,392.52555179602564,394.0146525811788,31308500,GOOGL
2026-05-07,397.7524108886719,399.8611671879692,392.4455831227277,399.6812819584635,24433500,GOOGL
2026-05-08,400.56072998046875,401.76002583943523,396.1233780013978,396.7630105926761,21461800,GOOGL
2026-05-11,388.40802001953125,397.2027547509894,388.23810807955056,393.41500861238904,30753700,GOOGL
2026-05-12,387.1187744140625,388.28805889354703,382.541491402114,387.10877062384725,26017500,GOOGL
2026-05-13,402.3796691894531,403.4590416115898,384.77019153718186,385.3698394939953,28144600,GOOGL
2026-05-14,400.8305969238281,402.6894719958145,395.6037078837972,397.04285074569174,21136700,GOOGL
2026-05-15,396.54315185546875,399.30151410906007,392.9452946767326,396.0834349796574,20309700,GOOGL
2026-05-18,396.70306396484375,408.36608091552193,394.29449886421145,395.4538101055549,26837200,GOOGL
2026-05-19,387.4285888671875,396.91291402359946,385.8794958446922,396.72302500471704,39545700,GOOGL
2026-05-20,388.6778564453125,393.62488340369265,382.6714341601505,387.4685872554011,31744400,GOOGL
2026-05-21,387.4285888671875,392.2656959548347,382.7913440893277,385.46976743485186,24852800,GOOGL
2026-05-22,382.74139404296875,388.5079387636157,381.54209816202837,387.1187843592316,20442100,GOOGL
2026-05-26,388.6478576660156,389.0276356997364,382.3716078175452,384.2804712769477,27747400,GOOGL
2026-05-27,388.5978698730469,393.64487351491664,385.66962629134815,386.4391861502527,23087300,GOOGL
2026-05-28,389.8971252441406,391.6360768291116,384.9300907577927,387.76839182151133,24357500,GOOGL
2026-05-29,380.1129455566406,385.0100143138995,378.2340629764561,385.0100143138995,44415800,GOOGL
2026-06-01,376.14532470703125,378.3340198477676,373.2970198869562,376.2952290661171,28672100,GOOGL
2026-06-02,361.6340026855469,373.31702687507857,358.2260345973877,366.371163421305,50412300,GOOGL
2026-06-03,358.77569580078125,366.2312646097652,357.8662353535933,361.81388965190393,55441600,GOOGL
2026-06-04,371.96783447265625,373.0271992966173,357.99616844622375,358.68575901079333,44055500,GOOGL
2026-06-05,368.30999755859375,371.8578661166277,363.90262653478294,366.1213024821565,37471200,GOOGL
2026-06-08,363.30999755859375,366.20001220703125,360.5299987792969,365.17999267578125,27942500,GOOGL
2026-06-09,364.260009765625,372.0799865722656,357.29998779296875,367.0899963378906,29535100,GOOGL
2026-06-10,356.3800048828125,368.55999755859375,355.20001220703125,363.19000244140625,32357100,GOOGL
2026-06-11,357.7699890136719,358.79998779296875,346.3599853515625,355.92999267578125,35538200,GOOGL
2026-06-12,359.67999267578125,366.57000732421875,354.94000244140625,362.6199951171875,24704600,GOOGL
2026-06-15,369.3500061035156,372.989990234375,366.54998779296875,367.92999267578125,27727500,GOOGL
2026-06-16,373.25,376.0,367.05999755859375,369.6000061035156,24876100,GOOGL
2026-06-17,363.7900085449219,372.3299865722656,362.0199890136719,369.1300048828125,24543600,GOOGL
2026-06-18,368.0299987792969,369.4800109863281,358.6700134277344,365.75,44470100,GOOGL
2026-06-22,349.67999267578125,358.9200134277344,341.7200012207031,357.95001220703125,52814800,GOOGL
2026-06-23,346.1300048828125,349.2900085449219,340.20001220703125,340.69000244140625,34007700,GOOGL
2026-06-24,345.2900085449219,353.4800109863281,341.92999267578125,349.0400085449219,44997300,GOOGL
2026-06-25,343.7099914550781,345.57000732421875,335.8399963378906,336.7300109863281,44491400,GOOGL
2026-06-26,337.3900146484375,346.3599853515625,330.20001220703125,342.54998779296875,114706300,GOOGL
2026-06-29,353.6499938964844,354.3500061035156,340.6700134277344,341.8299865722656,34213900,GOOGL
2026-06-30,357.3699951171875,358.6199951171875,350.3999938964844,353.8699951171875,35237200,GOOGL
2026-07-01,361.2099914550781,362.9700012207031,356.42999267578125,358.3699951171875,26736400,GOOGL
2026-07-02,359.9100036621094,364.2099914550781,353.4200134277344,359.4800109863281,25974800,GOOGL
2026-07-06,366.4599914550781,367.92999267578125,357.3800048828125,361.54998779296875,26915800,GOOGL
2026-07-07,367.0299987792969,373.1600036621094,365.5,369.07000732421875,24045600,GOOGL
2026-07-08,361.9200134277344,367.8399963378906,358.0199890136719,364.760009765625,22094800,GOOGL
2026-07-09,358.8900146484375,359.6499938964844,351.0799865722656,354.30999755859375,24729100,GOOGL
2026-07-10,357.17999267578125,357.82000732421875,352.75,357.5299987792969,18146100,GOOGL
2026-07-13,352.510009765625,358.1300048828125,351.75,356.19000244140625,15901700,GOOGL
2026-07-14,359.510009765625,360.1600036621094,351.0899963378906,351.20001220703125,18259400,GOOGL
2026-07-15,370.9200134277344,373.6499938964844,357.760009765625,357.9700012207031,28284600,GOOGL
2026-07-16,354.4599914550781,375.2699890136719,352.29998779296875,373.05999755859375,41158500,GOOGL
2026-07-17,346.7699890136719,348.5199890136719,341.3599853515625,346.0,29959300,GOOGL
2026-07-20,351.989990234375,359.67999267578125,350.5199890136719,350.8800048828125,24736600,GOOGL
2026-07-21,347.1499938964844,351.32000732421875,347.0,351.32000732421875,23369800,GOOGL
2026-07-22,342.0899963378906,349.94000244140625,341.7300109863281,348.1600036621094,39334100,GOOGL
2026-07-23,317.69000244140625,324.489990234375,314.8999938964844,321.1300048828125,69419700,GOOGL
2026-07-24,319.739990234375,324.17999267578125,317.32000732421875,318.4200134277344,31806600,GOOGL
2026-07-27,326.55999755859375,330.4200134277344,324.45001220703125,325.0400085449219,28471600,GOOGL
2026-07-28,333.7099914550781,335.8800048828125,324.44000244140625,327.8999938964844,29511900,GOOGL
2026-07-29,336.7099914550781,342.5,331.6199951171875,334.6700134277344,27501600,GOOGL
2026-07-30,333.6600036621094,336.510009765625,330.3399963378906,334.20001220703125,30168000,GOOGL
2026-07-31,356.1300048828125,358.5799865722656,340.0,340.8299865722656,46498000,GOOGL
2026-08-03,373.510009765625,376.69000244140625,363.3500061035156,365.45001220703125,38669700,GOOGL
2026-08-04,377.6499938964844,380.5199890136719,367.5,368.2200012207031,35705700,GOOGL
2026-08-05,362.42999267578125,384.4800109863281,356.7699890136719,383.3399963378906,46926300,GOOGL
2026-08-06,357.75,364.1300048828125,356.8800048828125,360.7699890136719,25186500,GOOGL
2026-08-07,355.4100036621094,358.8999938964844,353.7799987792969,356.7650146484375,10389978,GOOGL
2024-08-07,162.77000427246094,167.5800018310547,161.42999267578125,166.5500030517578,48408200,AMZN
2024-08-08,165.8000030517578,166.69000244140625,162.5500030517578,165.1699981689453,44616200,AMZN
2024-08-09,166.94000244140625,168.5500030517578,165.85000610351562,166.39999389648438,36401000,AMZN
2024-08-12,166.8000030517578,168.5500030517578,166.11000061035156,168.13999938964844,30072800,AMZN
2024-08-13,170.22999572753906,171.0399932861328,167.10000610351562,167.80999755859375,39237900,AMZN
2024-08-14,170.10000610351562,172.27999877929688,168.86000061035156,172.11000061035156,28843800,AMZN
2024-08-15,177.58999633789062,177.91000366210938,173.99000549316406,174.86000061035156,51698500,AMZN
2024-08-16,177.05999755859375,178.33999633789062,176.25999450683594,177.0399932861328,31489200,AMZN
2024-08-19,178.22000122070312,178.3000030517578,176.16000366210938,177.63999938964844,31129800,AMZN
2024-08-20,178.8800048828125,179.00999450683594,177.42999267578125,177.9199981689453,26255200,AMZN
2024-08-21,180.11000061035156,182.38999938964844,178.88999938964844,179.9199981689453,35599100,AMZN
2024-08-22,176.1300048828125,181.47000122070312,175.67999267578125,181.3800048828125,32047500,AMZN
2024-08-23,177.0399932861328,178.97000122070312,175.24000549316406,177.33999633789062,29150100,AMZN
2024-08-26,175.5,177.47000122070312,174.3000030517578,176.6999969482422,22366200,AMZN
2024-08-27,173.1199951171875,174.88999938964844,172.25,174.14999389648438,29842000,AMZN
2024-08-28,170.8000030517578,173.69000244140625,168.9199981689453,173.69000244140625,29045000,AMZN
2024-08-29,172.1199951171875,174.2899932861328,170.80999755859375,173.22000122070312,26407800,AMZN
2024-08-30,178.5,178.89999389648438,172.60000610351562,172.77999877929688,43429400,AMZN
2024-09-03,176.25,178.25999450683594,175.25999450683594,177.5500030517578,37817500,AMZN
2024-09-04,173.3300018310547,175.97999572753906,172.5399932861328,174.47999572753906,30309200,AMZN
2024-09-05,177.88999938964844,179.8800048828125,175.0,175.0,40170500,AMZN
2024-09-06,171.38999938964844,178.3800048828125,171.16000366210938,177.24000549316406,41466500,AMZN
2024-09-09,175.39999389648438,175.85000610351562,173.50999450683594,174.52999877929688,29037400,AMZN
2024-09-10,179.5500030517578,180.5,176.7899932861328,177.49000549316406,36233800,AMZN
2024-09-11,184.52000427246094,184.99000549316406,175.72999572753906,180.10000610351562,42564700,AMZN
2024-09-12,187.0,187.41000366210938,183.5399932861328,184.8000030517578,33544200,AMZN
2024-09-13,186.49000549316406,188.5,185.91000366210938,187.0,26495400,AMZN
2024-09-16,184.88999938964844,185.80999755859375,183.36000061035156,185.2899932861328,26065500,AMZN
2024-09-17,186.8800048828125,189.4499969482422,186.13999938964844,186.85000610351562,26091700,AMZN
2024-09-18,186.42999267578125,188.8000030517578,185.05999755859375,186.4499969482422,34448100,AMZN
2024-09-19,189.8699951171875,190.99000549316406,188.47000122070312,190.0399932861328,39543200,AMZN
2024-09-20,191.60000610351562,191.83999633789062,187.41000366210938,190.22999572753906,100378600,AMZN
2024-09-23,193.8800048828125,194.4499969482422,190.57000732421875,191.63999938964844,36993100,AMZN
2024-09-24,193.9600067138672,195.3699951171875,190.1300048828125,194.27000427246094,43478900,AMZN
2024-09-25,192.52999877929688,193.9499969482422,192.16000366210938,193.75,26391100,AMZN
2024-09-26,191.16000366210938,194.52999877929688,189.5399932861328,194.30999755859375,36334900,AMZN
2024-09-27,187.97000122070312,190.89999389648438,187.33999633789062,190.67999267578125,36002300,AMZN
2024-09-30,186.3300018310547,188.49000549316406,184.64999389648438,187.13999938964844,41583900,AMZN
2024-10-01,185.1300048828125,186.19000244140625,183.4499969482422,184.89999389648438,36044900,AMZN
2024-10-02,184.75999450683594,186.60000610351562,184.0399932861328,184.44000244140625,23704100,AMZN
2024-10-03,181.9600067138672,183.44000244140625,180.8800048828125,183.0500030517578,30204300,AMZN
2024-10-04,186.50999450683594,187.60000610351562,183.60000610351562,185.75,40890300,AMZN
2024-10-07,180.8000030517578,183.60000610351562,180.25,182.9499969482422,42364200,AMZN
2024-10-08,182.72000122070312,183.08999633789062,180.9199981689453,181.9199981689453,26372100,AMZN
2024-10-09,185.1699981689453,185.85000610351562,182.0500030517578,182.82000732421875,26343100,AMZN
2024-10-10,186.64999389648438,188.1300048828125,185.8300018310547,187.1300048828125,27785000,AMZN
2024-10-11,188.82000732421875,189.92999267578125,186.3000030517578,186.6300048828125,25751600,AMZN
2024-10-14,187.5399932861328,189.8300018310547,187.36000061035156,189.77999877929688,22614400,AMZN
2024-10-15,187.69000244140625,188.41000366210938,184.5800018310547,187.6300048828125,32178900,AMZN
2024-10-16,186.88999938964844,187.77999877929688,185.61000061035156,187.0500030517578,23456800,AMZN
2024-10-17,187.52999877929688,188.94000244140625,186.0,188.22000122070312,25039400,AMZN
2024-10-18,188.99000549316406,190.74000549316406,186.27999877929688,187.14999389648438,37417700,AMZN
2024-10-21,189.07000732421875,189.4600067138672,186.39999389648438,188.0500030517578,24639400,AMZN
2024-10-22,189.6999969482422,191.52000427246094,186.97999572753906,188.35000610351562,29650600,AMZN
2024-10-23,184.7100067138672,189.16000366210938,183.69000244140625,188.85000610351562,31937100,AMZN
2024-10-24,186.3800048828125,187.11000061035156,183.86000061035156,185.25,21647400,AMZN
2024-10-25,187.8300018310547,190.4499969482422,187.52999877929688,187.85000610351562,29362100,AMZN
2024-10-28,188.38999938964844,190.2100067138672,188.2100067138672,189.57000732421875,27930800,AMZN
2024-10-29,190.8300018310547,191.4600067138672,187.82000732421875,188.5800018310547,35690200,AMZN
2024-10-30,192.72999572753906,195.61000061035156,192.4199981689453,194.6999969482422,37707600,AMZN
2024-10-31,186.39999389648438,190.60000610351562,185.22999572753906,190.50999450683594,75146800,AMZN
2024-11-01,197.92999267578125,200.5,197.02000427246094,199.0,99687800,AMZN
2024-11-04,195.77999877929688,197.3300018310547,194.30999755859375,196.4499969482422,38492100,AMZN
2024-11-05,199.5,199.82000732421875,195.99000549316406,196.0399932861328,30564800,AMZN
2024-11-06,207.08999633789062,207.5500030517578,199.13999938964844,200.00999450683594,72292200,AMZN
2024-11-07,210.0500030517578,212.25,207.19000244140625,207.44000244140625,52878400,AMZN
2024-11-08,208.17999267578125,209.9600067138672,207.44000244140625,209.72000122070312,36075800,AMZN
2024-11-11,206.83999633789062,209.64999389648438,205.58999633789062,208.5,35456000,AMZN
2024-11-12,208.91000366210938,209.5399932861328,206.00999450683594,208.3699951171875,38942900,AMZN
2024-11-13,214.10000610351562,215.08999633789062,209.13999938964844,209.39999389648438,46212900,AMZN
2024-11-14,211.47999572753906,215.89999389648438,210.8800048828125,214.16000366210938,42620300,AMZN
2024-11-15,202.61000061035156,207.33999633789062,199.61000061035156,206.75999450683594,86591100,AMZN
2024-11-18,201.6999969482422,204.6699981689453,200.9499969482422,204.14999389648438,36409900,AMZN
2024-11-19,204.61000061035156,205.3000030517578,198.77999877929688,199.3300018310547,31197900,AMZN
2024-11-20,202.8800048828125,203.1300048828125,199.4499969482422,202.97999572753906,32769000,AMZN
2024-11-21,198.3800048828125,203.49000549316406,195.75,203.49000549316406,58800000,AMZN
2024-11-22,197.1199951171875,199.25999450683594,196.75,198.25,31530800,AMZN
2024-11-25,201.4499969482422,201.9499969482422,199.0,199.27999877929688,40685700,AMZN
2024-11-26,207.86000061035156,208.0,201.7899932861328,201.89999389648438,41673700,AMZN
2024-11-27,205.74000549316406,207.63999938964844,205.0500030517578,206.97999572753906,28061600,AMZN
2024-11-29,207.88999938964844,208.1999969482422,204.58999633789062,205.8300018310547,24892400,AMZN
2024-12-02,210.7100067138672,212.99000549316406,209.50999450683594,209.9600067138672,39523200,AMZN
2024-12-03,213.44000244140625,214.02000427246094,209.64999389648438,210.30999755859375,32214800,AMZN
2024-12-04,218.16000366210938,220.0,215.75,215.9600067138672,48745700,AMZN
2024-12-05,220.5500030517578,222.14999389648438,217.3000030517578,218.02999877929688,41140200,AMZN
2024-12-06,227.02999877929688,227.14999389648438,220.60000610351562,220.75,44178100,AMZN
2024-12-09,226.08999633789062,230.0800018310547,225.6699981689453,227.2100067138672,46819400,AMZN
2024-12-10,225.0399932861328,229.05999755859375,224.1999969482422,226.08999633789062,31199900,AMZN
2024-12-11,230.25999450683594,231.1999969482422,226.25999450683594,226.41000366210938,35385800,AMZN
2024-12-12,228.97000122070312,231.08999633789062,227.6300048828125,229.8300018310547,28204100,AMZN
2024-12-13,227.4600067138672,230.1999969482422,225.86000061035156,228.39999389648438,28768100,AMZN
2024-12-16,232.92999267578125,233.0,228.00999450683594,230.22999572753906,37552100,AMZN
2024-12-17,231.14999389648438,232.72999572753906,227.85000610351562,232.38999938964844,35948100,AMZN
2024-12-18,220.52000427246094,231.39999389648438,220.11000061035156,230.77000427246094,43281400,AMZN
2024-12-19,223.2899932861328,226.08999633789062,222.9199981689453,224.91000366210938,39918700,AMZN
2024-12-20,224.9199981689453,226.2100067138672,218.72999572753906,219.83999633789062,88279200,AMZN
2024-12-23,225.05999755859375,226.8800048828125,223.89999389648438,225.00999450683594,28070000,AMZN
2024-12-24,229.0500030517578,229.13999938964844,226.1300048828125,226.94000244140625,15007500,AMZN
2024-12-26,227.0500030517578,228.5,226.6699981689453,228.5,16146700,AMZN
2024-12-27,223.75,226.02999877929688,220.89999389648438,225.60000610351562,27367100,AMZN
2024-12-30,221.3000030517578,223.0,218.42999267578125,220.05999755859375,28321200,AMZN
2024-12-31,219.38999938964844,223.22999572753906,218.94000244140625,222.97000122070312,24819700,AMZN
2025-01-02,220.22000122070312,225.14999389648438,218.19000244140625,222.02999877929688,33956600,AMZN
2025-01-03,224.19000244140625,225.36000061035156,221.6199951171875,222.50999450683594,27515600,AMZN
2025-01-06,227.61000061035156,228.83999633789062,224.83999633789062,226.77999877929688,31849800,AMZN
2025-01-07,222.11000061035156,228.3800048828125,221.4600067138672,227.89999389648438,28084200,AMZN
2025-01-08,222.1300048828125,223.52000427246094,220.1999969482422,223.19000244140625,25033300,AMZN
2025-01-10,218.94000244140625,221.7100067138672,216.5,221.4600067138672,36811500,AMZN
2025-01-13,218.4600067138672,219.39999389648438,216.47000122070312,218.05999755859375,27262700,AMZN
2025-01-14,217.75999450683594,221.82000732421875,216.1999969482422,220.44000244140625,24711700,AMZN
2025-01-15,223.35000610351562,223.57000732421875,220.75,222.8300018310547,31291300,AMZN
2025-01-16,220.66000366210938,224.64999389648438,220.30999755859375,224.4199981689453,24757300,AMZN
2025-01-17,225.94000244140625,226.50999450683594,223.0800018310547,225.83999633789062,42370100,AMZN
2025-01-21,230.7100067138672,231.77999877929688,226.94000244140625,228.89999389648438,39951500,AMZN
2025-01-22,235.00999450683594,235.44000244140625,231.19000244140625,232.02000427246094,41448200,AMZN
2025-01-23,235.4199981689453,235.52000427246094,231.50999450683594,234.10000610351562,26404400,AMZN
2025-01-24,234.85000610351562,236.39999389648438,232.92999267578125,234.5,25890700,AMZN
2025-01-27,235.4199981689453,235.61000061035156,225.86000061035156,226.2100067138672,49428300,AMZN
2025-01-28,238.14999389648438,241.77000427246094,233.97999572753906,234.2899932861328,41587200,AMZN
2025-01-29,237.07000732421875,240.38999938964844,236.14999389648438,239.02000427246094,26091700,AMZN
2025-01-30,234.63999938964844,237.9499969482422,232.22000122070312,237.13999938964844,32020700,AMZN
2025-01-31,237.67999267578125,240.2899932861328,236.41000366210938,236.5,36110200,AMZN
2025-02-03,237.4199981689453,239.25,232.89999389648438,234.05999755859375,37285900,AMZN
2025-02-04,242.05999755859375,242.52000427246094,238.02999877929688,239.00999450683594,29713800,AMZN
2025-02-05,236.1699981689453,238.32000732421875,235.1999969482422,237.02000427246094,38727300,AMZN
2025-02-06,238.8300018310547,239.66000366210938,236.00999450683594,238.00999450683594,60897100,AMZN
2025-02-07,229.14999389648438,234.80999755859375,228.05999755859375,232.5,77539300,AMZN
2025-02-10,233.13999938964844,233.9199981689453,229.1999969482422,230.5500030517578,35419900,AMZN
2025-02-11,232.75999450683594,233.44000244140625,230.1300048828125,231.9199981689453,23713700,AMZN
2025-02-12,228.92999267578125,231.17999267578125,228.16000366210938,230.4600067138672,32285200,AMZN
2025-02-13,230.3699951171875,230.4199981689453,227.52000427246094,228.85000610351562,31346500,AMZN
2025-02-14,228.67999267578125,229.88999938964844,227.22999572753906,229.1999969482422,27031100,AMZN
2025-02-18,226.64999389648438,229.3000030517578,223.72000122070312,228.82000732421875,42975100,AMZN
2025-02-19,226.6300048828125,226.8300018310547,223.7100067138672,225.52000427246094,28566700,AMZN
2025-02-20,222.8800048828125,225.1300048828125,221.80999755859375,224.77999877929688,30001700,AMZN
2025-02-21,216.5800018310547,223.30999755859375,214.74000549316406,223.27999877929688,55323900,AMZN
2025-02-24,212.7100067138672,217.72000122070312,212.4199981689453,217.4499969482422,42387600,AMZN
2025-02-25,212.8000030517578,213.33999633789062,204.16000366210938,211.6300048828125,58958000,AMZN
2025-02-26,214.35000610351562,218.16000366210938,213.08999633789062,214.94000244140625,39120600,AMZN
2025-02-27,208.74000549316406,219.97000122070312,208.3699951171875,218.35000610351562,40548600,AMZN
2025-02-28,212.27999877929688,212.6199951171875,206.99000549316406,208.64999389648438,51771700,AMZN
2025-03-03,205.02000427246094,214.00999450683594,202.5500030517578,213.35000610351562,42948400,AMZN
2025-03-04,203.8000030517578,206.8000030517578,197.42999267578125,200.11000061035156,60853100,AMZN
2025-03-05,208.36000061035156,209.97999572753906,203.25999450683594,204.8000030517578,38610100,AMZN
2025-03-06,200.6999969482422,205.77000427246094,198.3000030517578,204.39999389648438,49863800,AMZN
2025-03-07,199.25,202.27000427246094,192.52999877929688,199.49000549316406,59802800,AMZN
2025-03-10,194.5399932861328,196.72999572753906,190.85000610351562,195.60000610351562,62350900,AMZN
2025-03-11,196.58999633789062,200.17999267578125,193.39999389648438,193.89999389648438,54002900,AMZN
2025-03-12,198.88999938964844,201.52000427246094,195.2899932861328,200.72000122070312,43679300,AMZN
2025-03-13,193.88999938964844,198.8800048828125,191.82000732421875,198.1699981689453,41270800,AMZN
2025-03-14,197.9499969482422,198.64999389648438,195.32000732421875,197.41000366210938,38096700,AMZN
2025-03-17,195.74000549316406,199.0,194.32000732421875,198.77000427246094,47341800,AMZN
2025-03-18,192.82000732421875,194.0,189.3800048828125,192.52000427246094,40414900,AMZN
2025-03-19,195.5399932861328,195.97000122070312,191.9600067138672,193.3800048828125,39442900,AMZN
2025-03-20,194.9499969482422,199.32000732421875,192.3000030517578,193.07000732421875,38921100,AMZN
2025-03-21,196.2100067138672,196.99000549316406,192.52000427246094,192.89999389648438,60056900,AMZN
2025-03-24,203.25999450683594,203.63999938964844,199.9499969482422,200.0,41625400,AMZN
2025-03-25,205.7100067138672,206.2100067138672,203.22000122070312,203.60000610351562,31171200,AMZN
2025-03-26,201.1300048828125,206.00999450683594,199.92999267578125,205.83999633789062,32855300,AMZN
2025-03-27,201.36000061035156,203.7899932861328,199.27999877929688,200.88999938964844,27317700,AMZN
2025-03-28,192.72000122070312,199.25999450683594,191.8800048828125,198.4199981689453,52548200,AMZN
2025-03-31,190.25999450683594,191.3300018310547,184.39999389648438,188.19000244140625,63547600,AMZN
2025-04-01,192.1699981689453,193.92999267578125,187.1999969482422,187.86000061035156,41267300,AMZN
2025-04-02,196.00999450683594,198.33999633789062,187.66000366210938,187.66000366210938,53679200,AMZN
2025-04-03,178.41000366210938,184.1300048828125,176.9199981689453,183.0,95553600,AMZN
2025-04-04,171.0,178.13999938964844,166.0,167.14999389648438,123159400,AMZN
2025-04-07,175.25999450683594,183.41000366210938,161.3800048828125,162.0,109327100,AMZN
2025-04-08,170.66000366210938,185.89999389648438,168.57000732421875,185.22999572753906,87710400,AMZN
2025-04-09,191.10000610351562,192.64999389648438,169.92999267578125,172.1199951171875,116804300,AMZN
2025-04-10,181.22000122070312,186.8699951171875,175.85000610351562,185.44000244140625,68302000,AMZN
2025-04-11,184.8699951171875,185.86000061035156,178.0,179.92999267578125,50594300,AMZN
2025-04-14,182.1199951171875,187.44000244140625,179.22999572753906,186.83999633789062,48002500,AMZN
2025-04-15,179.58999633789062,182.35000610351562,177.92999267578125,181.41000366210938,43642000,AMZN
2025-04-16,174.3300018310547,179.10000610351562,171.41000366210938,176.2899932861328,51875300,AMZN
2025-04-17,172.61000061035156,176.2100067138672,172.0,176.0,44726500,AMZN
2025-04-21,167.32000732421875,169.60000610351562,165.2899932861328,169.60000610351562,48126100,AMZN
2025-04-22,173.17999267578125,176.77999877929688,169.35000610351562,169.85000610351562,56607200,AMZN
2025-04-23,180.60000610351562,187.3800048828125,180.19000244140625,183.4499969482422,63470100,AMZN
2025-04-24,186.5399932861328,186.74000549316406,180.17999267578125,180.9199981689453,43763200,AMZN
2025-04-25,188.99000549316406,189.94000244140625,185.49000549316406,187.6199951171875,36414300,AMZN
2025-04-28,187.6999969482422,190.22000122070312,184.88999938964844,190.11000061035156,33224700,AMZN
2025-04-29,187.38999938964844,188.02000427246094,183.67999267578125,183.99000549316406,41667300,AMZN
2025-04-30,184.4199981689453,185.0500030517578,178.85000610351562,182.1699981689453,55176500,AMZN
2025-05-01,190.1999969482422,191.80999755859375,187.5,190.6300048828125,74266000,AMZN
2025-05-02,189.97999572753906,192.8800048828125,186.39999389648438,191.44000244140625,77903500,AMZN
2025-05-05,186.35000610351562,188.17999267578125,185.52999877929688,186.50999450683594,35217500,AMZN
2025-05-06,185.00999450683594,187.92999267578125,183.85000610351562,184.57000732421875,29314100,AMZN
2025-05-07,188.7100067138672,190.99000549316406,185.00999450683594,185.55999755859375,43948600,AMZN
2025-05-08,192.0800018310547,194.3300018310547,188.82000732421875,191.42999267578125,41043600,AMZN
2025-05-09,193.05999755859375,194.69000244140625,191.16000366210938,193.3800048828125,29663100,AMZN
2025-05-12,208.63999938964844,211.66000366210938,205.75,210.7100067138672,75205000,AMZN
2025-05-13,211.3699951171875,214.83999633789062,210.10000610351562,211.0800018310547,56193700,AMZN
2025-05-14,210.25,211.92999267578125,208.85000610351562,211.4499969482422,38492100,AMZN
2025-05-15,205.1699981689453,206.8800048828125,202.6699981689453,206.4499969482422,64347300,AMZN
2025-05-16,205.58999633789062,206.85000610351562,204.3699951171875,206.85000610351562,43318500,AMZN
2025-05-19,206.16000366210938,206.6199951171875,201.25999450683594,201.64999389648438,34314800,AMZN
2025-05-20,204.07000732421875,205.58999633789062,202.64999389648438,204.6300048828125,29470400,AMZN
2025-05-21,201.1199951171875,203.4600067138672,200.05999755859375,201.61000061035156,42460900,AMZN
2025-05-22,203.10000610351562,205.75999450683594,200.16000366210938,201.3800048828125,38938900,AMZN
2025-05-23,200.99000549316406,202.3699951171875,197.85000610351562,198.89999389648438,33393500,AMZN
2025-05-27,206.02000427246094,206.69000244140625,202.19000244140625,203.08999633789062,34892000,AMZN
2025-05-28,204.72000122070312,207.66000366210938,204.41000366210938,205.9199981689453,28549800,AMZN
2025-05-29,205.6999969482422,208.80999755859375,204.22999572753906,208.02999877929688,34650000,AMZN
2025-05-30,205.00999450683594,205.99000549316406,201.6999969482422,204.83999633789062,51679400,AMZN
2025-06-02,206.64999389648438,207.0,202.67999267578125,204.97999572753906,29113300,AMZN
2025-06-03,205.7100067138672,208.9499969482422,205.02999877929688,207.11000061035156,33139100,AMZN
2025-06-04,207.22999572753906,208.17999267578125,205.17999267578125,206.5500030517578,29915600,AMZN
2025-06-05,207.91000366210938,212.80999755859375,207.55999755859375,209.5500030517578,51864200,AMZN
2025-06-06,213.57000732421875,213.8699951171875,210.5,212.39999389648438,39832500,AMZN
2025-06-09,216.97999572753906,217.85000610351562,212.8800048828125,214.75,38102500,AMZN
2025-06-10,217.61000061035156,217.69000244140625,214.14999389648438,216.77999877929688,31303300,AMZN
2025-06-11,213.1999969482422,218.39999389648438,212.88999938964844,217.41000366210938,39326000,AMZN
2025-06-12,213.24000549316406,213.5800018310547,211.3300018310547,211.77999877929688,27640000,AMZN
2025-06-13,212.10000610351562,214.0500030517578,209.6199951171875,209.9600067138672,29337800,AMZN
2025-06-16,216.10000610351562,217.05999755859375,211.60000610351562,212.30999755859375,33284200,AMZN
2025-06-17,214.82000732421875,217.41000366210938,214.55999755859375,215.1999969482422,32086300,AMZN
2025-06-18,212.52000427246094,217.9600067138672,212.33999633789062,215.08999633789062,44360500,AMZN
2025-06-20,209.69000244140625,214.88999938964844,208.27000427246094,214.67999267578125,75350700,AMZN
2025-06-23,208.47000122070312,210.38999938964844,207.30999755859375,209.7899932861328,37311700,AMZN
2025-06-24,212.77000427246094,214.33999633789062,211.0500030517578,212.13999938964844,38378800,AMZN
2025-06-25,211.99000549316406,216.02999877929688,211.11000061035156,214.6199951171875,31755700,AMZN
2025-06-26,217.1199951171875,218.0399932861328,212.00999450683594,213.1199951171875,50480800,AMZN
2025-06-27,223.3000030517578,223.3000030517578,216.74000549316406,219.9199981689453,119217100,AMZN
2025-06-30,219.38999938964844,223.82000732421875,219.1199951171875,223.52000427246094,58887800,AMZN
2025-07-01,220.4600067138672,221.8800048828125,217.92999267578125,219.5,39256800,AMZN
2025-07-02,219.9199981689453,221.60000610351562,219.05999755859375,219.72999572753906,30894200,AMZN
2025-07-03,223.41000366210938,224.00999450683594,221.36000061035156,221.82000732421875,29632400,AMZN
2025-07-07,223.47000122070312,224.2899932861328,222.3699951171875,223.0,36604100,AMZN
2025-07-08,219.36000061035156,224.0,218.42999267578125,223.9199981689453,45692000,AMZN
2025-07-09,222.5399932861328,224.2899932861328,220.47000122070312,221.07000732421875,38155100,AMZN
2025-07-10,222.25999450683594,222.7899932861328,219.6999969482422,221.5500030517578,30370600,AMZN
2025-07-11,225.02000427246094,226.67999267578125,222.3699951171875,223.5800018310547,50518300,AMZN
2025-07-14,225.69000244140625,226.66000366210938,224.24000549316406,225.07000732421875,35702600,AMZN
2025-07-15,226.35000610351562,227.27000427246094,225.4600067138672,226.1999969482422,34907300,AMZN
2025-07-16,223.19000244140625,226.10000610351562,222.17999267578125,225.8800048828125,39535900,AMZN
2025-07-17,223.8800048828125,224.5,222.50999450683594,223.32000732421875,31855800,AMZN
2025-07-18,226.1300048828125,226.39999389648438,222.97999572753906,225.13999938964844,37833800,AMZN
2025-07-21,229.3000030517578,229.69000244140625,225.64999389648438,225.83999633789062,40297600,AMZN
2025-07-22,227.47000122070312,230.0,226.35000610351562,229.67999267578125,37483700,AMZN
2025-07-23,228.2899932861328,228.7899932861328,227.08999633789062,228.47000122070312,28294900,AMZN
2025-07-24,232.22999572753906,236.0,228.63999938964844,229.1699981689453,42902300,AMZN
2025-07-25,231.44000244140625,232.47999572753906,231.17999267578125,232.22000122070312,28712100,AMZN
2025-07-28,232.7899932861328,234.2899932861328,232.25,233.35000610351562,26300100,AMZN
2025-07-29,231.00999450683594,234.72000122070312,230.30999755859375,234.14999389648438,33716200,AMZN
2025-07-30,230.19000244140625,231.8000030517578,229.2899932861328,231.63999938964844,32993300,AMZN
2025-07-31,234.11000061035156,236.52999877929688,231.39999389648438,235.77000427246094,104357300,AMZN
2025-08-01,214.75,220.44000244140625,212.8000030517578,217.2100067138672,122258800,AMZN
2025-08-04,211.64999389648438,217.44000244140625,211.4199981689453,217.39999389648438,77890100,AMZN
2025-08-05,213.75,216.3000030517578,212.8699951171875,213.0500030517578,51505100,AMZN
2025-08-06,222.30999755859375,222.64999389648438,213.74000549316406,214.6999969482422,54823000,AMZN
2025-08-07,223.1300048828125,226.22000122070312,220.82000732421875,221.0,40603500,AMZN
2025-08-08,222.69000244140625,223.8000030517578,221.8800048828125,223.13999938964844,32970500,AMZN
2025-08-11,221.3000030517578,223.0500030517578,220.39999389648438,221.77999877929688,31646200,AMZN
2025-08-12,221.47000122070312,223.5,219.0500030517578,222.22999572753906,37185800,AMZN
2025-08-13,224.55999755859375,224.9199981689453,222.0,222.0,36508300,AMZN
2025-08-14,230.97999572753906,233.11000061035156,227.02000427246094,227.39999389648438,61545800,AMZN
2025-08-15,231.02999877929688,234.0800018310547,229.80999755859375,232.5800018310547,39649200,AMZN
2025-08-18,231.49000549316406,231.91000366210938,228.3300018310547,230.22999572753906,25248900,AMZN
2025-08-19,228.00999450683594,230.52999877929688,227.1199951171875,230.08999633789062,29891000,AMZN
2025-08-20,223.80999755859375,227.27000427246094,220.9199981689453,227.1199951171875,36604300,AMZN
2025-08-21,221.9499969482422,222.77999877929688,220.5,222.64999389648438,32140500,AMZN
2025-08-22,228.83999633789062,229.13999938964844,220.82000732421875,222.7899932861328,37315300,AMZN
2025-08-25,227.94000244140625,229.60000610351562,227.30999755859375,227.35000610351562,22633700,AMZN
2025-08-26,228.7100067138672,229.0,226.02000427246094,227.11000061035156,26105400,AMZN
2025-08-27,229.1199951171875,229.8699951171875,227.80999755859375,228.57000732421875,21254500,AMZN
2025-08-28,231.60000610351562,232.7100067138672,228.02000427246094,229.00999450683594,33679600,AMZN
2025-08-29,229.0,231.80999755859375,228.16000366210938,231.32000732421875,26199200,AMZN
2025-09-02,225.33999633789062,226.1699981689453,221.8300018310547,223.52000427246094,38843900,AMZN
2025-09-03,225.99000549316406,227.1699981689453,224.36000061035156,225.2100067138672,29223100,AMZN
2025-09-04,235.67999267578125,235.77000427246094,230.77999877929688,231.19000244140625,59391800,AMZN
2025-09-05,232.3300018310547,236.0,231.92999267578125,235.19000244140625,36721800,AMZN
2025-09-08,235.83999633789062,237.60000610351562,233.75,234.94000244140625,33947100,AMZN
2025-09-09,238.24000549316406,238.85000610351562,235.0800018310547,236.36000061035156,27033800,AMZN
2025-09-10,230.3300018310547,237.67999267578125,229.10000610351562,237.52000427246094,60907700,AMZN
2025-09-11,229.9499969482422,231.52999877929688,229.33999633789062,231.49000549316406,37485600,AMZN
2025-09-12,228.14999389648438,230.7899932861328,226.2899932861328,230.35000610351562,38496200,AMZN
2025-09-15,231.42999267578125,233.72999572753906,230.32000732421875,230.6300048828125,33243300,AMZN
2025-09-16,234.0500030517578,235.89999389648438,232.22999572753906,232.94000244140625,38203900,AMZN
2025-09-17,231.6199951171875,234.3000030517578,228.7100067138672,233.77000427246094,42815200,AMZN
2025-09-18,231.22999572753906,233.47999572753906,228.7899932861328,232.5,37931700,AMZN
2025-09-19,231.47999572753906,234.16000366210938,229.6999969482422,232.3699951171875,97943200,AMZN
2025-09-22,227.6300048828125,230.57000732421875,227.50999450683594,230.55999755859375,45914500,AMZN
2025-09-23,220.7100067138672,227.86000061035156,220.07000732421875,227.8300018310547,70956200,AMZN
2025-09-24,220.2100067138672,224.55999755859375,219.4499969482422,224.14999389648438,49509000,AMZN
2025-09-25,218.14999389648438,220.6699981689453,216.47000122070312,220.05999755859375,52226300,AMZN
2025-09-26,219.77999877929688,221.0500030517578,218.02000427246094,219.0800018310547,41650100,AMZN
2025-09-29,222.1699981689453,222.60000610351562,219.3000030517578,220.0800018310547,44259200,AMZN
2025-09-30,219.57000732421875,222.24000549316406,217.88999938964844,222.02999877929688,48396400,AMZN
2025-10-01,220.6300048828125,222.14999389648438,216.61000061035156,217.36000061035156,43933800,AMZN
2025-10-02,222.41000366210938,222.80999755859375,218.9499969482422,221.00999450683594,41258600,AMZN
2025-10-03,219.50999450683594,224.1999969482422,219.33999633789062,223.44000244140625,43639000,AMZN
2025-10-06,220.89999389648438,221.72999572753906,216.02999877929688,221.0,43690900,AMZN
2025-10-07,221.77999877929688,222.88999938964844,220.1699981689453,220.8800048828125,31194700,AMZN
2025-10-08,225.22000122070312,226.72999572753906,221.19000244140625,222.9199981689453,46686000,AMZN
2025-10-09,227.74000549316406,228.2100067138672,221.75,225.0,46412100,AMZN
2025-10-10,216.3699951171875,228.25,216.0,226.2100067138672,72367500,AMZN
2025-10-13,220.07000732421875,220.67999267578125,217.0399932861328,217.6999969482422,37809700,AMZN
2025-10-14,216.38999938964844,219.32000732421875,212.60000610351562,215.55999755859375,45665600,AMZN
2025-10-15,215.57000732421875,217.7100067138672,212.66000366210938,216.6199951171875,45909500,AMZN
2025-10-16,214.47000122070312,218.58999633789062,212.80999755859375,215.6699981689453,42414600,AMZN
2025-10-17,213.0399932861328,214.8000030517578,211.02999877929688,214.55999755859375,45986900,AMZN
2025-10-20,216.47999572753906,216.69000244140625,213.58999633789062,213.8800048828125,38882800,AMZN
2025-10-21,222.02999877929688,223.32000732421875,217.99000549316406,218.42999267578125,50494600,AMZN
2025-10-22,217.9499969482422,220.00999450683594,216.52000427246094,219.3000030517578,44308500,AMZN
2025-10-23,221.08999633789062,221.3000030517578,218.17999267578125,219.0,31540000,AMZN
2025-10-24,224.2100067138672,225.39999389648438,221.89999389648438,221.97000122070312,38685100,AMZN
2025-10-27,226.97000122070312,228.39999389648438,225.5399932861328,227.66000366210938,38267000,AMZN
2025-10-28,229.25,231.49000549316406,226.2100067138672,228.22000122070312,47100000,AMZN
2025-10-29,230.3000030517578,232.82000732421875,227.75999450683594,231.6699981689453,52036200,AMZN
2025-10-30,222.86000061035156,228.44000244140625,222.75,227.05999755859375,102252900,AMZN
2025-10-31,244.22000122070312,250.5,243.97999572753906,250.10000610351562,166340800,AMZN
2025-11-03,254.0,258.6000061035156,252.89999389648438,255.36000061035156,95997800,AMZN
2025-11-04,249.32000732421875,257.010009765625,248.66000366210938,250.3800048828125,51546300,AMZN
2025-11-05,250.1999969482422,251.0,246.16000366210938,249.02999877929688,40610700,AMZN
2025-11-06,243.0399932861328,250.3800048828125,242.1699981689453,249.16000366210938,46004200,AMZN
2025-11-07,244.41000366210938,244.89999389648438,238.49000549316406,242.89999389648438,46374300,AMZN
2025-11-10,248.39999389648438,251.75,245.58999633789062,248.33999633789062,36476500,AMZN
2025-11-11,249.10000610351562,249.75,247.22999572753906,248.41000366210938,23564100,AMZN
2025-11-12,244.1999969482422,250.3699951171875,243.75,250.24000549316406,31190100,AMZN
2025-11-13,237.5800018310547,243.75,236.5,243.0500030517578,41401700,AMZN
2025-11-14,234.69000244140625,238.72999572753906,232.88999938964844,235.05999755859375,38956700,AMZN
2025-11-17,232.8699951171875,234.60000610351562,229.19000244140625,233.25,59919000,AMZN
2025-11-18,222.5500030517578,230.1999969482422,222.4199981689453,228.10000610351562,60608400,AMZN
2025-11-19,222.69000244140625,223.74000549316406,218.52000427246094,223.74000549316406,58335600,AMZN
2025-11-20,217.13999938964844,227.41000366210938,216.74000549316406,227.0500030517578,50309000,AMZN
2025-11-21,220.69000244140625,222.2100067138672,215.17999267578125,216.35000610351562,68490500,AMZN
2025-11-24,226.27999877929688,227.3300018310547,222.27000427246094,222.55999755859375,54318400,AMZN
2025-11-25,229.6699981689453,230.52000427246094,223.8000030517578,226.3800048828125,39379300,AMZN
2025-11-26,229.16000366210938,231.75,228.77000427246094,230.74000549316406,38497900,AMZN
2025-11-28,233.22000122070312,233.2899932861328,230.22000122070312,231.24000549316406,20292300,AMZN
2025-12-01,233.8800048828125,235.8000030517578,232.25,233.22000122070312,42904000,AMZN
2025-12-02,234.4199981689453,238.97000122070312,233.5500030517578,235.00999450683594,45785400,AMZN
2025-12-03,232.3800048828125,233.3800048828125,230.61000061035156,233.35000610351562,35495100,AMZN
2025-12-04,229.11000061035156,233.5,226.8000030517578,232.77000427246094,45683200,AMZN
2025-12-05,229.52999877929688,231.24000549316406,228.5500030517578,230.32000732421875,33117400,AMZN
2025-12-08,226.88999938964844,230.8300018310547,226.27000427246094,229.58999633789062,35019200,AMZN
2025-12-09,227.9199981689453,228.57000732421875,225.11000061035156,226.83999633789062,25841700,AMZN
2025-12-10,231.77999877929688,232.4199981689453,228.4600067138672,228.80999755859375,38790700,AMZN
2025-12-11,230.27999877929688,232.11000061035156,228.69000244140625,230.7100067138672,28249600,AMZN
2025-12-12,226.19000244140625,230.0800018310547,225.1199951171875,229.8699951171875,35639100,AMZN
2025-12-15,222.5399932861328,227.92999267578125,221.5,227.92999267578125,47286100,AMZN
2025-12-16,222.55999755859375,223.66000366210938,221.1300048828125,223.0399932861328,39298900,AMZN
2025-12-17,221.27000427246094,225.19000244140625,220.99000549316406,224.66000366210938,44034400,AMZN
2025-12-18,226.75999450683594,229.22999572753906,224.41000366210938,225.7100067138672,50272400,AMZN
2025-12-19,227.35000610351562,229.1300048828125,225.5800018310547,226.75999450683594,85544400,AMZN
2025-12-22,228.42999267578125,229.47999572753906,226.7100067138672,228.61000061035156,32261300,AMZN
2025-12-23,232.13999938964844,232.4499969482422,228.72999572753906,229.05999755859375,29230200,AMZN
2025-12-24,232.3800048828125,232.9499969482422,231.3300018310547,232.1300048828125,11420500,AMZN
2025-12-26,232.52000427246094,232.99000549316406,231.17999267578125,232.0399932861328,15994700,AMZN
2025-12-29,232.07000732421875,232.60000610351562,230.77000427246094,231.94000244140625,19797900,AMZN
2025-12-30,232.52999877929688,232.77000427246094,230.1999969482422,231.2100067138672,21910500,AMZN
2025-12-31,230.82000732421875,232.99000549316406,230.1199951171875,232.91000366210938,24383700,AMZN
2026-01-02,226.5,235.4600067138672,224.6999969482422,231.33999633789062,51456200,AMZN
2026-01-05,233.05999755859375,234.0,227.17999267578125,228.83999633789062,49733300,AMZN
2026-01-06,240.92999267578125,243.17999267578125,232.07000732421875,232.10000610351562,53764700,AMZN
2026-01-07,241.55999755859375,245.2899932861328,239.52000427246094,239.61000061035156,42236500,AMZN
2026-01-08,246.2899932861328,246.41000366210938,241.8800048828125,243.05999755859375,39509800,AMZN
2026-01-09,247.3800048828125,247.86000061035156,242.24000549316406,244.57000732421875,34560000,AMZN
2026-01-12,246.47000122070312,248.94000244140625,245.9600067138672,246.72999572753906,35867800,AMZN
2026-01-13,242.60000610351562,247.66000366210938,240.25,246.52999877929688,38371800,AMZN
2026-01-14,236.64999389648438,241.27999877929688,236.22000122070312,241.14999389648438,41410600,AMZN
2026-01-15,238.17999267578125,240.64999389648438,236.6300048828125,239.30999755859375,43003600,AMZN
2026-01-16,239.1199951171875,239.57000732421875,236.41000366210938,239.08999633789062,45888300,AMZN
2026-01-20,231.0,235.08999633789062,229.33999633789062,233.75999450683594,47737900,AMZN
2026-01-21,231.30999755859375,232.3000030517578,226.8800048828125,231.08999633789062,47276100,AMZN
2026-01-22,234.33999633789062,235.72000122070312,230.89999389648438,234.0500030517578,31913300,AMZN
2026-01-23,239.16000366210938,240.4499969482422,234.57000732421875,234.9600067138672,33778500,AMZN
2026-01-26,238.4199981689453,240.9499969482422,237.5399932861328,239.97999572753906,32825500,AMZN
2026-01-27,244.67999267578125,244.8800048828125,238.0800018310547,239.69000244140625,38029200,AMZN
2026-01-28,243.00999450683594,247.77999877929688,241.52999877929688,246.3699951171875,40882700,AMZN
2026-01-29,241.72999572753906,243.0,236.74000549316406,242.82000732421875,47229600,AMZN
2026-01-30,239.3000030517578,243.32000732421875,237.63999938964844,239.88999938964844,46585000,AMZN
2026-02-02,242.9600067138672,245.6300048828125,238.1699981689453,238.30999755859375,37546100,AMZN
2026-02-03,238.6199951171875,246.35000610351562,235.4499969482422,244.97999572753906,53831300,AMZN
2026-02-04,232.99000549316406,238.86000061035156,231.82000732421875,238.86000061035156,51299900,AMZN
2026-02-05,222.69000244140625,226.30999755859375,220.3800048828125,224.91000366210938,103509200,AMZN
2026-02-06,210.32000732421875,211.44000244140625,200.30999755859375,202.6999969482422,179210900,AMZN
2026-02-09,208.72000122070312,212.80999755859375,203.35000610351562,208.97000122070312,91178400,AMZN
2026-02-10,206.9600067138672,212.64999389648438,206.41000366210938,208.8000030517578,67175000,AMZN
2026-02-11,204.0800018310547,208.57000732421875,202.49000549316406,208.05999755859375,65545500,AMZN
2026-02-12,199.60000610351562,203.9600067138672,197.55999755859375,203.9600067138672,83975400,AMZN
2026-02-13,198.7899932861328,201.16000366210938,197.27999877929688,198.8800048828125,66321600,AMZN
2026-02-17,201.14999389648438,201.74000549316406,196.0,198.1300048828125,69879200,AMZN
2026-02-18,204.7899932861328,206.86000061035156,201.50999450683594,202.07000732421875,51003300,AMZN
2026-02-19,204.86000061035156,205.63999938964844,202.80999755859375,203.8000030517578,35669600,AMZN
2026-02-20,210.11000061035156,211.1699981689453,203.75,204.75999450683594,65881600,AMZN
2026-02-23,205.27000427246094,208.42999267578125,203.11000061035156,208.10000610351562,53581500,AMZN
2026-02-24,208.55999755859375,210.36000061035156,203.25,205.47000122070312,41137200,AMZN
2026-02-25,210.63999938964844,211.58999633789062,208.92999267578125,210.4600067138672,41346400,AMZN
2026-02-26,207.9199981689453,211.0500030517578,205.35000610351562,210.72999572753906,47756800,AMZN
2026-02-27,210.0,210.3300018310547,205.1999969482422,206.8300018310547,57422800,AMZN
2026-03-02,208.38999938964844,209.72999572753906,203.4600067138672,204.5500030517578,46001000,AMZN
2026-03-03,208.72999572753906,209.17999267578125,202.47999572753906,203.10000610351562,43184900,AMZN
2026-03-04,216.82000732421875,217.5399932861328,210.14999389648438,210.47000122070312,54731100,AMZN
2026-03-05,218.94000244140625,220.47000122070312,215.58999633789062,215.97999572753906,60943400,AMZN
2026-03-06,213.2100067138672,217.32000732421875,212.52999877929688,214.99000549316406,51152700,AMZN
2026-03-09,213.49000549316406,213.82000732421875,207.11000061035156,210.4499969482422,54642900,AMZN
2026-03-10,214.3300018310547,215.64999389648438,212.42999267578125,214.19000244140625,35678800,AMZN
2026-03-11,212.64999389648438,217.0,211.35000610351562,215.7100067138672,34199300,AMZN
2026-03-12,209.52999877929688,211.7100067138672,208.14999389648438,210.38999938964844,44349500,AMZN
2026-03-13,207.6699981689453,210.55999755859375,206.22000122070312,209.61000061035156,35662100,AMZN
2026-03-16,211.74000549316406,212.72000122070312,207.4499969482422,208.35000610351562,42209300,AMZN
2026-03-17,215.1999969482422,215.6999969482422,212.42999267578125,212.82000732421875,44969900,AMZN
2026-03-18,209.8699951171875,215.13999938964844,208.8300018310547,213.92999267578125,37846600,AMZN
2026-03-19,208.75999450683594,209.1199951171875,206.0500030517578,207.05999755859375,36440600,AMZN
2026-03-20,205.3699951171875,207.5399932861328,204.32000732421875,207.39999389648438,63694600,AMZN
2026-03-23,210.13999938964844,212.8000030517578,209.50999450683594,209.7899932861328,44277400,AMZN
2026-03-24,207.24000549316406,209.35000610351562,206.63999938964844,207.9499969482422,35351400,AMZN
2026-03-25,211.7100067138672,213.07000732421875,209.89999389648438,211.55999755859375,36388800,AMZN
2026-03-26,207.5399932861328,212.88999938964844,207.1199951171875,210.61000061035156,46746000,AMZN
2026-03-27,199.33999633789062,206.60000610351562,199.13999938964844,206.4600067138672,56009800,AMZN
2026-03-30,200.9499969482422,203.8000030517578,199.97999572753906,201.47999572753906,46373800,AMZN
2026-03-31,208.27000427246094,210.27999877929688,204.13999938964844,204.85000610351562,58470100,AMZN
2026-04-01,210.57000732421875,213.5800018310547,208.19000244140625,210.44000244140625,45955400,AMZN
2026-04-02,209.77000427246094,212.2100067138672,204.89999389648438,206.5399932861328,31453000,AMZN
2026-04-06,212.7899932861328,212.9499969482422,209.58999633789062,209.8000030517578,25385500,AMZN
2026-04-07,213.77000427246094,213.97000122070312,209.0800018310547,211.24000549316406,28154600,AMZN
2026-04-08,221.25,226.10000610351562,219.6199951171875,223.7899932861328,51092700,AMZN
2026-04-09,233.64999389648438,233.8000030517578,223.27000427246094,225.22999572753906,65964200,AMZN
2026-04-10,238.3800048828125,240.42999267578125,235.2100067138672,235.3000030517578,56912800,AMZN
2026-04-13,239.88999938964844,240.0,235.75,237.4499969482422,42166200,AMZN
2026-04-14,249.02000427246094,252.17999267578125,241.77999877929688,241.77999877929688,72685000,AMZN
2026-04-15,248.5,250.44000244140625,247.1999969482422,249.25,43045200,AMZN
2026-04-16,249.6999969482422,250.0,244.1999969482422,248.50999450683594,41895700,AMZN
2026-04-17,250.55999755859375,256.17999267578125,250.11000061035156,254.99000549316406,52029300,AMZN
2026-04-20,248.27999877929688,250.17999267578125,245.3699951171875,249.19000244140625,39463100,AMZN
2026-04-21,249.91000366210938,255.08999633789062,249.10000610351562,255.08999633789062,42922400,AMZN
2026-04-22,255.36000061035156,255.94000244140625,250.3300018310547,252.44000244140625,36065100,AMZN
2026-04-23,255.0800018310547,258.7900085449219,253.07000732421875,255.38999938964844,39091400,AMZN
2026-04-24,263.989990234375,264.5,257.69000244140625,259.9800109863281,53777400,AMZN
2026-04-27,261.1199951171875,264.1499938964844,260.3399963378906,263.4599914550781,44906800,AMZN
2026-04-28,259.70001220703125,261.0299987792969,256.6300048828125,258.3900146484375,42204400,AMZN
2026-04-29,263.0400085449219,265.9100036621094,257.70001220703125,257.989990234375,72367900,AMZN
2026-04-30,265.05999755859375,273.8800048828125,256.1600036621094,273.1700134277344,100974900,AMZN
2026-05-01,268.260009765625,273.32000732421875,262.739990234375,265.5799865722656,50825200,AMZN
2026-05-04,272.04998779296875,276.1000061035156,268.79998779296875,268.79998779296875,49083700,AMZN
2026-05-05,273.54998779296875,278.55999755859375,272.3800048828125,276.0799865722656,41908500,AMZN
2026-05-06,274.989990234375,277.79998779296875,272.2099914550781,272.8900146484375,44552000,AMZN
2026-05-07,271.1700134277344,276.6300048828125,270.489990234375,275.0199890136719,35892900,AMZN
2026-05-08,272.67999267578125,274.0,269.95001220703125,271.6300048828125,34732700,AMZN
2026-05-11,268.989990234375,273.6300048828125,268.4800109863281,269.8399963378906,38176700,AMZN
2026-05-12,265.82000732421875,267.6499938964844,262.6300048828125,266.7099914550781,36776200,AMZN
2026-05-13,270.1300048828125,270.7200012207031,263.20001220703125,264.42999267578125,39670900,AMZN
2026-05-14,267.2200012207031,270.7799987792969,266.6300048828125,269.1499938964844,31338400,AMZN
2026-05-15,264.1400146484375,264.3599853515625,260.8900146484375,262.5,40770300,AMZN
2026-05-18,264.8599853515625,268.8500061035156,262.5299987792969,263.8699951171875,33690800,AMZN
2026-05-19,259.3399963378906,262.25,255.19000244140625,262.0400085449219,40340700,AMZN
2026-05-20,265.010009765625,265.5799865722656,259.5299987792969,260.04998779296875,34933200,AMZN
2026-05-21,268.4599914550781,269.489990234375,261.3699951171875,263.5,36591700,AMZN
2026-05-22,266.32000732421875,269.7900085449219,266.239990234375,268.6600036621094,27535500,AMZN
2026-05-26,265.2900085449219,269.29998779296875,262.07000732421875,267.94000244140625,38028100,AMZN
2026-05-27,271.8500061035156,272.4100036621094,265.70001220703125,266.1499938964844,40061900,AMZN
2026-05-28,274.0,274.5,267.44000244140625,272.2699890136719,40630400,AMZN
2026-05-29,270.6400146484375,274.75,269.6400146484375,271.2900085449219,54749600,AMZN
2026-06-01,261.260009765625,266.6300048828125,260.70001220703125,266.2900085449219,53604400,AMZN
2026-06-02,256.5199890136719,261.20001220703125,254.3699951171875,257.1600036621094,41811000,AMZN
2026-06-03,250.02000427246094,257.0899963378906,247.7100067138672,254.6999969482422,51394200,AMZN
2026-06-04,253.7899932861328,255.8300018310547,251.75,253.1199951171875,35609800,AMZN
2026-06-05,246.02999877929688,256.3800048828125,245.77999877929688,254.25999450683594,55607800,AMZN
2026-06-08,245.22000122070312,249.4199981689453,243.36000061035156,246.67999267578125,33899500,AMZN
2026-06-09,244.19000244140625,250.42999267578125,240.39999389648438,247.72999572753906,44425400,AMZN
2026-06-10,238.0,244.07000732421875,237.4499969482422,243.61000061035156,38590200,AMZN
2026-06-11,241.50999450683594,242.13999938964844,235.17999267578125,237.92999267578125,41335400,AMZN
2026-06-12,238.5500030517578,243.36000061035156,233.58999633789062,243.2100067138672,51186600,AMZN
2026-06-15,246.02000427246094,247.80999755859375,244.72999572753906,245.02000427246094,41711600,AMZN
2026-06-16,246.0,249.50999450683594,245.4499969482422,248.0,35187400,AMZN
2026-06-17,237.5,245.91000366210938,236.0,244.89999389648438,44780800,AMZN
2026-06-18,244.38999938964844,245.72999572753906,236.02000427246094,240.1199951171875,75624400,AMZN
2026-06-22,232.7899932861328,242.0,232.24000549316406,240.0800018310547,68388500,AMZN
2026-06-23,234.11000061035156,236.8699951171875,232.0,232.5500030517578,60492600,AMZN
2026-06-24,234.27000427246094,242.4199981689453,232.9499969482422,233.85000610351562,70282600,AMZN
2026-06-25,227.00999450683594,232.32000732421875,225.5500030517578,232.02000427246094,77674100,AMZN
2026-06-26,232.69000244140625,233.89999389648438,226.1300048828125,227.2100067138672,248372100,AMZN
2026-06-29,240.13999938964844,249.7100067138672,233.8000030517578,234.22000122070312,77619200,AMZN
2026-06-30,238.33999633789062,241.5399932861328,237.1699981689453,237.35000610351562,66228300,AMZN
2026-07-01,241.6999969482422,244.89999389648438,234.89999389648438,239.75,53829900,AMZN
2026-07-02,242.6699981689453,246.72000122070312,241.0800018310547,241.61000061035156,48246400,AMZN
2026-07-06,244.16000366210938,246.0399932861328,240.8800048828125,243.8000030517578,40044000,AMZN
2026-07-07,245.97999572753906,248.92999267578125,242.6999969482422,246.97999572753906,40579600,AMZN
2026-07-08,243.6199951171875,244.8000030517578,240.52000427246094,244.27000427246094,29653000,AMZN
2026-07-09,247.0399932861328,247.5,238.25,239.82000732421875,38091700,AMZN
2026-07-10,245.33999633789062,251.02999877929688,244.41000366210938,249.5500030517578,31654000,AMZN
2026-07-13,247.30999755859375,249.64999389648438,244.17999267578125,244.67999267578125,34636100,AMZN
2026-07-14,247.49000549316406,248.55999755859375,243.8000030517578,245.5500030517578,30108100,AMZN
2026-07-15,254.9600067138672,256.4800109863281,249.75,249.75,45240600,AMZN
2026-07-16,249.88999938964844,258.0799865722656,248.0,255.1199951171875,45343700,AMZN
2026-07-17,247.22999572753906,250.24000549316406,243.58999633789062,244.4600067138672,43572400,AMZN
2026-07-20,249.99000549316406,252.88999938964844,248.0,248.75999450683594,32406500,AMZN
2026-07-21,247.5500030517578,249.33999633789062,246.4199981689453,249.11000061035156,27732100,AMZN
2026-07-22,244.85000610351562,248.4499969482422,242.4499969482422,248.27000427246094,34112700,AMZN
2026-07-23,233.66000366210938,238.35000610351562,232.0500030517578,236.25999450683594,47465300,AMZN
2026-07-24,232.11000061035156,234.9499969482422,231.33999633789062,234.3800048828125,35017400,AMZN
2026-07-27,231.38999938964844,235.88999938964844,230.99000549316406,235.6699981689453,34999500,AMZN
2026-07-28,230.86000061035156,233.11000061035156,228.10000610351562,232.85000610351562,44521600,AMZN
2026-07-29,226.64999389648438,232.82000732421875,226.16000366210938,229.32000732421875,44957500,AMZN
2026-07-30,235.5,239.82000732421875,231.05999755859375,233.35000610351562,101839800,AMZN
2026-07-31,271.5799865722656,273.2300109863281,262.010009765625,265.0,129054800,AMZN
2026-08-03,284.0199890136719,287.20001220703125,278.0,278.2900085449219,90830200,AMZN
2026-08-04,277.4200134277344,281.07000732421875,275.82000732421875,276.05999755859375,69748100,AMZN
2026-08-05,272.6499938964844,282.7900085449219,270.7300109863281,281.5899963378906,45119800,AMZN
2026-08-06,272.260009765625,275.4800109863281,271.05999755859375,272.7699890136719,30627000,AMZN
2026-08-07,275.8900146484375,278.30999755859375,272.75,272.8900146484375,14522869,AMZN
2024-08-07,98.74723815917969,108.6209626457341,98.52759897070796,107.6325862976113,411440400,NVDA
2024-08-08,104.7972640991211,105.32639072006307,97.35951914167633,101.83215026963444,391910000,NVDA
2024-08-09,104.57763671875,106.42459107060563,103.2598090475883,105.46617163856445,290844200,NVDA
2024-08-12,108.84061431884766,110.88724428013212,106.08516112777683,106.14505996593543,325559900,NVDA
2024-08-13,115.94889068603516,116.03874655153282,111.39639661656214,112.25498209343158,312646700,NVDA
2024-08-14,117.88570404052734,118.40484504167927,113.88230026594151,118.33496052966188,339246400,NVDA
2024-08-15,122.6578369140625,123.03720888953038,117.27670666159618,118.56458490618095,318086700,NVDA
2024-08-16,124.37499237060547,124.79429938850936,120.9805859038701,121.73933737686731,302589900,NVDA
2024-08-19,129.78607177734375,129.78607177734375,123.21689800857207,124.07548340044629,318333600,NVDA
2024-08-20,127.04059600830078,129.66627292631446,125.68283342982758,128.18869746225192,300087400,NVDA
2024-08-21,128.28857421875,129.13718177592708,126.45160529458104,127.11051541152283,257883600,NVDA
2024-08-22,123.53639221191406,130.53485987199215,122.89744589722252,129.80606530219129,376189100,NVDA
2024-08-23,129.15713500976562,129.38676754540884,125.0139693437825,125.6529157045682,323230300,NVDA
2024-08-26,126.25192260742188,131.04402014788909,124.16536513619411,129.3568136594184,331964700,NVDA
2024-08-27,128.08889770507812,128.98741074794592,123.67616460225028,124.84424526829238,303134600,NVDA
2024-08-28,125.40330505371094,128.11883041927797,122.4381910717034,127.90916927864866,448101100,NVDA
2024-08-29,117.3965072631836,124.22525631015377,116.51795800585043,121.16030816238968,453023300,NVDA
2024-08-30,119.17356872558594,121.5496494805563,117.02710521960448,119.33330147051217,333751600,NVDA
2024-09-03,107.82228088378906,116.01877002584149,107.11345013644421,115.81910218205195,477155100,NVDA
2024-09-04,106.03523254394531,113.0836130103624,103.94867525541761,105.23655349888746,372470300,NVDA
2024-09-05,107.03358459472656,109.46957200218677,104.58761912643209,104.8172363950656,306850700,NVDA
2024-09-06,102.6607894897461,107.97203483673319,100.78387825686288,107.86221523834789,413638100,NVDA
2024-09-09,106.2947998046875,106.37466998895037,103.5193756446925,104.7074122640328,273912000,NVDA
2024-09-10,107.92211151123047,109.21997530676359,104.77729355808466,107.63258781478571,268283700,NVDA
2024-09-11,116.7176284790039,116.99716652085532,107.24323877137772,109.20999835891277,441422400,NVDA
2024-09-12,118.95413208007812,120.60155948017247,115.19999582839206,116.6577172050991,366052700,NVDA
2024-09-13,118.9141845703125,119.77284345041441,117.41652479583126,118.8942191250157,238358300,NVDA
2024-09-16,116.59780883789062,117.99562620382233,114.1815861384539,116.60779536966285,248772300,NVDA
2024-09-17,115.40966796875,118.61466685067687,114.65085910577872,117.98564481894722,231925900,NVDA
2024-09-18,113.19313049316406,117.51636932909096,113.04336298957726,115.70919560695407,310318900,NVDA
2024-09-19,117.68611907958984,119.47332749554481,117.06708357128667,117.16692604230532,293506400,NVDA
2024-09-20,115.81903839111328,118.43495389707196,115.2099893901744,116.87738233881377,382462400,NVDA
2024-09-23,116.07862091064453,116.80747774675662,114.68080357526898,116.36816938577523,206228500,NVDA
2024-09-24,120.68143463134766,121.60998405209612,115.19999404233639,116.33821493002908,354966800,NVDA
2024-09-25,123.31730651855469,124.74507579152808,121.42026930294443,121.82962567540989,284692900,NVDA
2024-09-26,123.84647369384766,127.47080742519232,121.60997067496642,126.60216967447258,302582900,NVDA
2024-09-27,121.21060180664062,123.83649592385486,119.07394109309165,123.77659196922,271009200,NVDA
2024-09-30,121.25054931640625,121.31045327548797,117.96568098439478,118.1254274144435,226553700,NVDA
2024-10-01,116.81746673583984,122.24898215671047,115.60935538711523,121.58002164337385,302094500,NVDA
2024-10-02,118.66458129882812,119.19375323018366,114.96037016184738,116.25834508658102,221845900,NVDA
2024-10-03,122.65834045410156,124.16598683922703,120.15225416683853,120.73135113827638,277118000,NVDA
2024-10-04,124.72510528564453,124.84492081095192,121.63992977952229,124.74507834860822,243678100,NVDA
2024-10-07,127.52074432373047,130.43618698242878,124.7550615549546,124.79500006476454,346250200,NVDA
2024-10-08,132.68267822265625,133.27175410957346,129.2180905372518,130.0567764001493,285722500,NVDA
2024-10-09,132.44305419921875,134.31014727855833,131.1750464230449,133.9007832398008,246191600,NVDA
2024-10-10,134.59967041015625,134.78937641455914,130.79561711338704,131.70420101079952,242311300,NVDA
2024-10-11,134.58970642089844,135.5681732923908,133.4514855032485,133.80093033986074,170209500,NVDA
2024-10-14,137.85458374023438,139.382195340542,136.08734111508144,136.2570740445621,232347700,NVDA
2024-10-15,131.39471435546875,138.35384259997033,128.53917525345673,137.65492238931424,377831000,NVDA
2024-10-16,135.50827026367188,136.40686011825153,131.37472950963348,133.77097927850218,264879700,NVDA
2024-10-17,136.7163848876953,140.6702140778628,136.65648092397825,139.12262899690117,306435900,NVDA
2024-10-18,137.7847137451172,138.6833036103306,137.06583575895257,138.45366668655112,176090200,NVDA
2024-10-21,143.48580932617188,143.48580932617188,137.78471061125512,137.91451267760561,264554500,NVDA
2024-10-22,143.365966796875,144.19467365659466,141.55879320187643,142.6870350476968,226311600,NVDA
2024-10-23,139.34230041503906,142.2078186781856,137.24558530846375,141.80844872502473,285930000,NVDA
2024-10-24,140.1909637451172,141.1294997806309,138.24400879643727,140.6003278006047,172354900,NVDA
2024-10-25,141.31918334960938,143.90515439009727,140.5803475394567,140.71013437273555,205122100,NVDA
2024-10-28,140.30075073242188,142.91665786792092,139.83148285521668,142.77687691949686,173586700,NVDA
2024-10-29,141.02964782714844,142.03806672701694,138.6833077693045,140.0711387385227,157593600,NVDA
2024-10-30,139.1226043701172,140.1110653014331,136.59655278062618,139.32228929215535,179418100,NVDA
2024-10-31,132.55287170410156,137.39531116933003,131.90389188236236,137.38533225522045,270039600,NVDA
2024-11-01,135.18875122070312,137.09577501351765,134.36005954202903,134.48984636430032,207127800,NVDA
2024-11-04,135.83773803710938,138.7432015157854,135.3584911981984,136.99593186321135,187528200,NVDA
2024-11-05,139.6917266845703,140.151000495864,137.11574997671616,137.23555788662173,160537400,NVDA
2024-11-06,145.38284301757812,146.2614750565614,141.73854326176877,142.73698322061895,242043900,NVDA
2024-11-07,148.64776611328125,148.69767593000637,145.94198675435769,146.1616447939007,207323300,NVDA
2024-11-08,147.39967346191406,149.53633403774526,146.03180056765603,148.5378942315628,175665800,NVDA
2024-11-11,145.03338623046875,148.61779734270107,143.3460354590936,148.44804913905642,182325600,NVDA
2024-11-12,148.05865478515625,149.4165337385062,145.7822128979203,146.55101593198214,198634700,NVDA
2024-11-13,146.04180908203125,149.09703275189045,145.6723759576151,148.83744386134128,191903300,NVDA
2024-11-14,146.53102111816406,148.76753177848803,145.32291747893564,147.40965302668107,194463300,NVDA
2024-11-15,141.7584991455078,145.0134231170618,139.86146934373124,144.64398997756967,250132900,NVDA
2024-11-18,139.93133544921875,141.32916034590224,136.93601597273187,139.28235565663965,221205300,NVDA
2024-11-19,146.78062438964844,146.90044752125365,140.77002797265112,141.0995149233474,227834900,NVDA
2024-11-20,145.66241455078125,147.3298075633363,142.5073404172706,147.1800476536701,309871700,NVDA
2024-11-21,146.44117736816406,152.65147472524168,140.4804899844899,149.11700420524105,400946600,NVDA
2024-11-22,141.72854614257812,146.93042492260167,140.8798813363258,145.70233282975542,236406200,NVDA
2024-11-25,135.80780029296875,141.82839170792872,135.60811535874635,141.76848775116036,344941900,NVDA
2024-11-26,136.70640563964844,139.08269776121745,135.45835561529256,137.48518763604767,190287700,NVDA
2024-11-27,135.12887573242188,137.00594794359344,131.59440457977618,134.79938868035538,226370900,NVDA
2024-11-29,138.03431701660156,139.1326070072914,135.83775227020575,136.56660913585418,141863200,NVDA
2024-12-02,138.4137420654297,140.2308949431091,137.6050081030844,138.61342701841852,171682800,NVDA
2024-12-03,140.04115295410156,140.32071486351376,137.73475958396023,138.0442734668822,164414000,NVDA
2024-12-04,144.91354370117188,145.56252344018102,140.07110485324333,141.77844351730124,231224300,NVDA
2024-12-05,144.84368896484375,146.3214777724878,143.7353435501018,144.89361745373108,172621200,NVDA
2024-12-06,142.2275848388672,145.4827177885172,141.09926510716357,144.38436733563313,188505600,NVDA
2024-12-09,138.6029815673828,139.74128080496888,136.92549436926976,138.76274660606958,189308600,NVDA
2024-12-10,134.8685760498047,141.60850970621567,133.5904709096604,138.80268748950093,210020900,NVDA
2024-12-11,139.10223388671875,139.9609519122756,135.00835767243856,137.15514511831444,184905200,NVDA
2024-12-12,137.1351776123047,138.23354324797214,135.59748095840345,136.8755708420711,159211400,NVDA
2024-12-13,134.0498046875,139.3918327936691,132.34234795745746,138.73281333743972,231514900,NVDA
2024-12-16,131.80313110351562,134.19954557462145,130.2254857362255,133.9798724705664,237951100,NVDA
2024-12-17,130.19554138183594,131.39374870651014,126.67080709010266,128.89747709842524,259410300,NVDA
2024-12-18,128.71774291992188,136.49611794642954,128.08867764771298,133.66035727519176,277444500,NVDA
2024-12-19,130.485107421875,133.8301176053825,129.3568029702355,131.56349862817564,209719200,NVDA
2024-12-20,134.49911499023438,135.07825184796977,128.02878306565836,129.61640819653473,306528600,NVDA
2024-12-23,139.46170043945312,139.58151660116854,134.91848306333998,136.0767567466981,176053500,NVDA
2024-12-24,140.01089477539062,141.6883821217358,138.44322876231024,139.79122163679293,105157000,NVDA
2024-12-26,139.7213134765625,140.63995487774488,137.52459740894255,139.49166074428362,116205600,NVDA
2024-12-27,136.8056640625,138.81267619141968,134.50910636621433,138.34337590905767,170582600,NVDA
2024-12-30,137.2849578857422,140.06081067569033,133.82013169900247,134.628921256616,167734700,NVDA
2024-12-31,134.08973693847656,137.8641141320975,133.63043143330796,137.82416524884428,155659200,NVDA
2025-01-02,138.10372924804688,138.6728864930968,134.42922472124587,135.79717669922962,198247200,NVDA
2025-01-03,144.25454711914062,144.6838985290199,139.52161059265686,139.8011917981673,229322500,NVDA
2025-01-06,149.20718383789062,151.93312421854984,147.59959906842533,148.36843998355118,265377400,NVDA
2025-01-07,139.93099975585938,152.9016324332477,139.80118875754107,152.80177547515166,351782200,NVDA
2025-01-08,139.9010772705078,143.73534764411033,137.35487662508692,142.36739537864082,227349900,NVDA
2025-01-10,135.7073211669922,139.71133557177419,134.0198390250661,137.24501786219508,207602500,NVDA
2025-01-13,133.0312957763672,133.29091776199226,129.31684258602223,129.79613768131526,204808900,NVDA
2025-01-14,131.56350708007812,136.1766278538369,129.85606565410438,135.84711813885167,195590500,NVDA
2025-01-15,136.03683471679688,136.2465130176968,131.09420431967888,133.45068552943664,185217300,NVDA
2025-01-16,133.37081909179688,138.5430870275282,133.2909365646461,138.43325045720013,209235600,NVDA
2025-01-17,137.504638671875,138.29345383465838,135.25799411499426,136.4861555399997,201188800,NVDA
2025-01-21,140.61997985839844,141.6184885428412,136.88555189361048,138.95247218370304,197749000,NVDA
2025-01-22,146.85069274902344,147.56960504936464,143.45575377479585,144.4442829463215,237651400,NVDA
2025-01-23,147.00045776367188,147.0104373660888,143.50567717742842,144.83369562852502,155915500,NVDA
2025-01-24,142.40731811523438,148.74785499769604,141.66843136501245,148.14874363197046,234657600,NVDA
2025-01-27,118.24340057373047,128.20851331467108,116.52596435964819,124.61389107098998,818830900,NVDA
2025-01-28,128.7976531982422,128.80763280108368,116.07664583818587,121.62835222502514,579666400,NVDA
2025-01-29,123.51553344726562,126.70077890376498,119.87098248262683,126.31136108771855,467120600,NVDA
2025-01-30,124.464111328125,124.81358785050304,117.92387627755191,122.91641979157204,392925500,NVDA
2025-01-31,119.89094543457031,127.65934229890306,119.01226047612725,123.59541198682592,388161100,NVDA
2025-02-03,116.48603057861328,118.39317826666118,112.84147223806173,114.57887527254843,371235700,NVDA
2025-02-04,118.47305297851562,121.01924546805154,116.52595653802958,116.78557092036435,256550000,NVDA
2025-02-05,124.64384460449219,124.8135892575584,120.57991444298676,121.57842315704723,262230800,NVDA
2025-02-06,128.4880828857422,128.57796024161053,125.02326434711814,127.22996749994309,251483600,NVDA
2025-02-07,129.6463623046875,130.17557068191934,124.8135839892709,129.02729180363133,228186300,NVDA
2025-02-10,133.37081909179688,134.79867927002743,129.76620194780145,129.89599772289156,216989100,NVDA
2025-02-11,132.60195922851562,134.27944654160947,130.82461495038982,132.38228609427233,178902400,NVDA
2025-02-12,130.94442749023438,132.04279313100764,128.88750205027108,129.8261026458349,160278600,NVDA
2025-02-13,135.08824157714844,136.29644386397356,130.9743904181038,131.36380821970238,197430000,NVDA
2025-02-14,138.6429443359375,139.04234173663804,135.29793396994222,136.2764682668825,195479600,NVDA
2025-02-18,139.19210815429688,143.226091877041,137.72429913092634,141.05932980350207,219176600,NVDA
2025-02-19,139.02236938476562,141.14919790373787,137.01537227663152,139.30195061666387,167536000,NVDA
2025-02-20,139.9010772705078,140.45026019183956,136.58602053522247,139.82119473321993,143903600,NVDA
2025-02-21,134.22952270507812,141.24905316966826,133.83012530319377,139.83115735009994,228217600,NVDA
2025-02-24,130.08570861816406,138.383313247837,129.88600993089565,136.35634186179794,251381100,NVDA
2025-02-25,126.44115447998047,130.00583024952502,124.25442559786755,129.78615711570163,271428700,NVDA
2025-02-26,131.084228515625,133.53057192522448,128.29839578499454,129.79615892181477,322553800,NVDA
2025-02-27,119.97083282470703,134.80866645811508,119.83104220333566,134.7986868551725,443175800,NVDA
2025-02-28,124.73370361328125,124.90344826210318,116.2264129341289,117.84399213493025,389091100,NVDA
2025-03-03,113.88990020751953,123.51552349340123,112.11255593535711,123.32581202011416,411381400,NVDA
2025-03-04,115.81703186035156,119.132080722439,109.94580294596078,110.4849986041218,398163300,NVDA
2025-03-05,117.12507629394531,118.10361057672029,114.3392360416895,117.40465751759531,284337900,NVDA
2025-03-06,110.40511322021484,115.17798387118098,110.05563667803439,113.36069823382532,321181900,NVDA
2025-03-07,112.5219497680664,113.31077256873955,107.39959517379882,111.08409477767312,341755500,NVDA
2025-03-10,106.82046508789062,111.68319762733589,105.30272758345134,109.73610869113334,366487400,NVDA
2025-03-11,108.59780883789062,112.0726148635708,104.6137536218378,106.83044416478043,354865700,NVDA
2025-03-12,115.57803344726562,116.59661034457649,112.72203506897391,113.96030532134075,323857500,NVDA
2025-03-13,115.41825103759766,117.59520049683546,113.63075517539951,116.86621875800482,299033100,NVDA
2025-03-14,121.49972534179688,121.70943054003341,117.98465480860956,118.44401014075397,277593500,NVDA
2025-03-17,119.36271667480469,122.71801496792263,117.86481592318836,122.56822336901756,255501500,NVDA
2025-03-18,115.26846313476562,118.85343549406599,114.37970924440411,117.83486627342975,299686900,NVDA
2025-03-19,117.35553741455078,120.28143743378797,115.51811599486,117.10588726826337,273426200,NVDA
2025-03-20,118.36412048339844,120.03178155242583,116.30700581426807,116.3868956857552,248829700,NVDA
2025-03-21,117.5352783203125,117.82487338576216,115.25847035053427,116.77634740953133,266498500,NVDA
2025-03-24,121.24009704589844,122.04896105750126,119.17298658297102,119.71223179694545,228452500,NVDA
2025-03-25,120.52110290527344,121.12026171196634,118.75357566400419,120.38129943766901,167447200,NVDA
2025-03-26,113.60079956054688,118.6736845133834,112.55226594608844,118.5638454632065,293463300,NVDA
2025-03-27,111.27405548095703,114.28982567832341,110.50513643809545,111.19416561141583,236902100,NVDA
2025-03-28,109.51652526855469,112.71205173921601,108.91736643615505,111.33397804410711,229872500,NVDA
2025-03-31,108.22832489013672,110.80471613819729,103.50494855407659,104.98287310192077,299212700,NVDA
2025-04-01,109.99585723876953,110.04578269736857,106.32100673854832,108.36813339033893,222614000,NVDA
2025-04-02,110.26546478271484,111.82328673498283,106.64054773013802,107.1398479774266,220601200,NVDA
2025-04-03,101.65754699707031,105.48218161280622,101.45782230020173,103.36515315702636,338769400,NVDA
2025-04-04,94.17802429199219,99.9898797349743,91.9811059228115,98.77159334909085,532273800,NVDA
2025-04-07,97.50334930419922,101.60759784636036,86.4987754744505,87.33759621246332,611041300,NVDA
2025-04-08,96.16523742675781,105.70186824827938,94.3278084260022,103.66472218207363,476243400,NVDA
2025-04-09,114.17000579833984,114.9389248904037,97.39351305704149,98.75161045127601,612918300,NVDA
2025-04-10,107.4194564819336,110.70485307181585,99.01124202201945,109.21694044618194,437812400,NVDA
2025-04-11,110.77476501464844,111.39390013023589,107.32959598741144,108.34816524857224,313417300,NVDA
2025-04-14,110.55506896972656,114.13006086401796,108.91736463288024,113.95031245540225,264705000,NVDA
2025-04-15,112.04297637939453,113.46099492172469,110.3453585264742,110.81470199440513,228966900,NVDA
2025-04-16,104.3437728881836,106.64055727885454,100.30942561460589,104.40369410395131,397016900,NVDA
2025-04-17,101.34796142578125,104.3237942331935,99.90998190333623,104.30381795694564,292517500,NVDA
2025-04-21,96.77438354492188,99.3008417327631,94.90699776234818,98.63177356997639,288501100,NVDA
2025-04-22,98.75160217285156,99.67031279819463,97.14385476914264,98.6417555090913,241004800,NVDA
2025-04-23,102.5662612915039,104.6533403969428,101.87722447592722,104.37372584399631,247526000,NVDA
2025-04-24,106.28105163574219,106.39089830035945,102.96569827687256,103.33518320501399,220815000,NVDA
2025-04-25,110.85464477539062,111.76336727797938,105.58203530029881,106.70046299579266,251064700,NVDA
2025-04-28,108.57784271240234,110.21554702841466,105.8716284785824,109.53649833991803,207708500,NVDA
2025-04-29,108.867431640625,110.04578062718967,107.2896485179105,107.51932238432487,170444300,NVDA
2025-04-30,108.76756286621094,108.76756286621094,103.93434018163836,104.32379376082015,235044600,NVDA
2025-05-01,111.45380401611328,114.7791455573913,111.14424029465428,112.92174799120272,236121500,NVDA
2025-05-02,114.33976745605469,115.23850951002053,113.21135153306962,114.02021557227994,190194800,NVDA
2025-05-05,113.66072082519531,114.50952981770942,112.50234808238875,112.75199823422925,133163200,NVDA
2025-05-06,113.38111114501953,114.57942879752297,110.66491633937942,111.32399638135878,158525600,NVDA
2025-05-07,116.89617919921875,117.51531428959993,112.12286973799952,112.89179643623137,206758800,NVDA
2025-05-08,117.20574951171875,118.51391379663416,115.68787240644632,118.08451525459601,198428100,NVDA
2025-05-09,116.48675537109375,118.06454606438504,115.04876814493281,117.18577270674557,132972200,NVDA
2025-05-12,122.82786560058594,122.82786560058594,120.11167093091153,121.79930827024249,225023300,NVDA
2025-05-13,129.74815368652344,131.0363568449821,124.29580357204036,124.80509195257008,330430100,NVDA
2025-05-14,135.15061950683594,135.25048567508128,131.49573716816334,133.01361454835225,281180800,NVDA
2025-05-15,134.64129638671875,136.10924022234616,132.47433530494334,134.10204362723803,226632600,NVDA
2025-05-16,135.21051025390625,136.15919297953724,133.27323795943153,136.02937003025397,226542500,NVDA
2025-05-19,135.3802947998047,135.6798627990254,132.20473687113784,132.20473687113784,193154600,NVDA
2025-05-20,134.1919403076172,134.39165736048994,132.4343936724944,134.10205468200522,161514200,NVDA
2025-05-21,131.61557006835938,137.20772462329396,130.4072565649854,132.87380141479636,270608700,NVDA
2025-05-22,132.64410400390625,134.0621148614722,131.3658966044825,132.0449376190489,187344000,NVDA
2025-05-23,131.1062469482422,132.49430097030302,128.97923834191374,129.8180590665907,198821300,NVDA
2025-05-27,135.31036376953125,135.47014350181522,133.1234263008756,133.96224703921547,192953600,NVDA
2025-05-28,134.62132263183594,137.0579101389624,134.60134635659116,135.83961638539918,304021100,NVDA
2025-05-29,138.99520874023438,143.28919402135628,137.71700129433316,142.0509238917618,369241900,NVDA
2025-05-30,134.94090270996094,139.42460961066672,132.73398869983464,138.5258751739265,333170900,NVDA
2025-06-02,137.187744140625,137.9266987725352,135.21050414256473,135.30038976970178,197663100,NVDA
2025-06-03,141.02236938476562,141.801276586457,137.75694135463795,138.5857816307834,225578800,NVDA
2025-06-04,141.7213897705078,142.19073325311263,139.34471555965237,141.99101618842522,167120800,NVDA
2025-06-05,139.79409790039062,143.79848066110154,138.63571759363617,141.97103980754113,231397900,NVDA
2025-06-06,141.5216827392578,143.0695167658335,141.3119699021351,142.31057053380505,153986200,NVDA
2025-06-09,142.43040466308594,144.7970831461155,141.74136782943543,142.98961854621228,185114500,NVDA
2025-06-10,143.758544921875,144.088069701399,141.33193761060437,142.49031793007975,155881900,NVDA
2025-06-11,142.64002990722656,144.79716064315863,141.6813000562032,144.4176611881815,167694000,NVDA
2025-06-12,144.80714416503906,144.80714416503906,141.66133988719625,141.78117540604916,162365000,NVDA
2025-06-13,141.7811737060547,143.3890329315276,140.6626682408541,142.29048989356696,180820600,NVDA
2025-06-16,144.49754333496094,145.98555166191812,143.00951976951112,143.159329390418,183133700,NVDA
2025-06-17,143.9282989501953,145.02684191909495,143.58875484653294,144.29781716982143,139108000,NVDA
2025-06-18,145.2864990234375,145.45627108510786,142.9296373487004,143.81845298832403,161494100,NVDA
2025-06-20,143.65866088867188,146.00552584195606,142.46024490398213,145.2565234707711,242956200,NVDA
2025-06-23,143.97824096679688,144.58743022935184,141.84108794116847,142.31046402404658,154308900,NVDA
2025-06-24,147.70326232910156,147.76319531946535,145.3064608232896,145.36637857516104,187566100,NVDA
2025-06-25,154.104736328125,154.24454949233478,149.06145072732096,149.0714471780808,269146500,NVDA
2025-06-26,154.81381225585938,156.51154803915952,153.79516469048193,155.77252682686714,198145700,NVDA
2025-06-27,157.54017639160156,158.4989061985097,155.05348286000648,155.83244416127852,263234500,NVDA
2025-06-30,157.77984619140625,158.4489531245615,155.7525477292889,158.18928922556665,194580300,NVDA
2025-07-01,153.09608459472656,156.99089075003695,151.288494680634,156.0820975676339,213143600,NVDA
2025-07-02,157.0408477783203,157.3903883520798,152.76654166200262,152.77652287552658,171224100,NVDA
2025-07-03,159.12803649902344,160.76585430203724,157.56013289394807,158.15932560910457,143716100,NVDA
2025-07-07,158.02951049804688,159.09807923203843,157.13069855849747,157.98955517353815,140139000,NVDA
2025-07-08,159.78717041015625,160.00687898854957,158.17931139836438,159.11806346268276,138133000,NVDA
2025-07-09,162.66334533691406,164.2012901564699,160.9456320255445,161.0055497766517,183656400,NVDA
2025-07-10,163.88172912597656,164.28119097215313,161.3950357038234,164.10143771292147,167704100,NVDA
2025-07-11,164.7006378173828,167.66668863474402,163.25256951238498,163.50223698698784,193633300,NVDA
2025-07-14,163.85177612304688,165.2698855378492,161.80449980139463,165.15003478890583,136975800,NVDA
2025-07-15,170.4729461669922,172.17068192225182,168.97494134085255,170.96229989605533,230627400,NVDA
2025-07-16,171.14207458496094,171.52157406474134,168.6753584433782,170.83248932029585,158831500,NVDA
2025-07-17,172.76988220214844,173.92834287299638,170.60277047944578,171.7911900263939,160841100,NVDA
2025-07-18,172.18067932128906,174.01822826089457,171.03219980516573,173.40903901870553,146456400,NVDA
2025-07-21,171.1520538330078,173.1493936504508,170.77255439137573,172.52022673163836,123126100,NVDA
2025-07-22,166.80783081054688,171.1620321483939,164.3610926233022,171.1120956061046,193114300,NVDA
2025-07-23,170.5528564453125,171.03221376466186,167.7465962646817,169.30451898143798,154082200,NVDA
2025-07-24,173.5089111328125,173.59878776513457,171.07215417768242,172.21063723590794,128984600,NVDA
2025-07-25,173.26922607421875,174.4876045602178,172.72995103806022,173.37908037175941,122316800,NVDA
2025-07-28,176.51490783691406,176.7645753161742,173.73860668662087,173.78854323017163,140023500,NVDA
2025-07-29,175.2765350341797,179.14139760883538,174.7871965738649,177.72328828972238,154077500,NVDA
2025-07-30,179.03155517578125,179.65072563032518,175.80584046425426,176.27521653092245,174312200,NVDA
2025-07-31,177.6334228515625,183.0562087176856,175.69600066981488,182.6567315862202,221685400,NVDA
2025-08-01,173.4889373779297,176.3051785902702,170.66269971388826,173.85844036702034,204529000,NVDA
2025-08-04,179.7605743408203,179.96030526461158,174.28786778877773,174.9270158880054,148174600,NVDA
2025-08-05,178.0228729248047,180.0202125232638,175.66601158908324,179.38106446129657,156407600,NVDA
2025-08-06,179.1813507080078,179.66070799076476,176.01556896990587,176.09546439011424,137192300,NVDA
2025-08-07,180.52957153320312,183.6354356942093,178.5621905082108,181.32851054269395,151878400,NVDA
2025-08-08,182.4569854736328,183.05619350177665,180.16004168373897,181.30852119793246,123396700,NVDA
2025-08-11,181.81784057617188,183.59547178906817,180.01025048518693,181.80785936297346,138323200,NVDA
2025-08-12,182.9163818359375,184.234618174838,179.22130626788388,182.7166509044063,145485700,NVDA
2025-08-13,181.3484649658203,183.72530422356274,179.11145412417423,182.37709375214726,179871700,NVDA
2025-08-14,181.77789306640625,182.7765629312542,179.22130065055427,179.51090820642335,129554000,NVDA
2025-08-15,180.20997619628906,181.658044469753,177.8031781362909,181.6380820439347,156602200,NVDA
2025-08-18,181.7678985595703,182.69666946783065,180.3497891649352,180.359785616326,132008000,NVDA
2025-08-19,175.40638732910156,182.25726371442747,175.25659293377495,182.1873495042791,185229200,NVDA
2025-08-20,175.1667022705078,175.76591033294957,168.57548977611862,174.93701244991922,215142700,NVDA
2025-08-21,174.7472381591797,176.66468235557974,173.57879631630271,174.61742144674352,140040900,NVDA
2025-08-22,177.7532501220703,178.35244288234992,170.97227338198675,172.38040151215634,172789400,NVDA
2025-08-25,179.57083129882812,181.6680441727565,176.33515059315872,178.11278178635797,163012800,NVDA
2025-08-26,181.52822875976562,182.14739921043056,178.57215920342722,179.82049655621498,168688200,NVDA
2025-08-27,181.35845947265625,182.24727507184866,178.86178472902657,181.7379436715125,235518900,NVDA
2025-08-28,179.9303436279297,184.22462699678687,176.17535050737845,180.5794881684096,281787800,NVDA
2025-08-29,173.94830322265625,177.91302365652732,172.91967451951007,177.87308356836775,243257900,NVDA
2025-09-02,170.5528564453125,172.15073449446965,166.997593786357,169.77389508693435,231164900,NVDA
2025-09-03,170.39305114746094,172.18067877773825,168.6553752976972,170.83246833565184,164424900,NVDA
2025-09-04,171.4316864013672,171.6314173426514,169.18467902530818,170.34313981864827,141670100,NVDA
2025-09-05,166.7978515625,168.80517258283567,163.8517783946414,167.8065026792569,224441400,NVDA
2025-09-08,168.0861358642578,170.73262035939155,167.12742125141602,167.32715219255022,163769100,NVDA
2025-09-09,170.53286743164062,170.75257602974241,166.51822538667548,168.86509051949957,157548400,NVDA
2025-09-10,177.09414672851562,179.05153132643002,175.23661998400823,176.40506201448144,226852000,NVDA
2025-09-11,176.94430541992188,180.05034427267074,176.2551819566126,179.45110250300584,151159300,NVDA
2025-09-12,177.593505859375,178.37251110105626,176.22524055900428,177.5435664999128,124911000,NVDA
2025-09-15,177.52357482910156,178.62217970015598,174.28769658655634,175.44622258887705,147061600,NVDA
2025-09-16,174.65724182128906,177.27389957504343,174.15787872389456,176.77453647764895,140737800,NVDA
2025-09-17,170.0730743408203,172.97937117956877,168.1954794867923,172.42008695754546,211843800,NVDA
2025-09-18,176.01551818847656,176.87442336525442,172.73969733735942,173.7583871307785,191763300,NVDA
2025-09-19,176.4449462890625,177.8531538116004,174.95683884616588,175.54609885389235,237182100,NVDA
2025-09-22,183.37612915039062,184.31493427279133,174.48747153493287,175.07671637070237,269637000,NVDA
2025-09-23,178.2027130126953,182.18763613663097,175.9855548133895,181.73821238324945,192559600,NVDA
2025-09-24,176.74456787109375,179.5509859124944,175.17656050171237,179.54100413716742,143564100,NVDA
2025-09-25,177.46365356445312,180.0303718676576,172.90946471941734,174.25773588995062,191586700,NVDA
2025-09-26,177.96302795410156,179.54101721374016,174.70717071687335,177.94304916264082,148573700,NVDA
2025-09-29,181.6183624267578,183.76561762390497,180.09031258631592,180.2001578366391,193063500,NVDA
2025-09-30,186.3423309326172,187.11135435179565,181.2488213615314,181.848063160254,236981000,NVDA
2025-10-01,187.0015106201172,187.9003581593927,183.665753326035,185.00405809785752,173844900,NVDA
2025-10-02,188.64939880371094,190.80665113886596,187.82045419605362,189.35850113919957,136805800,NVDA
2025-10-03,187.38099670410156,190.11751186051177,185.1438598655547,188.94900408551683,137596900,NVDA
2025-10-06,185.3036651611328,186.99151499327596,183.09648864167906,185.26372281570642,157678100,NVDA
2025-10-07,184.80429077148438,188.8191743935438,183.76562222076905,185.99277739696944,140088000,NVDA
2025-10-08,188.86911010742188,189.35849142592937,186.30237648821537,186.33235229407293,130168900,NVDA
2025-10-09,192.32470703125,195.05122522476873,190.816620752273,191.9851285494953,182997200,NVDA
2025-10-10,182.92669677734375,195.37081685366852,181.81811007166195,193.26350393527704,268774400,NVDA
2025-10-13,188.08013916015625,189.86785248459339,185.72314454487463,187.73057886865314,153482800,NVDA
2025-10-14,179.80067443847656,184.56460262310264,179.47109296765566,184.5346420566055,205641400,NVDA
2025-10-15,179.60093688964844,184.63451030281777,177.06416377208902,184.56460739230218,214450500,NVDA
2025-10-16,181.57839965820312,183.04652832403656,179.5410050089342,181.99786281424815,179723300,NVDA
2025-10-17,182.9866180419922,183.86550198639478,179.52103686227596,179.9504818191574,173135200,NVDA
2025-10-20,182.4073486328125,184.96408521149223,181.4985041529273,182.89672994644732,128544700,NVDA
2025-10-21,180.9292449951172,182.55715836486127,179.5709767314294,182.55715836486127,124240200,NVDA
2025-10-22,180.05035400390625,183.20633238125785,176.53483359319367,180.9092591258601,162249600,NVDA
2025-10-23,181.92796325683594,182.7968501503985,179.5609718650331,180.19017423035882,111363700,NVDA
2025-10-24,186.02273559570312,187.23120099697576,183.26625678365264,183.6058200325102,131296700,NVDA
2025-10-27,191.24609375,191.75543864774096,188.18997864549505,189.74800438556454,153452700,NVDA
2025-10-28,200.77392578125,202.8912204382634,191.66554775855593,192.8040950113927,297986200,NVDA
2025-10-29,206.77627563476562,211.9197249544373,204.51915980095313,207.715080745974,308829600,NVDA
2025-10-30,202.63156127929688,205.89740027142088,201.1534507471854,204.88867704045037,178864400,NVDA
2025-10-31,202.23207092285156,207.70508615602077,201.81260775338424,206.18701808603035,179802200,NVDA
2025-11-03,206.61648559570312,211.07079600988305,205.2981596683369,207.8149540137207,180267300,NVDA
2025-11-04,198.43690490722656,203.71017785907821,197.67786326579136,202.7414122562426,188919300,NVDA
2025-11-05,194.9613494873047,202.66152000582164,194.40205001057666,198.51681234435117,171350300,NVDA
2025-11-06,187.84043884277344,197.3682807609907,186.14260723026618,196.16981228388872,223029800,NVDA
2025-11-07,187.91030883789062,188.08010568481336,178.682089465448,184.66444902638756,264942300,NVDA
2025-11-10,198.7964630126953,199.68532876518447,193.5431531870904,194.8614791513322,198897100,NVDA
2025-11-11,192.91395568847656,195.17107140540628,191.05632435423007,194.91140808059743,176483300,NVDA
2025-11-12,193.55313110351562,195.64046510157328,190.8865341091802,195.47068348463264,154935300,NVDA
2025-11-13,186.62197875976562,191.1961465947379,183.61581837719615,190.8066439854392,207423100,NVDA
2025-11-14,189.92774963378906,190.76667594021126,180.34996953708986,182.62706393415107,186591900,NVDA
2025-11-17,186.36231994628906,188.75925679396335,184.08522536919267,185.73311754704963,173628900,NVDA
2025-11-18,181.1289825439453,184.5646030780414,179.42115405263684,183.14641371605563,213598900,NVDA
2025-11-19,186.28240966796875,187.62069907956393,182.5971076589588,184.5546024199349,247246400,NVDA
2025-11-20,180.40989685058594,195.7503316108911,179.62090987236718,195.70039225393623,343504800,NVDA
2025-11-21,178.6521453857422,184.32490281868388,172.70971237567008,181.00913979899244,346926200,NVDA
2025-11-24,182.31747436523438,183.26626122561635,176.25519889972114,179.2613745727385,256618300,NVDA
2025-11-25,177.593505859375,177.9330691207534,169.3340356551,174.68720886729724,320600300,NVDA
2025-11-26,180.03036499023438,182.67699835309762,178.01294919921247,181.39863013804072,183852000,NVDA
2025-11-28,176.7745361328125,179.0616124091028,176.27517303639212,178.7819702942556,121332800,NVDA
2025-12-01,179.69081115722656,180.07033197943204,173.45875435362808,174.5373804488289,188131000,NVDA
2025-12-02,181.22886657714844,185.4235136530611,179.7707195907086,181.52847225165078,182632200,NVDA
2025-12-03,179.3612518310547,182.21760964702736,178.88186747602086,180.84935949817796,165138000,NVDA
2025-12-04,183.15660095214844,184.29521152983364,179.7407692190929,181.39873533031871,167364900,NVDA
2025-12-05,182.1877899169922,184.43504894381925,180.6896172324408,183.66598269849337,143971100,NVDA
2025-12-08,185.323974609375,187.7709870845105,182.17780264974235,182.41751577930148,204378100,NVDA
2025-12-09,184.7446746826172,185.4937610485011,183.09669077375298,185.33395229946427,144719700,NVDA
2025-12-10,183.55612182617188,185.2540478736652,181.8182359713298,184.74467463147755,162785400,NVDA
2025-12-11,180.70957946777344,181.09911899111663,176.40483245042134,180.060377409269,182136600,NVDA
2025-12-12,174.80679321289062,182.59729422559735,174.40727135263347,180.88937065842447,204274900,NVDA
2025-12-15,176.07522583007812,178.20263580820242,174.81676632707214,177.72322484137152,164775600,NVDA
2025-12-16,177.5034942626953,178.27256047932946,174.686922405521,176.04526619844617,148588100,NVDA
2025-12-17,170.73175048828125,175.91543007880585,170.10251312474713,175.88546784627562,222775500,NVDA
2025-12-18,173.9278564453125,175.93540231223645,171.6106906687844,174.3173807251694,176096000,NVDA
2025-12-19,180.76953125,181.22896236326454,176.12518653595592,176.4547863729682,324925900,NVDA
2025-12-22,183.4662322998047,183.935660967629,182.1278683380167,183.6959478478248,129064400,NVDA
2025-12-23,188.97952270507812,189.09937165158402,182.67719635774475,182.74711840334103,174873600,NVDA
2025-12-24,188.38023376464844,188.67987134928,186.36269028434322,187.71105179508496,65528500,NVDA
2025-12-26,190.2978973388672,192.45526970950266,187.7709805748158,189.68863982420257,139740300,NVDA
2025-12-29,187.99070739746094,188.53004285167208,185.68352392965699,187.4813341773615,120006100,NVDA
2025-12-30,187.31153869628906,188.75978454971104,186.70228116711607,188.01069817319677,97687300,NVDA
2025-12-31,186.27279663085938,190.32784810299728,186.26281429981768,189.33906392286715,120100500,NVDA
2026-01-02,188.6199493408203,192.69496568024334,188.03065649528438,189.60873357074172,148240500,NVDA
2026-01-05,187.89083862304688,193.39413642527967,185.9232371396652,191.52640398377517,183529700,NVDA
2026-01-06,187.0119171142578,191.935904267691,186.5924305704924,190.2879203285983,176862600,NVDA
2026-01-07,188.87962341308594,191.13686475404677,186.3327268208183,188.34028795646717,153543200,NVDA
2026-01-08,184.8145751953125,189.31909080925226,183.4862088297309,188.87962438445808,172457000,NVDA
2026-01-09,184.63479614257812,186.1129888751533,183.44624341374129,184.8545293482555,131327500,NVDA
2026-01-12,184.71470642089844,186.89204340473577,182.79704721562317,182.99680052530172,137968500,NVDA
2026-01-13,185.58364868164062,187.88084992986475,183.17658082293008,184.7746378408776,160128900,NVDA
2026-01-14,182.91690063476562,184.2352999433054,180.57975484984624,184.0954710990846,159586100,NVDA
2026-01-15,186.82212829589844,189.46889382188115,186.10300422087673,186.2727952885624,206188600,NVDA
2026-01-16,186.0031280517578,190.20800608356458,185.85331687968656,188.84966224271636,187967200,NVDA
2026-01-20,177.85308837890625,182.15783564218773,177.39364202987932,181.67840938923754,223345300,NVDA
2026-01-21,183.09669494628906,185.15418310637224,178.18267486272933,178.8318922054109,200381000,NVDA
2026-01-22,184.6148223876953,185.94320399708803,183.70592730123704,184.52493568425237,139636600,NVDA
2026-01-23,187.44137573242188,189.3690325020707,186.59242035942677,187.27158465782284,142748100,NVDA
2026-01-26,186.2428436279297,188.88960930416175,185.76343263076708,186.93200550896393,124799600,NVDA
2026-01-27,188.29034423828125,189.76853699604698,185.47377232125424,187.01190478720812,143711600,NVDA
2026-01-28,191.28668212890625,192.1156727976695,189.60872088942648,191.0369866951896,148552700,NVDA
2026-01-29,192.27548217773438,193.244301759811,185.83334250366076,191.10690928022157,171764400,NVDA
2026-01-30,190.8971710205078,194.25307849059112,189.23918956869622,190.97707539362895,179489500,NVDA
2026-02-02,185.38388061523438,190.06816944570554,184.65477420739685,186.97193993484487,165794100,NVDA
2026-02-03,180.12030029296875,186.04308409913696,176.01530661894333,186.01312186532803,204019600,NVDA
2026-02-04,173.97781372070312,179.36124730830178,171.70059231104517,179.241398362594,207014100,NVDA
2026-02-05,171.67062377929688,176.60460839935587,170.8216531377948,174.7168961324724,206312900,NVDA
2026-02-06,185.18414306640625,186.77220252110314,174.38731390455436,176.4747642750831,231346200,NVDA
2026-02-09,189.80848693847656,193.42408742490235,183.7259094221984,184.03552934237337,196387400,NVDA
2026-02-10,188.31031799316406,192.24552080983682,187.89083145679504,191.1468699498802,136764800,NVDA
2026-02-11,189.81849670410156,193.02457795983298,188.54005713468442,192.21556708670826,144192700,NVDA
2026-02-12,186.7122802734375,193.3741533411549,186.28279615580217,192.79485804306626,189932500,NVDA
2026-02-13,182.58729553222656,187.27158453858374,181.36878053627944,187.25160463564347,161888000,NVDA
2026-02-17,184.7446746826172,186.92201173748992,178.9617194034806,181.5285959992061,162276900,NVDA
2026-02-18,187.75099182128906,190.13807962880853,186.53247684939709,188.52005804720127,164749100,NVDA
2026-02-19,187.6710968017578,188.20044994409497,185.43383529156333,186.8321237354349,126554500,NVDA
2026-02-20,189.58877563476562,190.09814888521723,185.71349722992974,186.342734664171,178422300,NVDA
2026-02-23,191.316650390625,193.71372053376285,189.34904909171755,191.1668239815537,171584800,NVDA
2026-02-24,192.61508178710938,193.53395924081437,187.171708627792,191.2567378902843,175123600,NVDA
2026-02-25,195.32176208496094,197.38924768090467,193.5539140704845,194.2131137016724,250637100,NVDA
2026-02-26,184.66476440429688,194.0533071271398,184.09546670933034,194.03334246429932,360807900,NVDA
2026-02-27,176.97415161132812,182.36756729714082,176.1651407824763,181.0292033274304,311636500,NVDA
2026-03-02,182.25770568847656,183.2365228635074,174.42725972943845,174.79680413295333,209095300,NVDA
2026-03-03,179.83065795898438,180.67961330625172,176.70446619030554,178.27256086028186,178099400,NVDA
2026-03-04,182.8170166015625,184.47499807110998,179.84065106191534,180.22019302825058,177731200,NVDA
2026-03-05,183.11663818359375,183.83576224630102,177.6632984882966,180.94928366467312,198779700,NVDA
2026-03-06,177.6033935546875,182.53736302725528,176.6046117177772,179.62092189230134,189021900,NVDA
2026-03-09,182.427490234375,182.68718325690133,175.34613090826778,176.61458806542097,177213600,NVDA
2026-03-10,184.54490661621094,186.21287029543888,181.78825925636124,182.17778352587916,179118500,NVDA
2026-03-11,185.8134307861328,187.40157611978597,184.23526832414757,185.6935753620157,145280400,NVDA
2026-03-12,182.9268035888672,184.72471123223085,181.53842231669145,183.83574790315467,155762700,NVDA
2026-03-13,180.0401611328125,185.87335881208497,179.73052445930352,184.70472270189353,160988400,NVDA
2026-03-16,183.0067138671875,188.66012868968363,181.19882333613754,182.7570048934839,217307400,NVDA
2026-03-17,181.71820068359375,185.1841623368753,181.4684917186082,184.8445618023411,182497800,NVDA
2026-03-18,180.1899871826172,183.16652908726184,180.12007659614625,182.26756764801692,156683100,NVDA
2026-03-19,178.3521270751953,179.77047215436778,175.5853475010711,177.80276430906588,170968500,NVDA
2026-03-20,172.4989471435547,178.05247199547227,171.52009228430225,177.79278016290237,241323500,NVDA
2026-03-23,175.43553161621094,178.16234927411983,174.55655117338722,177.0536408486584,182836300,NVDA
2026-03-24,174.99603271484375,176.01484951930743,173.777451794472,174.6264683383626,147667800,NVDA
2026-03-25,178.47198486328125,181.00903649280792,176.64412864426953,176.89383761026875,162602100,NVDA
2026-03-26,171.04066467285156,176.30451888215924,170.9407749866337,175.86504388946904,186152200,NVDA
2026-03-27,167.32498168945312,170.77096223786808,166.81556566439232,169.80209026823204,196212700,NVDA
2026-03-30,164.97772216796875,169.25273855906806,164.07877596313077,168.58352034150624,185627000,NVDA
2026-03-31,174.1969757080078,174.41672082635512,166.7656493784466,166.77563225072552,226181300,NVDA
2026-04-01,175.54541015625,177.16351944386196,174.54657425208924,175.79511913229018,168132000,NVDA
2026-04-02,177.18348693847656,177.28337661769746,171.170490985778,171.97954556798163,143143200,NVDA
2026-04-06,177.43319702148438,177.58301630024127,175.55538077559635,176.953760088437,107564300,NVDA
2026-04-07,177.89266967773438,178.0225079733855,173.4578360976707,175.52541836668527,132534900,NVDA
2026-04-08,181.8680419921875,185.0443328296099,180.09011531444295,184.28522303450282,147732700,NVDA
2026-04-09,183.69590759277344,183.86570786090292,180.40972906189933,181.6283100364998,116428500,NVDA
2026-04-10,188.41041564941406,189.77881591864653,184.08545448929232,184.09543736125556,160459500,NVDA
2026-04-13,189.08961486816406,189.43921351677633,185.52377876103736,185.81343445538195,133648200,NVDA
2026-04-14,196.28123474121094,196.28123474121094,190.54792650193752,190.61783708872017,161307000,NVDA
2026-04-15,198.63848876953125,200.166706463506,195.5121427945441,196.31119931453722,185338400,NVDA
2026-04-16,198.1190948486328,199.6173486077875,195.58204328148997,197.20015246424893,134012900,NVDA
2026-04-17,201.44520568847656,201.46518667284232,199.03802288778024,199.66727910555997,160324400,NVDA
2026-04-20,201.82476806640625,201.9346406188145,197.6096795882359,199.7471876833392,119381400,NVDA
2026-04-21,199.64732360839844,202.51397775047528,198.76834314349978,201.89470437258373,107945300,NVDA
2026-04-22,202.26426696777344,202.26426696777344,198.76834136586132,200.75603026628932,107501000,NVDA
2026-04-23,199.4075927734375,203.59271751351986,196.99041179336916,202.22431724671497,113561800,NVDA
2026-04-24,208.0275421142578,210.70441481695215,199.57738430538978,199.72721882416832,214134400,NVDA
2026-04-27,216.3578338623047,216.5775789683675,207.13858324348888,209.4059296471886,187172400,NVDA
2026-04-28,212.92184448242188,214.4800260296235,207.95762889823203,209.24613572912838,180275400,NVDA
2026-04-29,209.00640869140625,212.47237042757808,207.33835459433345,212.4523894424142,123711800,NVDA
2026-04-30,199.33767700195312,210.05518135667162,198.46867945247158,209.68560172993963,225239200,NVDA
2026-05-01,198.21897888183594,202.76368521944246,196.89052532216473,201.0456862731779,128647000,NVDA
2026-05-04,198.24893188476562,201.49514834231712,194.51329562325486,199.26774870200734,125368100,NVDA
2026-05-05,196.271240234375,200.00689171848026,195.80178617585554,199.06798360144137,113406600,NVDA
2026-05-06,207.5880584716797,208.0275486883452,198.37879062945476,199.65729931010404,188362800,NVDA
2026-05-07,211.2537841796875,213.95063795079753,206.25960488465944,208.0974592073836,168307900,NVDA
2026-05-08,214.94947814941406,217.5464575316693,212.642169707093,212.7820061205359,136421400,NVDA
2026-05-11,219.18453979492188,222.04121091513153,213.64099781886503,213.79081709888328,160685800,NVDA
2026-05-12,220.52297973632812,223.48952345691538,214.6698009927987,218.29558003818886,159176600,NVDA
2026-05-13,225.56710815429688,227.57476278227756,221.3120728008497,224.6681467194947,150405400,NVDA
2026-05-14,235.465576171875,236.26463268418732,229.03307065698914,229.58243343997336,180782900,NVDA
2026-05-15,225.05770874023438,231.23050718880455,223.97896415639156,229.49252726355346,180977600,NVDA
2026-05-18,222.0612030029297,229.7322553439391,218.1157890335498,229.60240180074675,146280900,NVDA
2026-05-19,220.35317993164062,224.21866983705235,217.6563261548179,219.36432694236115,140948200,NVDA
2026-05-20,223.20985412597656,225.8667612103758,220.2433103590018,222.9201831873553,184201600,NVDA
2026-05-21,219.25445556640625,227.13526994336974,217.6762930684293,222.03121805596584,203381800,NVDA
2026-05-22,215.07933044433594,220.75271088945502,214.54994865072538,220.64283833374193,169275700,NVDA
2026-05-26,214.60987854003906,217.92600574795006,211.75320730356688,216.28791550863897,187202600,NVDA
2026-05-27,212.35250854492188,213.90069192498567,208.53694826896,213.87072806866348,167601200,NVDA
2026-05-28,214.00057983398438,215.2691056248748,210.97410844231206,211.03403615445995,143996000,NVDA
2026-05-29,210.8942108154297,217.6063892667686,210.88422794322287,214.33020874183248,289410600,NVDA
2026-06-01,224.09881591796875,224.60821672379726,215.44889364463796,215.47885750139108,212850700,NVDA
2026-06-02,222.56060791015625,232.00958636747916,221.09231801448135,226.91551751623658,193362900,NVDA
2026-06-03,214.5,222.56061267075634,214.2602739078757,221.46188713313538,160907000,NVDA
2026-06-04,218.66000366210938,221.60000610351562,210.97000122070312,213.91000366210938,169022200,NVDA
2026-06-05,205.10000610351562,214.8699951171875,204.3300018310547,214.52999877929688,219655500,NVDA
2026-06-08,208.63999938964844,210.47000122070312,206.0,210.17999267578125,138372800,NVDA
2026-06-09,208.19000244140625,211.39999389648438,199.33999633789062,210.6199951171875,180962500,NVDA
2026-06-10,200.4199981689453,207.22000122070312,199.9199981689453,204.42999267578125,161746600,NVDA
2026-06-11,204.8699951171875,205.66000366210938,199.5399932861328,201.49000549316406,158643200,NVDA
2026-06-12,205.19000244140625,207.07000732421875,203.44000244140625,204.86000061035156,112001800,NVDA
2026-06-15,212.4499969482422,212.7100067138672,208.33999633789062,208.9199981689453,149936700,NVDA
2026-06-16,207.41000366210938,211.49000549316406,207.2899932861328,211.17999267578125,125694100,NVDA
2026-06-17,204.64999389648438,209.2100067138672,203.0800018310547,208.52999877929688,128363500,NVDA
2026-06-18,210.69000244140625,211.38999938964844,206.5,207.3300018310547,241272000,NVDA
2026-06-22,208.64999389648438,213.99000549316406,207.72000122070312,211.44000244140625,122041400,NVDA
2026-06-23,200.0399932861328,203.77000427246094,200.0,202.1699981689453,153496200,NVDA
2026-06-24,199.0,201.6699981689453,196.5800018310547,200.1199951171875,151810700,NVDA
2026-06-25,195.74000549316406,200.8000030517578,192.1300048828125,200.0800018310547,149550000,NVDA
2026-06-26,192.52999877929688,195.5500030517578,191.22000122070312,193.1199951171875,179304100,NVDA
2026-06-29,194.97000122070312,196.17999267578125,189.8000030517578,193.85000610351562,148835700,NVDA
2026-06-30,200.08999633789062,200.6300048828125,195.11000061035156,197.24000549316406,166476700,NVDA
2026-07-01,197.5800018310547,199.85000610351562,193.4499969482422,196.1999969482422,146147600,NVDA
2026-07-02,194.8300018310547,200.05999755859375,192.35000610351562,197.13999938964844,142068700,NVDA
2026-07-06,195.5500030517578,197.5500030517578,193.99000549316406,194.4199981689453,108999000,NVDA
2026-07-07,196.92999267578125,198.41000366210938,191.13999938964844,192.3699951171875,124154600,NVDA
2026-07-08,204.1199951171875,205.16000366210938,195.05999755859375,195.17999267578125,147419100,NVDA
2026-07-09,202.77999877929688,204.58999633789062,198.9600067138672,204.4600067138672,132037400,NVDA
2026-07-10,210.9600067138672,211.0,201.9199981689453,202.0,148421000,NVDA
2026-07-13,203.52999877929688,210.57000732421875,203.0,208.5399932861328,121411000,NVDA
2026-07-14,211.8000030517578,212.5500030517578,203.8000030517578,208.1999969482422,124379600,NVDA
2026-07-15,212.5,213.80999755859375,206.0399932861328,211.9600067138672,124797200,NVDA
2026-07-16,207.39999389648438,211.0800018310547,205.85000610351562,210.1699981689453,122986100,NVDA
2026-07-17,202.80999755859375,206.64999389648438,197.97000122070312,202.63999938964844,144281900,NVDA
2026-07-20,203.27999877929688,207.74000549316406,202.27999877929688,205.8699951171875,88701500,NVDA
2026-07-21,207.2899932861328,208.64999389648438,204.00999450683594,207.5399932861328,108685600,NVDA
2026-07-22,212.05999755859375,214.38999938964844,204.9499969482422,205.80999755859375,137645600,NVDA
2026-07-23,208.75999450683594,210.8699951171875,205.9600067138672,209.4600067138672,110505300,NVDA
2026-07-24,206.83999633789062,211.91000366210938,204.80999755859375,207.4499969482422,114836800,NVDA
2026-07-27,196.50999450683594,208.75,195.44000244140625,208.1999969482422,154353700,NVDA
2026-07-28,197.00999450683594,198.6999969482422,192.74000549316406,195.0,134111500,NVDA
2026-07-29,190.00999450683594,197.07000732421875,190.00999450683594,195.85000610351562,147680800,NVDA
2026-07-30,195.0399932861328,197.25,191.52000427246094,193.4499969482422,129010200,NVDA
2026-07-31,200.75,202.0,194.9499969482422,198.44000244140625,139961200,NVDA
2026-08-03,206.63999938964844,208.74000549316406,196.85000610351562,197.69000244140625,128406900,NVDA
2026-08-04,211.94000244140625,213.05999755859375,209.0500030517578,211.3000030517578,134922000,NVDA
2026-08-05,219.22000122070312,222.22000122070312,216.39999389648438,216.86000061035156,158187400,NVDA
2026-08-06,218.99000549316406,223.6300048828125,217.0,221.52999877929688,113686000,NVDA
2026-08-07,222.5800018310547,224.75999450683594,220.66000366210938,221.5850067138672,55210385,NVDA
